max_score,draw_margin,outcome_weight,gd_weight,prior_weight,mode,AW-MAE,MAE_raw_component,exact_acc,outcome_acc,goal_diff_acc
6,0.0,0.35,0.03,0.06,outcome_aware,3.002770884133499,1.027324658838464,0.09704855601396382,0.580704538241828,0.22818152967311964
7,0.0,0.35,0.03,0.06,outcome_aware,3.003076461913215,1.0275468105363377,0.09685814027292923,0.580704538241828,0.22799111393208504
5,0.0,0.35,0.03,0.06,outcome_aware,3.0048162418942304,1.0281497937162805,0.09641383687718184,0.580704538241828,0.22780069819105045
6,0.0,0.35,0.0,0.06,outcome_aware,3.004891295281379,1.0301174230403047,0.09558870199936528,0.5815931450333227,0.22596001269438273
6,0.0,0.35,0.06,0.03,outcome_aware,3.0049109639523555,1.0271977150111076,0.09717549984132022,0.5802602348460806,0.22830847350047603
7,0.0,0.35,0.0,0.06,outcome_aware,3.005094928087385,1.0303395747381783,0.09533481434465249,0.5815931450333227,0.22570612503966994
6,0.0,0.35,0.03,0.03,outcome_aware,3.0051868446154923,1.0287845128530626,0.09603300539511267,0.5810853697238971,0.22564265312599174
7,0.0,0.35,0.06,0.03,outcome_aware,3.005243931898714,1.0274198667089813,0.09698508410028563,0.5802602348460806,0.22811805775944144
7,0.0,0.35,0.03,0.03,outcome_aware,3.0053409303456573,1.028974928594097,0.09584258965407808,0.5810853697238971,0.22545223738495715
6,0.0,0.35,0.1,0.06,outcome_aware,3.006779393332518,1.0239606474135194,0.09806410663281498,0.57429387496033,0.23014915899714378
6,0.0,0.35,0.06,0.0,outcome_aware,3.0067952858798637,1.0284671532846716,0.09635036496350365,0.5808949539828626,0.22653125991748652
6,0.0,0.35,0.06,0.06,outcome_aware,3.006975594327321,1.0258965407807046,0.0974928594097112,0.5779117740399873,0.22881624880990162
7,0.0,0.35,0.06,0.0,outcome_aware,3.0069936847284833,1.028657569025706,0.09622342113614725,0.5808949539828626,0.22640431609013012
5,0.0,0.35,0.0,0.06,outcome_aware,3.0071257608410127,1.0310377657886385,0.0948905109489051,0.5815931450333227,0.22551570929863535
6,0.0,0.35,0.06,0.01,outcome_aware,3.0072602517650484,1.0278959060615678,0.09685814027292923,0.5805775944144715,0.2271025071405903
7,0.0,0.35,0.1,0.06,outcome_aware,3.007303906626677,1.0242145350682323,0.09787369089178038,0.57429387496033,0.22995874325610918
7,0.0,0.35,0.06,0.06,outcome_aware,3.0073432840463155,1.0261186924785781,0.09730244366867662,0.5779117740399873,0.22862583306886702
5,0.0,0.35,0.06,0.03,outcome_aware,3.0073703242356538,1.0281497937162805,0.09654078070453824,0.5802602348460806,0.22805458584576324
7,0.0,0.35,0.06,0.01,outcome_aware,3.0076395359346253,1.0281497937162805,0.09673119644557283,0.5805775944144715,0.2269755633132339
5,0.0,0.35,0.03,0.03,outcome_aware,3.0076624335541915,1.0298000634719138,0.09539828625833069,0.5810853697238971,0.22538876547127895
6,0.0,0.35,0.03,0.01,outcome_aware,3.0076731771013443,1.0299270072992701,0.09571564582672168,0.5821643922564266,0.22519834973024436
6,0.0,0.35,0.1,0.03,outcome_aware,3.0077795659425246,1.0252300856870835,0.09736591558235481,0.5756267851475722,0.2293240241193272
7,0.0,0.35,0.03,0.01,outcome_aware,3.007980746307476,1.0301491589971437,0.09558870199936528,0.5821643922564266,0.22507140590288796
7,0.0,0.35,0.1,0.03,outcome_aware,3.008110373916248,1.025452237384957,0.09723897175499842,0.5756267851475722,0.2291970802919708
6,0.0,0.35,0.1,0.01,outcome_aware,3.0081234799846173,1.0260869565217392,0.09692161218660743,0.5772135829895272,0.22881624880990162
7,0.0,0.35,0.1,0.01,outcome_aware,3.0083076615767506,1.0262456363059347,0.09685814027292923,0.5772135829895272,0.22875277689622342
6,0.0,0.35,0.1,0.0,outcome_aware,3.0083815837116314,1.0269120913995557,0.09654078070453824,0.5778483021263091,0.22881624880990162
7,0.0,0.35,0.1,0.0,outcome_aware,3.008523916415494,1.0270707711837512,0.09647730879086004,0.5778483021263091,0.22875277689622342
6,0.0,0.35,0.0,0.03,outcome_aware,3.0086323487755706,1.0318946366232942,0.0950174547762615,0.5831799428752776,0.2245636305934624
7,0.0,0.35,0.0,0.03,outcome_aware,3.0090120598796695,1.032148524278007,0.0948270390352269,0.5831799428752776,0.2243732148524278
5,0.0,0.35,0.06,0.06,outcome_aware,3.00902352637164,1.0267534116153603,0.09685814027292923,0.5779117740399873,0.22849888924151063
5,0.0,0.35,0.1,0.06,outcome_aware,3.0094510577164577,1.0250079339892098,0.0974928594097112,0.57429387496033,0.22995874325610918
5,0.0,0.35,0.06,0.0,outcome_aware,3.009696467999163,1.0296096477308792,0.09571564582672168,0.5808949539828626,0.22627737226277372
5,0.0,0.35,0.06,0.01,outcome_aware,3.009851263741897,1.028911456680419,0.09628689304982545,0.5805775944144715,0.2269120913995557
5,0.0,0.35,0.03,0.01,outcome_aware,3.010351209289602,1.0310377657886385,0.0950809266899397,0.5821643922564266,0.22494446207553156
6,0.0,0.35,0.0,0.01,outcome_aware,3.0103602060206245,1.0330371310695017,0.09355760076166296,0.5838146620120597,0.22234211361472547
6,0.0,0.35,0.03,0.0,outcome_aware,3.0104645572792457,1.0311012377023168,0.0948270390352269,0.5819105046017138,0.22424627102507141
7,0.0,0.35,0.03,0.0,outcome_aware,3.0107126124502805,1.0313233894001905,0.09470009520787051,0.5819105046017138,0.22411932719771502
7,0.0,0.35,0.0,0.01,outcome_aware,3.010717431549172,1.0332910187242146,0.09343065693430656,0.5838146620120597,0.22221516978736908
6,0.0,0.35,0.0,0.0,outcome_aware,3.0108228194229842,1.0337035861631227,0.09311329736591559,0.5843224373214853,0.2220247540463345
5,0.0,0.35,0.1,0.03,outcome_aware,3.0108646093533133,1.0264677880038082,0.09673119644557283,0.5756267851475722,0.2290701364646144
5,0.0,0.35,0.1,0.01,outcome_aware,3.0109099369133956,1.0271659790542684,0.09628689304982545,0.5772135829895272,0.22856236115518883
7,0.0,0.35,0.0,0.0,outcome_aware,3.011070874594019,1.0339257378609965,0.09298635353855919,0.5843224373214853,0.22189781021897811
5,0.0,0.35,0.1,0.0,outcome_aware,3.011092379594044,1.027991113932085,0.09590606156775627,0.5778483021263091,0.22856236115518883
5,0.0,0.35,0.0,0.03,outcome_aware,3.011392339166233,1.0330053951126625,0.09438273563947953,0.5831799428752776,0.22424627102507141
6,0.1,0.35,0.03,0.06,outcome_aware,3.0119048994681523,1.026372580133291,0.097429387496033,0.5761345604569977,0.2290701364646144
7,0.1,0.35,0.03,0.06,outcome_aware,3.0122104772478684,1.0265947318311648,0.09723897175499842,0.5761345604569977,0.22887972072357982
6,0.2,0.35,0.1,0.06,outcome_aware,3.012716042861631,1.020596635988575,0.09958743256109172,0.5689622342113615,0.23306886702634083
5,0.0,0.35,0.0,0.01,outcome_aware,3.0128749549812675,1.0340526816883528,0.09292288162488099,0.5838146620120597,0.22208822596001268
5,0.0,0.35,0.03,0.0,outcome_aware,3.0131306131086824,1.032180260234846,0.09419231989844494,0.5819105046017138,0.22399238337035862
7,0.2,0.35,0.1,0.06,outcome_aware,3.0132405561557896,1.0208505236432879,0.09939701682005712,0.5689622342113615,0.23287845128530626
5,0.0,0.35,0.0,0.0,outcome_aware,3.0134764611718174,1.0347826086956522,0.0924785782291336,0.5843224373214853,0.22177086639162172
5,0.1,0.35,0.03,0.06,outcome_aware,3.013950257228884,1.0271977150111076,0.09679466835925103,0.5761345604569977,0.22868930498254522
6,0.1,0.35,0.06,0.03,outcome_aware,3.0140634270930677,1.026372580133291,0.09761980323706759,0.5760076166296414,0.2291970802919708
6,0.2,0.35,0.1,0.03,outcome_aware,3.0142161583171205,1.0216439225642653,0.09901618533798794,0.5699143129165344,0.23230720406220248
6,0.1,0.35,0.1,0.06,outcome_aware,3.0143450867424457,1.0233576642335767,0.09831799428752777,0.5712472231037766,0.23059346239289114
7,0.1,0.35,0.06,0.03,outcome_aware,3.014396395039426,1.0265947318311648,0.097429387496033,0.5760076166296414,0.2290066645509362
6,0.2,0.35,0.03,0.06,outcome_aware,3.0144963076645652,1.0227864170104728,0.09869882576959696,0.5714376388448111,0.2318629006664551
7,0.2,0.35,0.1,0.03,outcome_aware,3.014546966290844,1.021866074262139,0.09888924151063154,0.5699143129165344,0.2321802602348461
7,0.2,0.35,0.03,0.06,outcome_aware,3.0148018854442813,1.0230085687083466,0.09850841002856237,0.5714376388448111,0.2316724849254205
6,0.2,0.35,0.06,0.06,outcome_aware,3.014828734089837,1.0218343383053,0.09920660107902253,0.5703586163122818,0.2321167883211679
7,0.1,0.35,0.1,0.06,outcome_aware,3.0148696000366044,1.0236115518882893,0.09812757854649318,0.5712472231037766,0.23040304665185654
6,0.1,0.35,0.1,0.03,outcome_aware,3.014913193471819,1.024468422722945,0.09774674706442399,0.5725166613773405,0.2298317994287528
6,0.1,0.35,0.0,0.06,outcome_aware,3.015113854229115,1.0288797207235798,0.09622342113614725,0.5767058076801016,0.2272929228816249
6,0.2,0.35,0.06,0.03,outcome_aware,3.0151450314611403,1.0230403046651857,0.09882576959695334,0.5715645826721676,0.2315455410980641
7,0.2,0.35,0.06,0.06,outcome_aware,3.0151964238088325,1.0220564900031737,0.09901618533798794,0.5703586163122818,0.2319263725801333
7,0.1,0.35,0.1,0.03,outcome_aware,3.0152440014455424,1.0246905744208188,0.09761980323706759,0.5725166613773405,0.2297048556013964
7,0.1,0.35,0.0,0.06,outcome_aware,3.0153174870351207,1.0291018724214536,0.09596953348143447,0.5767058076801016,0.2270390352269121
5,0.2,0.35,0.1,0.06,outcome_aware,3.01538770724557,1.0216439225642653,0.09901618533798794,0.5689622342113615,0.23287845128530626
7,0.2,0.35,0.06,0.03,outcome_aware,3.015477999407499,1.0232624563630592,0.09863535385591876,0.5715645826721676,0.2313551253570295
6,0.1,0.35,0.06,0.0,outcome_aware,3.015718068889728,1.027610282450016,0.09679466835925103,0.576515391939067,0.2274833386226595
6,0.1,0.35,0.1,0.01,outcome_aware,3.0157675317965627,1.025388765471279,0.09717549984132022,0.5736591558235481,0.2291970802919708
6,0.1,0.35,0.06,0.06,outcome_aware,3.0158385708211783,1.025134877816566,0.09793716280545858,0.5738495715645827,0.22957791177404
7,0.1,0.35,0.06,0.0,outcome_aware,3.015916467738347,1.0278006981910504,0.09666772453189464,0.576515391939067,0.2273563947953031
7,0.1,0.35,0.1,0.01,outcome_aware,3.015951713388695,1.0255474452554745,0.09711202792764202,0.5736591558235481,0.2291336083782926
7,0.1,0.35,0.06,0.06,outcome_aware,3.0162062605401734,1.0253570295144399,0.09774674706442399,0.5738495715645827,0.2293874960330054
6,0.2,0.35,0.1,0.01,outcome_aware,3.016238541296762,1.0225325293557601,0.09850841002856237,0.5704855601396382,0.2316724849254205
6,0.2,0.35,0.03,0.01,outcome_aware,3.016277815488931,1.0242145350682323,0.09774674706442399,0.5723897175499841,0.23021263091082197
7,0.2,0.35,0.1,0.01,outcome_aware,3.0164227228888953,1.0226912091399556,0.09844493811488417,0.5704855601396382,0.2316090130117423
6,0.2,0.35,0.0,0.06,outcome_aware,3.0165071780129336,1.024119327197715,0.09793716280545858,0.5717549984132022,0.2312916534433513
5,0.1,0.35,0.06,0.03,outcome_aware,3.016522787376366,1.027324658838464,0.09698508410028563,0.5760076166296414,0.22894319263725801
5,0.2,0.35,0.03,0.06,outcome_aware,3.0165416654252963,1.0236115518882893,0.09806410663281498,0.5714376388448111,0.2314820691843859
7,0.2,0.35,0.03,0.01,outcome_aware,3.016585384695063,1.024436686766106,0.09761980323706759,0.5723897175499841,0.23008568708346558
7,0.2,0.35,0.0,0.06,outcome_aware,3.016710810818939,1.0243414788955887,0.09768327515074579,0.5717549984132022,0.23103776578863852
6,0.1,0.35,0.03,0.03,outcome_aware,3.01678762452415,1.0280228498889241,0.09635036496350365,0.5760710885433196,0.22659473183116471
5,0.2,0.35,0.06,0.06,outcome_aware,3.016876666134157,1.0226912091399556,0.09857188194224056,0.5703586163122818,0.2317994287527769
7,0.1,0.35,0.03,0.03,outcome_aware,3.016941710254315,1.0282132656299587,0.09615994922246905,0.5760710885433196,0.22640431609013012
6,0.2,0.35,0.06,0.0,outcome_aware,3.016943046854864,1.024119327197715,0.09806410663281498,0.5718819422405585,0.23046651856553474
6,0.2,0.35,0.03,0.03,outcome_aware,3.0169458300657537,1.023801967629324,0.09800063471913678,0.5717549984132022,0.23040304665185654
6,0.1,0.35,0.06,0.01,outcome_aware,3.017008786230778,1.0272294509679467,0.09717549984132022,0.5760710885433196,0.22792764201840685
5,0.1,0.35,0.1,0.06,outcome_aware,3.017016751126385,1.024404950809267,0.09774674706442399,0.5712472231037766,0.23040304665185654
7,0.2,0.35,0.03,0.03,outcome_aware,3.0170999157959186,1.0239923833703586,0.09781021897810219,0.5717549984132022,0.23021263091082197
7,0.2,0.35,0.06,0.0,outcome_aware,3.017141445703483,1.0243097429387495,0.09793716280545858,0.5718819422405585,0.23033957473817834
6,0.2,0.35,0.06,0.01,outcome_aware,3.017198880831629,1.0236750238019676,0.09838146620120597,0.5714376388448111,0.23059346239289114
5,0.2,0.35,0.1,0.03,outcome_aware,3.01730120172791,1.0228816248809902,0.09838146620120597,0.5699143129165344,0.2320533164074897
5,0.1,0.35,0.0,0.06,outcome_aware,3.017348319788748,1.0298000634719138,0.09552523008568709,0.5767058076801016,0.2268486194858775
7,0.1,0.35,0.06,0.01,outcome_aware,3.0173880704003553,1.0274833386226594,0.09704855601396382,0.5760710885433196,0.22780069819105045
7,0.2,0.35,0.06,0.01,outcome_aware,3.0175781650012063,1.0239289114566805,0.09825452237384957,0.5714376388448111,0.23046651856553474
5,0.2,0.35,0.06,0.03,outcome_aware,3.017604391744438,1.0239923833703586,0.09819105046017138,0.5715645826721676,0.2312916534433513
6,0.2,0.35,0.0,0.03,outcome_aware,3.0177042863845105,1.0248175182481751,0.09761980323706759,0.5725801332910188,0.23027610282450015
6,0.1,0.35,0.1,0.0,outcome_aware,3.0177332590986192,1.026372580133291,0.09692161218660743,0.5739765153919391,0.2291970802919708
7,0.1,0.35,0.1,0.0,outcome_aware,3.0178755918024818,1.0265312599174865,0.09685814027292923,0.5739765153919391,0.2291336083782926
6,0.2,0.35,0.1,0.0,outcome_aware,3.0178846062109796,1.0233894001904158,0.09825452237384957,0.570739447794351,0.2317994287527769
5,0.1,0.35,0.06,0.06,outcome_aware,3.0178865028654984,1.0259917486512218,0.09730244366867662,0.5738495715645827,0.229260552205649
5,0.1,0.35,0.1,0.03,outcome_aware,3.0179982368826077,1.02570612503967,0.09711202792764202,0.5725166613773405,0.22957791177404
7,0.2,0.35,0.1,0.0,outcome_aware,3.0180269389148426,1.0235480799746113,0.09819105046017138,0.570739447794351,0.2317359568390987
7,0.2,0.35,0.0,0.03,outcome_aware,3.0180839974886093,1.025071405902888,0.097429387496033,0.5725801332910188,0.23008568708346558
6,0.1,0.35,0.03,0.01,outcome_aware,3.018479659010929,1.0290066645509361,0.09603300539511267,0.5772135829895272,0.22646778800380832
5,0.1,0.35,0.1,0.01,outcome_aware,3.01855398872534,1.0264677880038082,0.09654078070453824,0.5736591558235481,0.22894319263725801
5,0.1,0.35,0.06,0.0,outcome_aware,3.018619251009027,1.0287527768962235,0.09615994922246905,0.576515391939067,0.2272294509679467
5,0.2,0.35,0.0,0.06,outcome_aware,3.0187416435725667,1.025039669946049,0.09723897175499842,0.5717549984132022,0.23084735004760393
6,0.3,0.35,0.03,0.06,outcome_aware,3.0187432620304975,1.0168200571247223,0.10092034274833386,0.5643922564265312,0.2360520469692161
7,0.1,0.35,0.03,0.01,outcome_aware,3.0187872282170614,1.02922881624881,0.09590606156775627,0.5772135829895272,0.22634084417645192
5,0.2,0.35,0.03,0.01,outcome_aware,3.0189558476771885,1.0253252935576007,0.09711202792764202,0.5723897175499841,0.22995874325610918
6,0.2,0.35,0.03,0.0,outcome_aware,3.018964940453708,1.0251666137734052,0.09711202792764202,0.5722627737226277,0.2296413836877182
6,0.0,0.2,0.03,0.06,outcome_aware,3.019019619119291,1.0153284671532847,0.10034909552523008,0.5568390986988258,0.23567121548714695
5,0.2,0.35,0.1,0.01,outcome_aware,3.0190249982255404,1.0236115518882893,0.09787369089178038,0.5704855601396382,0.2314185972707077
7,0.3,0.35,0.03,0.06,outcome_aware,3.019048839810214,1.017042208822596,0.10072992700729927,0.5643922564265312,0.23586163122818152
6,0.2,0.35,0.0,0.01,outcome_aware,3.0191965661458577,1.0255157092986353,0.09660425261821644,0.5727070771183751,0.22862583306886702
7,0.2,0.35,0.03,0.0,outcome_aware,3.0192129956247427,1.025388765471279,0.09698508410028563,0.5722627737226277,0.2295144398603618
5,0.1,0.35,0.03,0.03,outcome_aware,3.0192632134628488,1.0290384005077753,0.09571564582672168,0.5760710885433196,0.22634084417645192
7,0.0,0.2,0.03,0.06,outcome_aware,3.019325196899007,1.0155506188511583,0.10015867978419549,0.5568390986988258,0.23548079974611236
5,0.2,0.35,0.03,0.03,outcome_aware,3.0194214190044524,1.0248175182481751,0.09736591558235481,0.5717549984132022,0.23014915899714378
7,0.2,0.35,0.0,0.01,outcome_aware,3.019553791674405,1.0257695969533482,0.09647730879086004,0.5727070771183751,0.22849888924151063
5,0.1,0.35,0.06,0.01,outcome_aware,3.0195997982076266,1.0282450015867979,0.09660425261821644,0.5760710885433196,0.22773722627737225
6,0.3,0.35,0.0,0.06,outcome_aware,3.019637101953502,1.0177086639162172,0.10066645509362107,0.5645826721675659,0.2362424627102507
6,0.0,0.2,0.1,0.06,outcome_aware,3.0197694300032882,1.0147254839733417,0.10098381466201206,0.5556331323389401,0.2368771818470327
5,0.2,0.35,0.06,0.01,outcome_aware,3.019789892808478,1.0246905744208188,0.09781021897810219,0.5714376388448111,0.23040304665185654
7,0.3,0.35,0.0,0.06,outcome_aware,3.0198407347595078,1.0179308156140907,0.10041256743890828,0.5645826721675659,0.2359885750555379
5,0.2,0.35,0.06,0.0,outcome_aware,3.019844228974163,1.0252618216439227,0.097429387496033,0.5718819422405585,0.23021263091082197
6,0.3,0.35,0.06,0.06,outcome_aware,3.0199806042926243,1.0166613773405269,0.10098381466201206,0.5638844811171057,0.23579815931450332
6,0.3,0.35,0.06,0.03,outcome_aware,3.020039394163977,1.017327832434148,0.10085687083465567,0.5644557283402094,0.23535385591875596
6,0.3,0.35,0.1,0.03,outcome_aware,3.0202029177945975,1.0169787369089178,0.10060298317994287,0.5636940653760711,0.23541732783243416
7,0.0,0.2,0.1,0.06,outcome_aware,3.0202939432974474,1.0149793716280546,0.10079339892097747,0.5556331323389401,0.2366867661059981
6,0.3,0.35,0.1,0.06,outcome_aware,3.0203031921701147,1.0168200571247223,0.10079339892097747,0.5631862900666456,0.23586163122818152
6,0.2,0.35,0.0,0.0,outcome_aware,3.0203475327531706,1.0260552205649,0.09647730879086004,0.5730244366867661,0.22868930498254522
7,0.3,0.35,0.06,0.06,outcome_aware,3.0203482940116193,1.0168835290384004,0.10079339892097747,0.5638844811171057,0.23560774357346875
7,0.3,0.35,0.06,0.03,outcome_aware,3.020372362110336,1.0175499841320217,0.10066645509362107,0.5644557283402094,0.23516344017772137
5,0.1,0.35,0.1,0.0,outcome_aware,3.0204440549810316,1.0274516026658205,0.09628689304982545,0.5739765153919391,0.22894319263725801
5,0.2,0.35,0.0,0.03,outcome_aware,3.0204642767751726,1.0259282767375437,0.09698508410028563,0.5725801332910188,0.22995874325610918
7,0.3,0.35,0.1,0.03,outcome_aware,3.0205337257683205,1.0172008886067916,0.10047603935258648,0.5636940653760711,0.23529038400507776
6,0.3,0.35,0.03,0.01,outcome_aware,3.0205945161111036,1.0178356077435735,0.10028562361155188,0.5647730879086005,0.23503649635036497
5,0.2,0.35,0.1,0.0,outcome_aware,3.0205954020933925,1.024468422722945,0.09761980323706759,0.570739447794351,0.2315455410980641
7,0.2,0.35,0.0,0.0,outcome_aware,3.020595587924205,1.0262773722627738,0.09635036496350365,0.5730244366867661,0.22856236115518883
6,0.0,0.2,0.1,0.03,outcome_aware,3.020617109945094,1.015423675023802,0.10028562361155188,0.5564582672167566,0.23560774357346875
6,0.3,0.35,0.03,0.03,outcome_aware,3.0207250750421437,1.0174547762615043,0.10066645509362107,0.5645192002538877,0.23509996826404317
5,0.3,0.35,0.03,0.06,outcome_aware,3.020788619791229,1.017645192002539,0.10028562361155188,0.5643922564265312,0.23567121548714695
7,0.3,0.35,0.1,0.06,outcome_aware,3.020827705464273,1.017073944779435,0.10060298317994287,0.5631862900666456,0.23567121548714695
7,0.3,0.35,0.03,0.03,outcome_aware,3.0208791607723087,1.017645192002539,0.10047603935258648,0.5645192002538877,0.23490955252300857
7,0.3,0.35,0.03,0.01,outcome_aware,3.020902085317235,1.018057759441447,0.10015867978419549,0.5647730879086005,0.23490955252300857
7,0.0,0.2,0.1,0.03,outcome_aware,3.020947917918818,1.0156458267216757,0.10015867978419549,0.5564582672167566,0.23548079974611236
6,0.0,0.2,0.06,0.06,outcome_aware,3.0209597337902627,1.0152649952396064,0.10072992700729927,0.5564582672167566,0.2361155188828943
5,0.0,0.2,0.03,0.06,outcome_aware,3.0210649768800226,1.0161536020311013,0.09971437638844811,0.5568390986988258,0.23529038400507776
6,0.0,0.2,0.06,0.03,outcome_aware,3.0211374194607408,1.0161853379879404,0.09984132021580451,0.5572834020945732,0.23478260869565218
5,0.1,0.35,0.03,0.01,outcome_aware,3.0211576911991873,1.0301174230403047,0.09539828625833069,0.5772135829895272,0.22621390034909553
6,0.3,0.35,0.0,0.03,outcome_aware,3.021181742728037,1.0180260234846081,0.10028562361155188,0.5645826721675659,0.23535385591875596
6,0.1,0.35,0.0,0.03,outcome_aware,3.021205826510931,1.0303395747381783,0.09577911774039988,0.5771501110758489,0.22545223738495715
6,0.1,0.35,0.03,0.0,outcome_aware,3.0212699820220212,1.0301174230403047,0.09533481434465249,0.5770231672484926,0.22557918121231355
7,0.0,0.2,0.06,0.06,outcome_aware,3.021327423509258,1.0154871469374802,0.10053951126626468,0.5564582672167566,0.23592510314185972
7,0.0,0.2,0.06,0.03,outcome_aware,3.0214703874070996,1.016407489685814,0.09965090447476992,0.5572834020945732,0.23459219295461758
7,0.1,0.35,0.03,0.0,outcome_aware,3.0215180371930557,1.0303395747381783,0.0952078705172961,0.5770231672484926,0.22545223738495715
7,0.3,0.35,0.0,0.03,outcome_aware,3.0215614538321365,1.0182799111393208,0.1000952078705173,0.5645826721675659,0.23516344017772137
6,0.3,0.35,0.06,0.01,outcome_aware,3.0215756508313074,1.017645192002539,0.10041256743890828,0.5641383687718184,0.23465566486829578
7,0.1,0.35,0.0,0.03,outcome_aware,3.0215855376150302,1.0305934623928912,0.09558870199936528,0.5771501110758489,0.22526182164392256
5,0.2,0.35,0.03,0.0,outcome_aware,3.0216309962831445,1.0262456363059347,0.09647730879086004,0.5722627737226277,0.2293874960330054
5,0.2,0.35,0.0,0.01,outcome_aware,3.0217113151065003,1.0265312599174865,0.09596953348143447,0.5727070771183751,0.22837194541415423
5,0.3,0.35,0.0,0.06,outcome_aware,3.0218715675131356,1.018629006664551,0.0999682640431609,0.5645826721675659,0.23579815931450332
7,0.3,0.35,0.06,0.01,outcome_aware,3.0219549350008847,1.0178990796572516,0.10028562361155188,0.5641383687718184,0.2345287210409394
6,0.3,0.35,0.1,0.01,outcome_aware,3.0220220656293315,1.017645192002539,0.1000952078705173,0.5638844811171057,0.23516344017772137
5,0.3,0.35,0.06,0.06,outcome_aware,3.022028536336944,1.0175182481751825,0.10034909552523008,0.5638844811171057,0.23548079974611236
6,0.0,0.2,0.0,0.06,outcome_aware,3.0220875605561877,1.0169787369089178,0.0999682640431609,0.5570929863535385,0.23548079974611236
7,0.3,0.35,0.1,0.01,outcome_aware,3.0222062472214644,1.0178038717867344,0.1000317359568391,0.5638844811171057,0.23509996826404317
6,0.0,0.2,0.03,0.03,outcome_aware,3.0222112656911855,1.016693113297366,0.09971437638844811,0.5579181212313551,0.2342113614725484
6,0.3,0.35,0.0,0.01,outcome_aware,3.02224120151615,1.0185337987940337,0.09946048873373532,0.564646144081244,0.2342113614725484
7,0.0,0.2,0.0,0.06,outcome_aware,3.022291193362193,1.0172008886067916,0.09971437638844811,0.5570929863535385,0.23522691209139956
7,0.0,0.2,0.03,0.03,outcome_aware,3.0223653514213504,1.0168835290384004,0.09952396064741352,0.5579181212313551,0.2340209457315138
5,0.0,0.2,0.1,0.06,outcome_aware,3.022441094387228,1.015772770549032,0.10041256743890828,0.5556331323389401,0.2366867661059981
6,0.3,0.35,0.06,0.0,outcome_aware,3.0224549118666664,1.0181529673119645,0.10034909552523008,0.5643922564265312,0.23484608060933038
5,0.3,0.35,0.06,0.03,outcome_aware,3.022498754447275,1.0182799111393208,0.10022215169787368,0.5644557283402094,0.23509996826404317
7,0.3,0.35,0.0,0.01,outcome_aware,3.0225984270446973,1.0187876864487464,0.09933354490637893,0.564646144081244,0.234084417645192
7,0.3,0.35,0.06,0.0,outcome_aware,3.0226533107152855,1.018343383052999,0.10022215169787368,0.5643922564265312,0.23471913678197398
6,0.3,0.35,0.03,0.0,outcome_aware,3.0229026123161935,1.0185337987940337,0.09984132021580451,0.5645192002538877,0.23478260869565218
5,0.3,0.35,0.1,0.06,outcome_aware,3.0229748565540535,1.0178673437004127,0.10022215169787368,0.5631862900666456,0.23567121548714695
5,0.2,0.35,0.0,0.0,outcome_aware,3.023001174502004,1.0271342430974293,0.09584258965407808,0.5730244366867661,0.22843541732783243
5,0.0,0.2,0.06,0.06,outcome_aware,3.023007665834583,1.0161218660742621,0.1000952078705173,0.5564582672167566,0.23579815931450332
6,0.3,0.35,0.0,0.0,outcome_aware,3.023128734957751,1.0188511583624247,0.09920660107902253,0.564646144081244,0.2341478895588702
7,0.3,0.35,0.03,0.0,outcome_aware,3.0231506674872284,1.0187559504919073,0.09971437638844811,0.5645192002538877,0.23465566486829578
6,0.3,0.35,0.1,0.0,outcome_aware,3.0231554789343456,1.0182481751824817,0.1000952078705173,0.5640748968581403,0.23554427165979056
5,0.3,0.35,0.03,0.03,outcome_aware,3.023200663980843,1.0184703268803554,0.1000317359568391,0.5645192002538877,0.23484608060933038
5,0.3,0.35,0.03,0.01,outcome_aware,3.0232725482993614,1.0189463662329419,0.09965090447476992,0.5647730879086005,0.23478260869565218
5,0.3,0.35,0.1,0.03,outcome_aware,3.0232879612053862,1.0182164392256428,0.0999682640431609,0.5636940653760711,0.23516344017772137
7,0.3,0.35,0.1,0.0,outcome_aware,3.0232978116382085,1.0184068549666772,0.1000317359568391,0.5640748968581403,0.23548079974611236
7,0.3,0.35,0.0,0.0,outcome_aware,3.023376790128786,1.0190733100602982,0.09907965725166613,0.564646144081244,0.2340209457315138
5,0.0,0.2,0.06,0.03,outcome_aware,3.0235967797440386,1.0171374166931133,0.09920660107902253,0.5572834020945732,0.2345287210409394
5,0.0,0.2,0.1,0.03,outcome_aware,3.0237021533558837,1.0166613773405269,0.09965090447476992,0.5564582672167566,0.23535385591875596
6,0.1,0.35,0.0,0.01,outcome_aware,3.0237861188313735,1.031482069184386,0.09431926372580134,0.5772135829895272,0.22323072040622025
5,0.1,0.35,0.03,0.0,outcome_aware,3.0239360378514575,1.031196445572834,0.09470009520787051,0.5770231672484926,0.22532529355760075
5,0.3,0.35,0.0,0.03,outcome_aware,3.0239417331186997,1.0191367819739765,0.09965090447476992,0.5645826721675659,0.23503649635036497
5,0.1,0.35,0.0,0.03,outcome_aware,3.0239658169015935,1.0314503332275469,0.0951443986036179,0.5771501110758489,0.22513487781656616
7,0.1,0.35,0.0,0.01,outcome_aware,3.024143344359921,1.0317359568390987,0.09419231989844494,0.5772135829895272,0.22310377657886385
6,0.1,0.35,0.0,0.0,outcome_aware,3.0241586588529894,1.0320533164074897,0.09393843224373215,0.5775944144715963,0.22297683275150745
5,0.3,0.35,0.06,0.01,outcome_aware,3.024166662808156,1.01866074262139,0.09984132021580451,0.5641383687718184,0.2344652491272612
5,0.0,0.2,0.0,0.06,outcome_aware,3.024322026115821,1.0178990796572516,0.09927007299270073,0.5570929863535385,0.23503649635036497
7,0.1,0.35,0.0,0.0,outcome_aware,3.0244067140240243,1.0322754681053634,0.09381148841637575,0.5775944144715963,0.22284988892415106
5,0.0,0.2,0.03,0.03,outcome_aware,3.0246868546298846,1.0177086639162172,0.09907965725166613,0.5579181212313551,0.2339574738178356
5,0.3,0.35,0.0,0.01,outcome_aware,3.024755950476793,1.0195493494128849,0.09882576959695334,0.564646144081244,0.2339574738178356
6,0.1,0.2,0.1,0.06,outcome_aware,3.024773067725734,1.0146937480165028,0.10085687083465567,0.5539193906696287,0.2367502380196763
5,0.3,0.35,0.1,0.01,outcome_aware,3.0248085225581094,1.0187242145350683,0.09946048873373532,0.5638844811171057,0.23490955252300857
7,0.1,0.2,0.1,0.06,outcome_aware,3.0252975810198928,1.0149476356712155,0.10066645509362107,0.5539193906696287,0.2365598222786417
6,0.1,0.2,0.1,0.03,outcome_aware,3.0253040321492217,1.0153919390669628,0.10022215169787368,0.5548714693748017,0.23554427165979056
5,0.3,0.35,0.06,0.0,outcome_aware,3.025356093985966,1.019295461758172,0.09971437638844811,0.5643922564265312,0.23459219295461758
5,0.3,0.35,0.03,0.0,outcome_aware,3.02556866814563,1.019612821326563,0.09920660107902253,0.5645192002538877,0.2345287210409394
7,0.1,0.2,0.1,0.03,outcome_aware,3.025634840122945,1.0156140907648366,0.1000952078705173,0.5548714693748017,0.23541732783243416
5,0.3,0.35,0.0,0.0,outcome_aware,3.0257823767065837,1.019930180894954,0.09857188194224056,0.564646144081244,0.2338940019041574
5,0.3,0.35,0.1,0.0,outcome_aware,3.0258662748167584,1.0193271977150111,0.09946048873373532,0.5640748968581403,0.23529038400507776
6,0.1,0.2,0.03,0.06,outcome_aware,3.0258726769303026,1.015106315455411,0.10041256743890828,0.5543002221516978,0.23548079974611236
6,0.0,0.2,0.1,0.01,outcome_aware,3.0258838069110103,1.016756585211044,0.09920660107902253,0.556585211044113,0.23471913678197398
6,0.2,0.2,0.03,0.06,outcome_aware,3.0259464207045457,1.0139003490955252,0.10130117423040305,0.5534116153602031,0.23713106950174548
7,0.0,0.2,0.1,0.01,outcome_aware,3.026067988503143,1.0169152649952395,0.09914312916534433,0.556585211044113,0.23465566486829578
6,0.1,0.2,0.06,0.06,outcome_aware,3.0260937859584613,1.0149476356712155,0.10079339892097747,0.5544271659790543,0.2360520469692161
7,0.1,0.2,0.03,0.06,outcome_aware,3.0261782547100182,1.0153284671532847,0.10022215169787368,0.5543002221516978,0.23529038400507776
7,0.2,0.2,0.03,0.06,outcome_aware,3.0262519984842617,1.014122500793399,0.10111075848936846,0.5534116153602031,0.23694065376071088
5,0.1,0.35,0.0,0.01,outcome_aware,3.026300867792016,1.0324976198032372,0.09368454458901936,0.5772135829895272,0.22297683275150745
6,0.0,0.2,0.03,0.01,outcome_aware,3.0263963346006704,1.0178990796572516,0.09958743256109172,0.5584258965407807,0.2338305299904792
6,0.1,0.2,0.06,0.03,outcome_aware,3.0264200559382464,1.0159631862900667,0.0999682640431609,0.555315772770549,0.23478260869565218
6,0.0,0.2,0.1,0.0,outcome_aware,3.026445915990355,1.017327832434148,0.09939701682005712,0.5571564582672167,0.23522691209139956
7,0.1,0.2,0.06,0.06,outcome_aware,3.026461475677457,1.0151697873690892,0.10060298317994287,0.5544271659790543,0.23586163122818152
6,0.0,0.2,0.06,0.0,outcome_aware,3.026583098978745,1.017645192002539,0.09965090447476992,0.5582354807997462,0.2341478895588702
7,0.0,0.2,0.1,0.0,outcome_aware,3.0265882486942175,1.0174865122183434,0.09933354490637893,0.5571564582672167,0.23516344017772137
6,0.0,0.2,0.06,0.01,outcome_aware,3.0266277544638114,1.017010472865757,0.09971437638844811,0.5573468740082513,0.2338305299904792
7,0.0,0.2,0.03,0.01,outcome_aware,3.0267039038068018,1.0181212313551253,0.09946048873373532,0.5584258965407807,0.2337035861631228
7,0.1,0.2,0.06,0.03,outcome_aware,3.0267530238846048,1.0161853379879404,0.09977784830212631,0.555315772770549,0.23459219295461758
7,0.0,0.2,0.06,0.0,outcome_aware,3.0267814978273635,1.0178356077435735,0.09952396064741352,0.5582354807997462,0.2340209457315138
6,0.2,0.2,0.06,0.03,outcome_aware,3.026802299452615,1.01478895588702,0.10085687083465567,0.5544271659790543,0.2361155188828943
5,0.1,0.35,0.0,0.0,outcome_aware,3.026812300601822,1.033132338940019,0.09330371310695018,0.5775944144715963,0.22272294509679466
7,0.0,0.2,0.06,0.01,outcome_aware,3.027007038633389,1.0172643605204696,0.09958743256109172,0.5573468740082513,0.2337035861631228
6,0.2,0.2,0.06,0.06,outcome_aware,3.027031134624029,1.0139955569660426,0.10142811805775945,0.5534750872738813,0.23732148524278007
7,0.2,0.2,0.06,0.03,outcome_aware,3.0271352673989735,1.0150111075848938,0.10066645509362107,0.5544271659790543,0.23592510314185972
6,0.2,0.2,0.1,0.06,outcome_aware,3.0272558757862,1.0140272929228815,0.10136464614408125,0.5529038400507775,0.23770231672484926
6,0.0,0.2,0.0,0.01,outcome_aware,3.0273190359442865,1.0192319898444937,0.09819105046017138,0.5592510314185972,0.2321167883211679
7,0.2,0.2,0.06,0.06,outcome_aware,3.0273988243430243,1.0142177086639161,0.10123770231672485,0.5534750872738813,0.23713106950174548
6,0.2,0.2,0.1,0.03,outcome_aware,3.027433291935192,1.0145985401459854,0.10085687083465567,0.5537924468422722,0.2365598222786417
5,0.1,0.2,0.1,0.06,outcome_aware,3.0274447321096734,1.015741034592193,0.10028562361155188,0.5539193906696287,0.2365598222786417
6,0.4,0.35,0.1,0.06,outcome_aware,3.027602542099473,1.0124404950809267,0.10174547762615042,0.5548714693748017,0.2391621707394478
6,0.4,0.35,0.03,0.06,outcome_aware,3.0276367494722565,1.0121866074262138,0.10193589336718502,0.5548714693748017,0.23947953030783878
7,0.0,0.2,0.0,0.01,outcome_aware,3.0276762614728336,1.0194858774992066,0.09806410663281498,0.5592510314185972,0.2319898444938115
7,0.2,0.2,0.1,0.03,outcome_aware,3.027764099908915,1.0148206918438591,0.10072992700729927,0.5537924468422722,0.2364328784512853
7,0.2,0.2,0.1,0.06,outcome_aware,3.027780389080359,1.0142811805775944,0.10117423040304666,0.5529038400507775,0.23751190098381467
5,0.1,0.2,0.03,0.06,outcome_aware,3.0279180346910346,1.0159314503332275,0.09977784830212631,0.5543002221516978,0.23509996826404317
6,0.4,0.35,0.06,0.06,outcome_aware,3.0279350741340902,1.012218343383053,0.10187242145350682,0.5548714693748017,0.2391621707394478
7,0.4,0.35,0.03,0.06,outcome_aware,3.0279423272519725,1.0124087591240876,0.10174547762615042,0.5548714693748017,0.23928911456680418
5,0.2,0.2,0.03,0.06,outcome_aware,3.0279917784652772,1.0147254839733417,0.10066645509362107,0.5534116153602031,0.2367502380196763
7,0.4,0.35,0.1,0.06,outcome_aware,3.0281270553936324,1.0126943827356394,0.10155506188511583,0.5548714693748017,0.2389717549984132
5,0.1,0.2,0.06,0.06,outcome_aware,3.028141718002781,1.0158045065058712,0.10015867978419549,0.5544271659790543,0.23573468740082512
6,0.0,0.2,0.03,0.0,outcome_aware,3.028156777945845,1.0187242145350683,0.09907965725166613,0.5588067280228499,0.23344969850841002
7,0.4,0.35,0.06,0.06,outcome_aware,3.0283027638530857,1.0124404950809267,0.10168200571247223,0.5548714693748017,0.2389717549984132
6,0.0,0.2,0.0,0.03,outcome_aware,3.0283297432489724,1.0185655347508726,0.09901618533798794,0.557537289749286,0.23351317042208822
5,0.1,0.2,0.1,0.03,outcome_aware,3.028389075560011,1.0166296413836877,0.09958743256109172,0.5548714693748017,0.23529038400507776
7,0.0,0.2,0.03,0.0,outcome_aware,3.02840483311688,1.0189463662329419,0.09895271342430974,0.5588067280228499,0.23332275468105362
5,0.0,0.2,0.1,0.01,outcome_aware,3.028670263839788,1.0178356077435735,0.09857188194224056,0.556585211044113,0.2344652491272612
7,0.0,0.2,0.0,0.03,outcome_aware,3.0287094543530713,1.0188194224055855,0.09882576959695334,0.557537289749286,0.23332275468105362
6,0.4,0.35,0.0,0.06,outcome_aware,3.028809567278382,1.0129800063471914,0.10161853379879403,0.5548714693748017,0.23979688987622977
6,0.4,0.35,0.1,0.03,outcome_aware,3.0288521694092023,1.0125991748651222,0.10174547762615042,0.5548714693748017,0.238908283084735
5,0.1,0.2,0.06,0.03,outcome_aware,3.028879416221544,1.0169152649952395,0.09933354490637893,0.555315772770549,0.2345287210409394
6,0.4,0.35,0.06,0.03,outcome_aware,3.028902465890596,1.0126309108219613,0.10193589336718502,0.5548714693748017,0.2388448111710568
6,0.2,0.2,0.03,0.03,outcome_aware,3.02890490815781,1.0150428435417327,0.10098381466201206,0.5546175817200889,0.23573468740082512
7,0.4,0.35,0.0,0.06,outcome_aware,3.0290132000843877,1.013202158045065,0.10136464614408125,0.5548714693748017,0.23954300222151698
6,0.4,0.35,0.06,0.01,outcome_aware,3.0290250490088493,1.0126943827356394,0.10168200571247223,0.5548714693748017,0.2384639796889876
6,0.0,0.2,0.0,0.0,outcome_aware,3.029030184207634,1.0197397651539193,0.09781021897810219,0.559187559504919,0.2313551253570295
7,0.2,0.2,0.03,0.03,outcome_aware,3.0290589938879755,1.0152332592827673,0.10079339892097747,0.5546175817200889,0.23554427165979056
5,0.0,0.2,0.03,0.01,outcome_aware,3.0290743667889277,1.0190098381466202,0.09895271342430974,0.5584258965407807,0.23357664233576642
5,0.2,0.2,0.06,0.06,outcome_aware,3.029079066668349,1.0148524278006983,0.10079339892097747,0.5534750872738813,0.23700412567438908
5,0.0,0.2,0.1,0.0,outcome_aware,3.029156711872768,1.0184068549666772,0.09876229768327516,0.5571564582672167,0.23497302443668677
6,0.1,0.2,0.03,0.03,outcome_aware,3.029174978481705,1.0164709615994922,0.09984132021580451,0.5554427165979055,0.234084417645192
7,0.4,0.35,0.1,0.03,outcome_aware,3.0291829773829257,1.012821326562996,0.10161853379879403,0.5548714693748017,0.2387813392573786
6,0.4,0.35,0.03,0.03,outcome_aware,3.0292167158930177,1.012503966994605,0.10174547762615042,0.5548714693748017,0.2387178673437004
5,0.0,0.2,0.06,0.01,outcome_aware,3.0292187664406605,1.0180260234846081,0.09914312916534433,0.5573468740082513,0.2336401142494446
7,0.4,0.35,0.06,0.03,outcome_aware,3.0292354338369543,1.0128530625198349,0.10174547762615042,0.5548714693748017,0.2386543954300222
5,0.2,0.2,0.06,0.03,outcome_aware,3.029261659735913,1.015741034592193,0.10022215169787368,0.5544271659790543,0.23586163122818152
7,0.0,0.2,0.0,0.0,outcome_aware,3.0292782393786686,1.019961916851793,0.09768327515074579,0.559187559504919,0.23122818152967312
6,0.2,0.2,0.0,0.06,outcome_aware,3.029295991821989,1.0152015233259282,0.10136464614408125,0.5534116153602031,0.23713106950174548
7,0.1,0.2,0.03,0.03,outcome_aware,3.0293290642118693,1.0166613773405269,0.09965090447476992,0.5554427165979055,0.2338940019041574
7,0.4,0.35,0.03,0.03,outcome_aware,3.0293708016231826,1.0126943827356394,0.10155506188511583,0.5548714693748017,0.2385274516026658
7,0.4,0.35,0.06,0.01,outcome_aware,3.029404333178426,1.0129482703903523,0.10155506188511583,0.5548714693748017,0.23833703586163124
5,0.0,0.2,0.06,0.0,outcome_aware,3.0294842810980436,1.0187876864487464,0.09901618533798794,0.5582354807997462,0.2338940019041574
7,0.2,0.2,0.0,0.06,outcome_aware,3.029499624627994,1.015423675023802,0.10111075848936846,0.5534116153602031,0.2368771818470327
6,0.4,0.35,0.03,0.01,outcome_aware,3.029512894865612,1.0127578546493177,0.10155506188511583,0.5548714693748017,0.238590923516344
5,0.4,0.35,0.03,0.06,outcome_aware,3.029682107232988,1.0130117423040306,0.10130117423040305,0.5548714693748017,0.2390986988257696
7,0.4,0.35,0.03,0.01,outcome_aware,3.029820464071744,1.0129800063471914,0.10142811805775945,0.5548714693748017,0.2384639796889876
6,0.4,0.35,0.1,0.01,outcome_aware,3.0298251345618934,1.0130117423040306,0.10136464614408125,0.5548714693748017,0.2388448111710568
5,0.0,0.2,0.0,0.01,outcome_aware,3.0298337849049286,1.0202475404633449,0.0975563313233894,0.5592510314185972,0.2318629006664551
6,0.4,0.35,0.0,0.03,outcome_aware,3.0299173475186736,1.0130117423040306,0.10142811805775945,0.5548714693748017,0.2390986988257696
5,0.2,0.2,0.1,0.06,outcome_aware,3.0299275401701395,1.0150745794985718,0.10079339892097747,0.5529038400507775,0.23751190098381467
5,0.4,0.35,0.06,0.06,outcome_aware,3.02998300617841,1.0130752142177086,0.10123770231672485,0.5548714693748017,0.2388448111710568
7,0.4,0.35,0.1,0.01,outcome_aware,3.030009316154027,1.013170422088226,0.10130117423040305,0.5548714693748017,0.2387813392573786
6,0.1,0.2,0.0,0.06,outcome_aware,3.030212112959187,1.0168200571247223,0.10028562361155188,0.5543636940653761,0.23548079974611236
5,0.4,0.35,0.1,0.06,outcome_aware,3.030274206483413,1.013487781656617,0.10117423040304666,0.5548714693748017,0.2389717549984132
7,0.4,0.35,0.0,0.03,outcome_aware,3.030297058622773,1.0132656299587433,0.10123770231672485,0.5548714693748017,0.238908283084735
7,0.1,0.2,0.0,0.06,outcome_aware,3.030415745765193,1.017042208822596,0.1000317359568391,0.5543636940653761,0.23522691209139956
5,0.2,0.2,0.1,0.03,outcome_aware,3.0305183353459806,1.0158362424627103,0.10022215169787368,0.5537924468422722,0.2363059346239289
6,0.1,0.2,0.1,0.01,outcome_aware,3.030572542720033,1.0166613773405269,0.09927007299270073,0.5550618851158362,0.23471913678197398
7,0.1,0.2,0.1,0.01,outcome_aware,3.0307567243121665,1.0168200571247223,0.09920660107902253,0.5550618851158362,0.23465566486829578
6,0.4,0.35,0.06,0.0,outcome_aware,3.0307897680627236,1.013202158045065,0.10161853379879403,0.5548714693748017,0.238590923516344
6,0.4,0.35,0.0,0.01,outcome_aware,3.030813916554302,1.0134243097429387,0.10079339892097747,0.5548714693748017,0.23795620437956205
5,0.0,0.2,0.03,0.0,outcome_aware,3.0308228337752814,1.0198032370675976,0.09844493811488417,0.5588067280228499,0.23319581085369723
7,0.4,0.35,0.06,0.0,outcome_aware,3.0309881669113428,1.0133925737860996,0.10149158997143765,0.5548714693748017,0.2384639796889876
5,0.4,0.35,0.0,0.06,outcome_aware,3.0310440328380155,1.0139003490955252,0.10092034274833386,0.5548714693748017,0.23935258648048238
5,0.0,0.2,0.0,0.03,outcome_aware,3.031089733639635,1.0196762932402412,0.09838146620120597,0.557537289749286,0.23319581085369723
6,0.1,0.2,0.1,0.0,outcome_aware,3.0311346517993782,1.0172326245636305,0.09946048873373532,0.5556331323389401,0.23522691209139956
7,0.4,0.35,0.0,0.01,outcome_aware,3.0311711420828495,1.0136781973976516,0.10066645509362107,0.5548714693748017,0.23782926055220566
6,0.4,0.35,0.03,0.0,outcome_aware,3.0312288698783307,1.0133608378292605,0.10130117423040305,0.5548714693748017,0.238590923516344
7,0.1,0.2,0.1,0.0,outcome_aware,3.0312769845032403,1.017391304347826,0.09939701682005712,0.5556331323389401,0.23516344017772137
5,0.4,0.35,0.06,0.03,outcome_aware,3.0313618261738937,1.0135829895271342,0.10130117423040305,0.5548714693748017,0.238590923516344
5,0.2,0.2,0.03,0.03,outcome_aware,3.0313804970965093,1.0160583941605839,0.10034909552523008,0.5546175817200889,0.23548079974611236
7,0.4,0.35,0.03,0.0,outcome_aware,3.031476925049365,1.0135829895271342,0.10117423040304666,0.5548714693748017,0.2384639796889876
5,0.2,0.2,0.0,0.06,outcome_aware,3.031530457381622,1.0161218660742621,0.10066645509362107,0.5534116153602031,0.2366867661059981
6,0.4,0.35,0.1,0.0,outcome_aware,3.0315561812557363,1.0136147254839734,0.10130117423040305,0.5548714693748017,0.2391621707394478
6,0.2,0.2,0.1,0.01,outcome_aware,3.03160204512982,1.0156458267216757,0.1000317359568391,0.5541732783243415,0.23592510314185972
5,0.4,0.35,0.06,0.01,outcome_aware,3.031616060985698,1.0137099333544906,0.10111075848936846,0.5548714693748017,0.23827356394795304
5,0.1,0.2,0.03,0.03,outcome_aware,3.0316505674204035,1.0174865122183434,0.09920660107902253,0.5554427165979055,0.2338305299904792
5,0.0,0.2,0.0,0.0,outcome_aware,3.0316838259564665,1.0208187876864487,0.09717549984132022,0.559187559504919,0.23110123770231672
5,0.4,0.35,0.03,0.03,outcome_aware,3.031692304831717,1.0135195176134562,0.10111075848936846,0.5548714693748017,0.2384639796889876
7,0.4,0.35,0.1,0.0,outcome_aware,3.031698513959599,1.0137734052681688,0.10123770231672485,0.5548714693748017,0.2390986988257696
7,0.2,0.2,0.1,0.01,outcome_aware,3.031786226721952,1.0158045065058712,0.0999682640431609,0.5541732783243415,0.23586163122818152
6,0.4,0.35,0.0,0.0,outcome_aware,3.031860209956363,1.0137416693113297,0.10060298317994287,0.5548714693748017,0.23789273246588385
5,0.4,0.35,0.1,0.03,outcome_aware,3.031937212819992,1.0138368771818471,0.10111075848936846,0.5548714693748017,0.2386543954300222
7,0.4,0.35,0.0,0.0,outcome_aware,3.0321082651273974,1.0139638210092035,0.10047603935258648,0.5548714693748017,0.23776578863852746
5,0.4,0.35,0.03,0.01,outcome_aware,3.03219092705387,1.013868613138686,0.10092034274833386,0.5548714693748017,0.23833703586163124
6,0.2,0.2,0.06,0.01,outcome_aware,3.032247782190038,1.0155823548079974,0.10079339892097747,0.5544271659790543,0.23535385591875596
6,0.1,0.2,0.06,0.01,outcome_aware,3.032327352359966,1.0168835290384004,0.09984132021580451,0.555315772770549,0.2338305299904792
6,0.2,0.2,0.1,0.0,outcome_aware,3.032443604447123,1.0162488099016185,0.10015867978419549,0.5546175817200889,0.2363694065376071
5,0.1,0.2,0.0,0.06,outcome_aware,3.03244657851882,1.017740399873056,0.09958743256109172,0.5543636940653761,0.23503649635036497
6,0.2,0.2,0.03,0.01,outcome_aware,3.032477659198102,1.0162488099016185,0.10079339892097747,0.5552523008568708,0.23541732783243416
7,0.2,0.2,0.1,0.0,outcome_aware,3.0325859371509853,1.016407489685814,0.1000952078705173,0.5546175817200889,0.2363059346239289
5,0.4,0.35,0.1,0.01,outcome_aware,3.0326115914906717,1.0140907648365598,0.10072992700729927,0.5548714693748017,0.238590923516344
7,0.2,0.2,0.06,0.01,outcome_aware,3.0326270663596153,1.0158362424627103,0.10066645509362107,0.5544271659790543,0.23522691209139956
5,0.4,0.35,0.0,0.03,outcome_aware,3.032677337909336,1.014122500793399,0.10079339892097747,0.5548714693748017,0.2387813392573786
7,0.1,0.2,0.06,0.01,outcome_aware,3.0327066365295434,1.0171374166931133,0.09971437638844811,0.555315772770549,0.2337035861631228
7,0.2,0.2,0.03,0.01,outcome_aware,3.0327852284042334,1.0164709615994922,0.10066645509362107,0.5552523008568708,0.23529038400507776
6,0.2,0.2,0.0,0.01,outcome_aware,3.033143402230788,1.0172643605204696,0.09958743256109172,0.5558235480799746,0.2343383052999048
5,0.4,0.35,0.0,0.01,outcome_aware,3.033328665514945,1.01443986036179,0.10015867978419549,0.5548714693748017,0.23770231672484926
5,0.1,0.2,0.1,0.01,outcome_aware,3.033358999648811,1.017740399873056,0.09863535385591876,0.5550618851158362,0.2344652491272612
6,0.1,0.2,0.06,0.0,outcome_aware,3.033397482050268,1.017645192002539,0.09971437638844811,0.555950491907331,0.2340209457315138
6,0.1,0.2,0.03,0.01,outcome_aware,3.033432935432844,1.0178038717867344,0.09965090447476992,0.5560139638210092,0.233767058076801
7,0.2,0.2,0.0,0.01,outcome_aware,3.0335006277593353,1.0175182481751825,0.09946048873373532,0.5558235480799746,0.2342113614725484
6,0.2,0.2,0.06,0.0,outcome_aware,3.033540902598922,1.016344017772136,0.10066645509362107,0.554998413202158,0.23548079974611236
7,0.1,0.2,0.06,0.0,outcome_aware,3.033595880898887,1.0178356077435735,0.09958743256109172,0.555950491907331,0.2338940019041574
5,0.4,0.35,0.06,0.0,outcome_aware,3.033690950182023,1.0143446524912727,0.10098381466201206,0.5548714693748017,0.23833703586163124
7,0.2,0.2,0.06,0.0,outcome_aware,3.033739301447542,1.0165344335131705,0.10053951126626468,0.554998413202158,0.23535385591875596
7,0.1,0.2,0.03,0.01,outcome_aware,3.0337405046389763,1.0180260234846081,0.09952396064741352,0.5560139638210092,0.2336401142494446
5,0.1,0.2,0.1,0.0,outcome_aware,3.03384544768179,1.01831164709616,0.09882576959695334,0.5556331323389401,0.23497302443668677
6,0.2,0.2,0.0,0.0,outcome_aware,3.0338772093116324,1.0175817200888606,0.09920660107902253,0.5558870199936528,0.23357664233576642
5,0.4,0.35,0.03,0.0,outcome_aware,3.033894925707767,1.01443986036179,0.10066645509362107,0.5548714693748017,0.23833703586163124
7,0.2,0.2,0.0,0.0,outcome_aware,3.0341252644826673,1.0178038717867344,0.09907965725166613,0.5558870199936528,0.23344969850841002
5,0.4,0.35,0.1,0.0,outcome_aware,3.0342669771381487,1.0146937480165028,0.10066645509362107,0.5548714693748017,0.238908283084735
6,0.2,0.2,0.03,0.0,outcome_aware,3.0343613511328473,1.0171374166931133,0.10041256743890828,0.5556966042526182,0.23529038400507776
5,0.2,0.2,0.1,0.01,outcome_aware,3.0343885020585977,1.016724849254205,0.09939701682005712,0.5541732783243415,0.23567121548714695
6,0.2,0.2,0.0,0.03,outcome_aware,3.0343892614542685,1.016756585211044,0.10047603935258648,0.5541732783243415,0.23560774357346875
5,0.4,0.35,0.0,0.0,outcome_aware,3.0345138517051953,1.0148206918438591,0.0999682640431609,0.5548714693748017,0.23763884481117106
7,0.2,0.2,0.03,0.0,outcome_aware,3.0346094063038818,1.017359568390987,0.10028562361155188,0.5556966042526182,0.23516344017772137
7,0.2,0.2,0.0,0.03,outcome_aware,3.0347689725583673,1.017010472865757,0.10028562361155188,0.5541732783243415,0.23541732783243416
5,0.2,0.2,0.06,0.01,outcome_aware,3.0348387941668866,1.0165979054268486,0.10022215169787368,0.5544271659790543,0.23516344017772137
5,0.1,0.2,0.06,0.01,outcome_aware,3.034918364336815,1.0178990796572516,0.09927007299270073,0.555315772770549,0.2336401142494446
5,0.2,0.2,0.1,0.0,outcome_aware,3.0351544003295348,1.017327832434148,0.09952396064741352,0.5546175817200889,0.2361155188828943
5,0.2,0.2,0.03,0.01,outcome_aware,3.0351556913863598,1.017359568390987,0.10015867978419549,0.5552523008568708,0.23516344017772137
6,0.1,0.2,0.03,0.0,outcome_aware,3.035186992086859,1.018629006664551,0.09927007299270073,0.5564582672167566,0.23351317042208822
6,0.1,0.2,0.0,0.01,outcome_aware,3.0352411300741964,1.0192002538876548,0.09831799428752777,0.556585211044113,0.23224373214852428
7,0.1,0.2,0.03,0.0,outcome_aware,3.0354350472578937,1.0188511583624247,0.09914312916534433,0.5564582672167566,0.23338622659473182
6,0.3,0.2,0.1,0.06,outcome_aware,3.035507459389016,1.0132973659155824,0.10161853379879403,0.5505553792446842,0.238590923516344
7,0.1,0.2,0.0,0.01,outcome_aware,3.0355983556027435,1.0194541415423675,0.09819105046017138,0.556585211044113,0.2321167883211679
5,0.2,0.2,0.0,0.01,outcome_aware,3.0356581511914307,1.0182799111393208,0.09895271342430974,0.5558235480799746,0.234084417645192
7,0.3,0.2,0.1,0.06,outcome_aware,3.036031972683175,1.013551253570295,0.10142811805775945,0.5505553792446842,0.23840050777530944
5,0.1,0.2,0.03,0.01,outcome_aware,3.0361109676211018,1.0189146302761027,0.09901618533798794,0.5560139638210092,0.23351317042208822
6,0.1,0.2,0.0,0.03,outcome_aware,3.0361970858023652,1.0185337987940337,0.09927007299270073,0.554998413202158,0.2337035861631228
6,0.3,0.2,0.1,0.03,outcome_aware,3.036212773217868,1.0139003490955252,0.10123770231672485,0.5513170422088226,0.23757537289749286
5,0.1,0.2,0.06,0.0,outcome_aware,3.0362986641695673,1.0187876864487464,0.09907965725166613,0.555950491907331,0.233767058076801
6,0.1,0.2,0.0,0.0,outcome_aware,3.0363951103721134,1.019644557283402,0.09793716280545858,0.5566486829577911,0.2315455410980641
5,0.2,0.2,0.06,0.0,outcome_aware,3.0364420847182214,1.0174865122183434,0.1000317359568391,0.554998413202158,0.23522691209139956
5,0.2,0.2,0.0,0.0,outcome_aware,3.036530851060465,1.01866074262139,0.09857188194224056,0.5558870199936528,0.23332275468105362
7,0.3,0.2,0.1,0.03,outcome_aware,3.0365435811915913,1.014122500793399,0.10111075848936846,0.5513170422088226,0.23744842907013647
7,0.1,0.2,0.0,0.03,outcome_aware,3.036576796906464,1.0187876864487464,0.09907965725166613,0.554998413202158,0.23351317042208822
7,0.1,0.2,0.0,0.0,outcome_aware,3.0366431655431483,1.0198667089812758,0.09781021897810219,0.5566486829577911,0.2314185972707077
6,0.3,0.2,0.03,0.06,outcome_aware,3.03685491797495,1.0132656299587433,0.10149158997143765,0.5499206601079023,0.23776578863852746
5,0.2,0.2,0.03,0.0,outcome_aware,3.037027406962284,1.0182164392256428,0.09977784830212631,0.5556966042526182,0.23503649635036497
5,0.2,0.2,0.0,0.03,outcome_aware,3.037149251844931,1.0178673437004127,0.09984132021580451,0.5541732783243415,0.23529038400507776
7,0.3,0.2,0.03,0.06,outcome_aware,3.0371604957546663,1.013487781656617,0.10130117423040305,0.5499206601079023,0.23757537289749286
6,0.3,0.2,0.06,0.06,outcome_aware,3.0373176699328526,1.0134243097429387,0.10174547762615042,0.5505553792446842,0.23827356394795304
7,0.3,0.2,0.06,0.06,outcome_aware,3.0376853596518476,1.0136464614408125,0.10155506188511583,0.5505553792446842,0.23808314820691845
5,0.1,0.2,0.0,0.01,outcome_aware,3.0377558790348385,1.020215804506506,0.09768327515074579,0.556585211044113,0.2319898444938115
5,0.1,0.2,0.03,0.0,outcome_aware,3.0378530479162955,1.0197080291970804,0.09863535385591876,0.5564582672167566,0.23325928276737543
6,0.3,0.2,0.06,0.03,outcome_aware,3.0380015038785375,1.0141859727070772,0.10111075848936846,0.5509362107267534,0.2367502380196763
6,0.4,0.2,0.1,0.06,outcome_aware,3.038012713044573,1.0115201523325927,0.10295144398603617,0.5483973341796256,0.2413836877181847
5,0.3,0.2,0.1,0.06,outcome_aware,3.038179123772955,1.0143446524912727,0.10104728657569026,0.5505553792446842,0.23840050777530944
7,0.3,0.2,0.06,0.03,outcome_aware,3.0383344718248964,1.0144081244049508,0.10092034274833386,0.5509362107267534,0.2365598222786417
7,0.4,0.2,0.1,0.06,outcome_aware,3.038537226338732,1.0117740399873056,0.10276102824500159,0.5483973341796256,0.2411932719771501
5,0.3,0.2,0.03,0.06,outcome_aware,3.0389002757356818,1.0140907648365598,0.10085687083465567,0.5499206601079023,0.23738495715645827
5,0.1,0.2,0.0,0.03,outcome_aware,3.0389570761930274,1.019644557283402,0.09863535385591876,0.554998413202158,0.23338622659473182
5,0.1,0.2,0.0,0.0,outcome_aware,3.0390487521209457,1.0207235798159315,0.09730244366867662,0.5566486829577911,0.2312916534433513
6,0.4,0.2,0.03,0.06,outcome_aware,3.039274172674147,1.0114884163757538,0.10307838781339257,0.5481434465249128,0.24157410345921929
5,0.3,0.2,0.1,0.03,outcome_aware,3.0392978166286575,1.01513805141225,0.10060298317994287,0.5513170422088226,0.23732148524278007
5,0.3,0.2,0.06,0.06,outcome_aware,3.039365601977172,1.0142811805775944,0.10111075848936846,0.5505553792446842,0.23795620437956205
7,0.4,0.2,0.03,0.06,outcome_aware,3.039579750453863,1.0117105680736274,0.10288797207235797,0.5481434465249128,0.2413836877181847
6,0.3,0.2,0.03,0.03,outcome_aware,3.0396434287641934,1.0141859727070772,0.10098381466201206,0.5508727388130752,0.2363694065376071
7,0.3,0.2,0.03,0.03,outcome_aware,3.039797514494358,1.0143763884481116,0.10079339892097747,0.5508727388130752,0.2361789907965725
6,0.4,0.2,0.06,0.03,outcome_aware,3.039865635071812,1.0123452872104093,0.10276102824500159,0.5493494128847984,0.24087591240875914
6,0.3,0.2,0.0,0.06,outcome_aware,3.040017362692628,1.0143446524912727,0.10136464614408125,0.5496667724531895,0.23782926055220566
6,0.4,0.2,0.06,0.06,outcome_aware,3.040134824484053,1.0116788321167882,0.10301491589971437,0.5482069184385909,0.2413202158045065
6,0.4,0.2,0.1,0.03,outcome_aware,3.0401637218417457,1.012250079339892,0.1026975563313234,0.5490955252300856,0.24087591240875914
7,0.4,0.2,0.06,0.03,outcome_aware,3.0401986030181702,1.012567438908283,0.102570612503967,0.5493494128847984,0.24068549666772454
7,0.3,0.2,0.0,0.06,outcome_aware,3.0402209954986334,1.0145668041891462,0.10111075848936846,0.5496667724531895,0.23757537289749286
5,0.3,0.2,0.06,0.03,outcome_aware,3.0404608641618354,1.01513805141225,0.10047603935258648,0.5509362107267534,0.2364963503649635
7,0.4,0.2,0.1,0.03,outcome_aware,3.0404945298154686,1.0124722310377658,0.102570612503967,0.5490955252300856,0.24074896858140274
7,0.4,0.2,0.06,0.06,outcome_aware,3.0405025142030486,1.011900983814662,0.10282450015867979,0.5482069184385909,0.24112980006347193
5,0.4,0.2,0.1,0.06,outcome_aware,3.0406843774285126,1.012567438908283,0.1023801967629324,0.5483973341796256,0.2411932719771501
6,0.4,0.2,0.03,0.03,outcome_aware,3.0408314363508375,1.0121866074262138,0.1025071405902888,0.5490955252300856,0.24043160901301175
7,0.4,0.2,0.03,0.03,outcome_aware,3.0409855220810025,1.0123770231672484,0.1023167248492542,0.5490955252300856,0.24024119327197715
5,0.4,0.2,0.03,0.06,outcome_aware,3.0413195304348783,1.0123135512535704,0.1024436686766106,0.5481434465249128,0.2411932719771501
6,0.4,0.2,0.0,0.06,outcome_aware,3.0414627679312045,1.0124404950809267,0.10282450015867979,0.5480165026975563,0.24201840685496667
6,0.3,0.2,0.1,0.01,outcome_aware,3.0415058450008514,1.0150111075848938,0.10028562361155188,0.5512535702951444,0.2367502380196763
6,0.3,0.2,0.06,0.01,outcome_aware,3.041644807547018,1.01478895588702,0.10085687083465567,0.5511900983814662,0.2361789907965725
7,0.4,0.2,0.0,0.06,outcome_aware,3.04166640073721,1.0126626467788005,0.102570612503967,0.5480165026975563,0.24176451920025388
7,0.3,0.2,0.1,0.01,outcome_aware,3.0416900265929843,1.0151697873690892,0.10022215169787368,0.5512535702951444,0.2366867661059981
7,0.3,0.2,0.06,0.01,outcome_aware,3.0420240917165953,1.0150428435417327,0.10072992700729927,0.5511900983814662,0.2360520469692161
5,0.3,0.2,0.03,0.03,outcome_aware,3.042119017702892,1.0152015233259282,0.10034909552523008,0.5508727388130752,0.2361155188828943
5,0.4,0.2,0.06,0.06,outcome_aware,3.0421827565283728,1.012535702951444,0.1023801967629324,0.5482069184385909,0.24100285623611553
6,0.3,0.2,0.03,0.01,outcome_aware,3.042227537418705,1.01513805141225,0.10072992700729927,0.5515074579498572,0.2361155188828943
5,0.3,0.2,0.0,0.06,outcome_aware,3.0422518282522617,1.0152649952396064,0.10066645509362107,0.5496667724531895,0.23738495715645827
5,0.4,0.2,0.06,0.03,outcome_aware,3.0423249953551097,1.0132973659155824,0.10212630910821961,0.5493494128847984,0.24062202475404634
6,0.4,0.2,0.06,0.01,outcome_aware,3.0425279188727874,1.0127261186924785,0.1024436686766106,0.5495398286258331,0.24030466518565535
7,0.3,0.2,0.03,0.01,outcome_aware,3.042535106624837,1.0153602031101239,0.10060298317994287,0.5515074579498572,0.2359885750555379
6,0.4,0.2,0.03,0.01,outcome_aware,3.0425842640637053,1.0127261186924785,0.10225325293557601,0.5495398286258331,0.24024119327197715
6,0.3,0.2,0.1,0.0,outcome_aware,3.0428872191656513,1.0156775626785148,0.10028562361155188,0.551443986036179,0.23700412567438908
7,0.4,0.2,0.03,0.01,outcome_aware,3.0428918332698367,1.0129482703903523,0.10212630910821961,0.5495398286258331,0.24011424944462076
7,0.4,0.2,0.06,0.01,outcome_aware,3.0429072030423643,1.0129800063471914,0.1023167248492542,0.5495398286258331,0.24017772135829896
6,0.3,0.2,0.0,0.01,outcome_aware,3.0430099189054047,1.0158362424627103,0.09971437638844811,0.5516978736908917,0.23509996826404317
7,0.3,0.2,0.1,0.0,outcome_aware,3.0430295518695134,1.0158362424627103,0.10022215169787368,0.551443986036179,0.23694065376071088
6,0.3,0.2,0.06,0.0,outcome_aware,3.043195188918403,1.015455410980641,0.10066645509362107,0.551443986036179,0.2361155188828943
6,0.4,0.2,0.1,0.01,outcome_aware,3.0432122593254163,1.013138686131387,0.10206283719454141,0.5496033005395112,0.24074896858140274
6,0.4,0.2,0.06,0.0,outcome_aware,3.043219302093689,1.0132656299587433,0.1023167248492542,0.5499206601079023,0.24043160901301175
5,0.4,0.2,0.1,0.03,outcome_aware,3.0432487652525344,1.013487781656617,0.10206283719454141,0.5490955252300856,0.24062202475404634
5,0.4,0.2,0.03,0.03,outcome_aware,3.0433070252895362,1.013202158045065,0.10187242145350682,0.5490955252300856,0.24017772135829896
7,0.3,0.2,0.0,0.01,outcome_aware,3.0433671444339514,1.016090130117423,0.09958743256109172,0.5516978736908917,0.23497302443668677
7,0.3,0.2,0.06,0.0,outcome_aware,3.043393587767022,1.0156458267216757,0.10053951126626468,0.551443986036179,0.2359885750555379
7,0.4,0.2,0.1,0.01,outcome_aware,3.043396440917549,1.0132973659155824,0.10199936528086322,0.5496033005395112,0.24068549666772454
7,0.4,0.2,0.06,0.0,outcome_aware,3.043417700942308,1.0134560456997779,0.10218978102189781,0.5499206601079023,0.24030466518565535
6,0.3,0.2,0.0,0.03,outcome_aware,3.0434599740800308,1.0153284671532847,0.10047603935258648,0.5501745477626151,0.2361789907965725
6,0.3,0.2,0.0,0.0,outcome_aware,3.0434943199455717,1.0161853379879404,0.09939701682005712,0.5519517613456045,0.23465566486829578
5,0.4,0.2,0.0,0.06,outcome_aware,3.043697233490838,1.0133608378292605,0.10212630910821961,0.5480165026975563,0.24157410345921929
7,0.3,0.2,0.0,0.0,outcome_aware,3.0437423751166066,1.016407489685814,0.09927007299270073,0.5519517613456045,0.2345287210409394
6,0.3,0.2,0.03,0.0,outcome_aware,3.043755649405442,1.0158679784195495,0.10034909552523008,0.55176134560457,0.23592510314185972
7,0.3,0.2,0.0,0.03,outcome_aware,3.0438396851841296,1.0155823548079974,0.10028562361155188,0.5501745477626151,0.2359885750555379
6,0.4,0.2,0.0,0.03,outcome_aware,3.043841836375074,1.0129165344335131,0.10212630910821961,0.5483338622659473,0.24043160901301175
7,0.3,0.2,0.03,0.0,outcome_aware,3.0440037045764767,1.016090130117423,0.10022215169787368,0.55176134560457,0.23579815931450332
7,0.4,0.2,0.0,0.03,outcome_aware,3.044221547479173,1.013170422088226,0.10193589336718502,0.5483338622659473,0.24024119327197715
6,0.4,0.2,0.0,0.01,outcome_aware,3.044227547504716,1.0134560456997779,0.10136464614408125,0.5495398286258331,0.23941605839416058
5,0.3,0.2,0.06,0.01,outcome_aware,3.044235819523866,1.0158045065058712,0.10028562361155188,0.5511900983814662,0.2359885750555379
5,0.3,0.2,0.1,0.01,outcome_aware,3.0442923019296297,1.016090130117423,0.09965090447476992,0.5512535702951444,0.2364963503649635
6,0.4,0.2,0.1,0.0,outcome_aware,3.0443205192146165,1.0138368771818471,0.10199936528086322,0.5499206601079023,0.24112980006347193
7,0.4,0.2,0.1,0.0,outcome_aware,3.044462851918479,1.0139955569660426,0.10193589336718502,0.5499206601079023,0.24106632814979373
7,0.4,0.2,0.0,0.01,outcome_aware,3.044584773033263,1.0137099333544906,0.10123770231672485,0.5495398286258331,0.23928911456680418
6,0.4,0.2,0.03,0.0,outcome_aware,3.044586029607423,1.0134243097429387,0.10193589336718502,0.5496667724531895,0.24005077753094256
7,0.4,0.2,0.03,0.0,outcome_aware,3.044834084778458,1.0136464614408125,0.10180894953982862,0.5496667724531895,0.23992383370358616
5,0.3,0.2,0.03,0.01,outcome_aware,3.044905569606963,1.0162488099016185,0.1000952078705173,0.5515074579498572,0.23586163122818152
5,0.4,0.2,0.06,0.01,outcome_aware,3.0451189308496356,1.0137416693113297,0.10187242145350682,0.5495398286258331,0.24011424944462076
5,0.4,0.2,0.03,0.01,outcome_aware,3.0452622962519627,1.0138368771818471,0.10161853379879403,0.5495398286258331,0.23998730561726436
5,0.3,0.2,0.0,0.01,outcome_aware,3.0455246678660464,1.0168517930815615,0.09907965725166613,0.5516978736908917,0.23484608060933038
6,0.4,0.2,0.0,0.0,outcome_aware,3.045546949189786,1.013805141225008,0.10098381466201206,0.5493494128847984,0.2388448111710568
5,0.3,0.2,0.1,0.0,outcome_aware,3.0455980150480637,1.016756585211044,0.09965090447476992,0.551443986036179,0.2367502380196763
7,0.4,0.2,0.0,0.0,outcome_aware,3.0457950043608215,1.0140272929228815,0.10085687083465567,0.5493494128847984,0.2387178673437004
5,0.4,0.2,0.1,0.01,outcome_aware,3.0459987162541946,1.0142177086639161,0.10142811805775945,0.5496033005395112,0.24049508092668995
5,0.3,0.2,0.06,0.0,outcome_aware,3.0460963710377023,1.0165979054268486,0.1000317359568391,0.551443986036179,0.23586163122818152
5,0.4,0.2,0.06,0.0,outcome_aware,3.046120484212988,1.0144081244049508,0.10168200571247223,0.5499206601079023,0.24017772135829896
5,0.3,0.2,0.0,0.0,outcome_aware,3.0461479616944045,1.0172643605204696,0.09876229768327516,0.5519517613456045,0.234401777213583
6,0.0,0.1,0.06,0.03,outcome_aware,3.046190882376497,1.0108536972389717,0.1026340844176452,0.5416058394160584,0.23801967629324025
5,0.3,0.2,0.0,0.03,outcome_aware,3.046219964470693,1.016439225642653,0.09984132021580451,0.5501745477626151,0.23586163122818152
5,0.3,0.2,0.03,0.0,outcome_aware,3.0464217052348785,1.0169470009520787,0.09971437638844811,0.55176134560457,0.23567121548714695
7,0.0,0.1,0.06,0.03,outcome_aware,3.0465238503228558,1.0110758489368454,0.1024436686766106,0.5416058394160584,0.23782926055220566
5,0.4,0.2,0.0,0.03,outcome_aware,3.046601826765736,1.0140272929228815,0.10149158997143765,0.5483338622659473,0.24011424944462076
5,0.4,0.2,0.0,0.01,outcome_aware,3.046742296465358,1.014471596318629,0.10072992700729927,0.5495398286258331,0.2391621707394478
5,0.4,0.2,0.1,0.0,outcome_aware,3.0470313150970285,1.0149158997143763,0.10136464614408125,0.5499206601079023,0.24087591240875914
5,0.4,0.2,0.03,0.0,outcome_aware,3.047252085436859,1.0145033322754682,0.10130117423040305,0.5496667724531895,0.23979688987622977
5,0.4,0.2,0.0,0.0,outcome_aware,3.0482005909386194,1.0148841637575372,0.10034909552523008,0.5493494128847984,0.238590923516344
6,0.0,0.1,0.03,0.03,outcome_aware,3.0482295576054788,1.0112980006347192,0.10218978102189781,0.5415423675023802,0.23770231672484926
6,0.0,0.1,0.1,0.06,outcome_aware,3.0483117350244715,1.0098698825769596,0.10301491589971437,0.5398286258330689,0.2386543954300222
7,0.0,0.1,0.03,0.03,outcome_aware,3.0483836433356437,1.0114884163757538,0.10199936528086322,0.5415423675023802,0.23751190098381467
5,0.0,0.1,0.06,0.03,outcome_aware,3.0486502426597943,1.0118057759441448,0.10199936528086322,0.5416058394160584,0.23776578863852746
7,0.0,0.1,0.1,0.06,outcome_aware,3.0488362483186298,1.0101237702316725,0.10282450015867979,0.5398286258330689,0.2384639796889876
6,0.0,0.1,0.06,0.06,outcome_aware,3.0491548869765053,1.0100920342748334,0.10326880355442716,0.5403364011424945,0.2389717549984132
6,0.0,0.1,0.1,0.03,outcome_aware,3.0493398367453786,1.0111393208505237,0.1024436686766106,0.5407172326245636,0.23833703586163124
7,0.0,0.1,0.06,0.06,outcome_aware,3.0495225766955003,1.0103141859727072,0.10307838781339257,0.5403364011424945,0.2387813392573786
6,0.0,0.1,0.0,0.01,outcome_aware,3.0495614991458213,1.0128530625198349,0.10092034274833386,0.5419866708981276,0.23592510314185972
6,0.0,0.1,0.03,0.01,outcome_aware,3.049601702404387,1.0123770231672484,0.10149158997143765,0.541796255157093,0.2368137099333545
6,0.0,0.1,0.03,0.06,outcome_aware,3.049653733648627,1.0104411298000635,0.10320533164074897,0.5399555696604252,0.238908283084735
7,0.0,0.1,0.1,0.03,outcome_aware,3.049670644719102,1.0113614725483973,0.1023167248492542,0.5407172326245636,0.23821009203427485
6,0.0,0.1,0.06,0.01,outcome_aware,3.0497260920996543,1.0119961916851794,0.10218978102189781,0.541796255157093,0.23757537289749286
6,0.1,0.1,0.06,0.03,outcome_aware,3.049810614905801,1.0110441129800063,0.1025071405902888,0.540526816883529,0.23770231672484926
7,0.0,0.1,0.03,0.01,outcome_aware,3.049909271610519,1.0125991748651222,0.10136464614408125,0.541796255157093,0.2366867661059981
7,0.0,0.1,0.0,0.01,outcome_aware,3.049918724674369,1.0131069501745478,0.10079339892097747,0.5419866708981276,0.23579815931450332
6,0.1,0.1,0.1,0.06,outcome_aware,3.0499200748023645,1.0099016185337988,0.10288797207235797,0.5391304347826087,0.23827356394795304
7,0.0,0.1,0.03,0.06,outcome_aware,3.0499593114283434,1.0106632814979373,0.10301491589971437,0.5399555696604252,0.2387178673437004
7,0.0,0.1,0.06,0.01,outcome_aware,3.050105376269232,1.012250079339892,0.10206283719454141,0.541796255157093,0.23744842907013647
7,0.1,0.1,0.06,0.03,outcome_aware,3.0501435828521593,1.01126626467788,0.1023167248492542,0.540526816883529,0.23751190098381467
6,0.2,0.1,0.1,0.06,outcome_aware,3.0503500648290163,1.009330371310695,0.10326880355442716,0.5388130752142177,0.2390352269120914
7,0.1,0.1,0.1,0.06,outcome_aware,3.0504445880965227,1.0101555061885117,0.1026975563313234,0.5391304347826087,0.23808314820691845
6,0.0,0.1,0.1,0.01,outcome_aware,3.0504512804218233,1.0123452872104093,0.10174547762615042,0.5417327832434148,0.23814662012059665
7,0.0,0.1,0.1,0.01,outcome_aware,3.0506354620139566,1.012503966994605,0.10168200571247223,0.5417327832434148,0.23808314820691845
5,0.0,0.1,0.03,0.03,outcome_aware,3.050705146544178,1.0123135512535704,0.10155506188511583,0.5415423675023802,0.23744842907013647
6,0.2,0.1,0.1,0.03,outcome_aware,3.050725872025098,1.0106315455410981,0.10295144398603617,0.5401459854014599,0.2390352269120914
7,0.2,0.1,0.1,0.06,outcome_aware,3.0508745781231754,1.0095842589654078,0.10307838781339257,0.5388130752142177,0.2388448111710568
6,0.2,0.1,0.06,0.03,outcome_aware,3.0509072823850176,1.0105046017137416,0.10301491589971437,0.5401459854014599,0.2385274516026658
6,0.0,0.1,0.0,0.06,outcome_aware,3.050943228377464,1.0112027927642018,0.10295144398603617,0.5398286258330689,0.238908283084735
5,0.0,0.1,0.1,0.06,outcome_aware,3.0509833994084103,1.01091716915265,0.1024436686766106,0.5398286258330689,0.2384639796889876
7,0.2,0.1,0.1,0.03,outcome_aware,3.0510566799988217,1.0108536972389717,0.10282450015867979,0.5401459854014599,0.238908283084735
7,0.0,0.1,0.0,0.06,outcome_aware,3.0511468611834687,1.0114249444620755,0.1026975563313234,0.5398286258330689,0.2386543954300222
5,0.0,0.1,0.06,0.06,outcome_aware,3.051202819020825,1.010948905109489,0.1026340844176452,0.5403364011424945,0.2386543954300222
6,0.1,0.1,0.1,0.03,outcome_aware,3.0512351646624154,1.0112027927642018,0.1024436686766106,0.5400825134877817,0.23808314820691845
7,0.2,0.1,0.06,0.03,outcome_aware,3.051240250331376,1.0107267534116153,0.10282450015867979,0.5401459854014599,0.23833703586163124
6,0.0,0.1,0.0,0.0,outcome_aware,3.0513145744806915,1.0136464614408125,0.10047603935258648,0.542113614725484,0.23567121548714695
7,0.0,0.1,0.0,0.0,outcome_aware,3.051562629651726,1.013868613138686,0.10034909552523008,0.542113614725484,0.23554427165979056
7,0.1,0.1,0.1,0.03,outcome_aware,3.0515659726361384,1.0114249444620755,0.1023167248492542,0.5400825134877817,0.23795620437956205
6,0.1,0.1,0.06,0.06,outcome_aware,3.0516065670397396,1.0101237702316725,0.10314185972707077,0.5393208505236433,0.2386543954300222
5,0.0,0.1,0.03,0.06,outcome_aware,3.0516990914093585,1.01126626467788,0.102570612503967,0.5399555696604252,0.2385274516026658
6,0.0,0.1,0.1,0.0,outcome_aware,3.0517012930621648,1.0129165344335131,0.10168200571247223,0.5420501428118057,0.23840050777530944
6,0.0,0.1,0.06,0.0,outcome_aware,3.051796736682786,1.0126626467788005,0.10180894953982862,0.5415423675023802,0.23706759758806728
6,0.0,0.1,0.0,0.03,outcome_aware,3.0518046327582034,1.0125991748651222,0.10174547762615042,0.541161536020311,0.23751190098381467
6,0.0,0.1,0.03,0.0,outcome_aware,3.051839352523077,1.0130117423040306,0.10142811805775945,0.541796255157093,0.2364963503649635
7,0.0,0.1,0.1,0.0,outcome_aware,3.051843625766027,1.0130752142177086,0.10161853379879403,0.5420501428118057,0.23833703586163124
7,0.1,0.1,0.06,0.06,outcome_aware,3.0519742567587347,1.010345921929546,0.10295144398603617,0.5393208505236433,0.2384639796889876
7,0.0,0.1,0.06,0.0,outcome_aware,3.051995135531405,1.0128530625198349,0.10168200571247223,0.5415423675023802,0.23694065376071088
5,0.0,0.1,0.0,0.01,outcome_aware,3.052076248106464,1.013868613138686,0.10028562361155188,0.5419866708981276,0.23567121548714695
7,0.0,0.1,0.03,0.0,outcome_aware,3.052087407694112,1.0132338940019041,0.10130117423040305,0.541796255157093,0.2363694065376071
6,0.2,0.1,0.1,0.01,outcome_aware,3.052171654385534,1.0119327197715011,0.10212630910821961,0.5410980641066329,0.2387178673437004
7,0.0,0.1,0.0,0.03,outcome_aware,3.052184343862302,1.0128530625198349,0.10155506188511583,0.541161536020311,0.23732148524278007
5,0.1,0.1,0.06,0.03,outcome_aware,3.0522699751890983,1.0119961916851794,0.10187242145350682,0.540526816883529,0.23744842907013647
5,0.0,0.1,0.03,0.01,outcome_aware,3.052279734592645,1.013487781656617,0.10085687083465567,0.541796255157093,0.2365598222786417
5,0.0,0.1,0.06,0.01,outcome_aware,3.0523171040765034,1.0130117423040306,0.10161853379879403,0.541796255157093,0.23738495715645827
7,0.2,0.1,0.1,0.01,outcome_aware,3.052355835977667,1.0120913995556966,0.10206283719454141,0.5410980641066329,0.2386543954300222
5,0.0,0.1,0.1,0.03,outcome_aware,3.0524248801561673,1.0123770231672484,0.10180894953982862,0.5407172326245636,0.23808314820691845
6,0.1,0.1,0.1,0.01,outcome_aware,3.052481096520053,1.012535702951444,0.10168200571247223,0.541161536020311,0.23789273246588385
5,0.1,0.1,0.1,0.06,outcome_aware,3.0525917391863033,1.010948905109489,0.1023167248492542,0.5391304347826087,0.23808314820691845
7,0.1,0.1,0.1,0.01,outcome_aware,3.0526652781121864,1.0126943827356394,0.10161853379879403,0.541161536020311,0.23782926055220566
6,0.1,0.1,0.03,0.03,outcome_aware,3.0527213503595525,1.0113614725483973,0.10218978102189781,0.5402729292288162,0.23751190098381467
6,0.2,0.1,0.06,0.06,outcome_aware,3.0528400746643394,1.0097112027927642,0.10358616312281815,0.5388765471278959,0.23954300222151698
7,0.1,0.1,0.03,0.03,outcome_aware,3.0528754360897175,1.0115518882894319,0.10199936528086322,0.5402729292288162,0.23732148524278007
5,0.2,0.1,0.1,0.06,outcome_aware,3.053021729212956,1.0103776578863852,0.1026975563313234,0.5388130752142177,0.2388448111710568
5,0.0,0.1,0.0,0.06,outcome_aware,3.0531776939370965,1.0121231355125357,0.10225325293557601,0.5398286258330689,0.2384639796889876
7,0.2,0.1,0.06,0.06,outcome_aware,3.053207764383335,1.009933354490638,0.10339574738178356,0.5388765471278959,0.23935258648048238
5,0.0,0.1,0.1,0.01,outcome_aware,3.053237737350601,1.0134243097429387,0.10111075848936846,0.5417327832434148,0.23789273246588385
5,0.2,0.1,0.06,0.03,outcome_aware,3.0533666426683155,1.0114566804189147,0.1023801967629324,0.5401459854014599,0.23827356394795304
5,0.1,0.1,0.06,0.06,outcome_aware,3.0536544990840593,1.0109806410663282,0.1025071405902888,0.5393208505236433,0.23833703586163124
6,0.2,0.1,0.1,0.0,outcome_aware,3.05365649465019,1.012535702951444,0.10206283719454141,0.5414154236750238,0.2389717549984132
6,0.1,0.1,0.1,0.0,outcome_aware,3.053694990394401,1.0130752142177086,0.10161853379879403,0.541478895588702,0.23814662012059665
7,0.2,0.1,0.1,0.0,outcome_aware,3.053798827354053,1.0126943827356394,0.10199936528086322,0.5414154236750238,0.238908283084735
5,0.2,0.1,0.1,0.03,outcome_aware,3.0538109154358875,1.0118692478578228,0.1023167248492542,0.5401459854014599,0.2387813392573786
7,0.1,0.1,0.1,0.0,outcome_aware,3.053837323098264,1.0132338940019041,0.10155506188511583,0.541478895588702,0.23808314820691845
6,0.2,0.1,0.03,0.03,outcome_aware,3.0538572377942126,1.0107584893684545,0.1026340844176452,0.5397016820057124,0.23833703586163124
5,0.0,0.1,0.0,0.0,outcome_aware,3.0539682162295234,1.0147254839733417,0.09984132021580451,0.542113614725484,0.23541732783243416
7,0.2,0.1,0.03,0.03,outcome_aware,3.054011323524377,1.010948905109489,0.1024436686766106,0.5397016820057124,0.23814662012059665
6,0.1,0.1,0.06,0.01,outcome_aware,3.054014206808804,1.0124404950809267,0.10199936528086322,0.5407172326245636,0.23725801332910187
6,0.1,0.1,0.03,0.06,outcome_aware,3.054212708820985,1.010599809584259,0.10320533164074897,0.5387496033005396,0.2387813392573786
6,0.1,0.1,0.03,0.01,outcome_aware,3.054299831907943,1.012535702951444,0.10136464614408125,0.5404633449698508,0.2366232941923199
5,0.1,0.1,0.1,0.03,outcome_aware,3.054320208073204,1.0124404950809267,0.10180894953982862,0.5400825134877817,0.23782926055220566
7,0.1,0.1,0.06,0.01,outcome_aware,3.0543934909783808,1.0126943827356394,0.10187242145350682,0.5407172326245636,0.23713106950174548
5,0.0,0.1,0.1,0.0,outcome_aware,3.054412088944577,1.0139955569660426,0.10104728657569026,0.5420501428118057,0.23814662012059665
5,0.0,0.1,0.03,0.0,outcome_aware,3.054505408352514,1.0140907648365598,0.10079339892097747,0.541796255157093,0.2362424627102507
7,0.1,0.1,0.03,0.06,outcome_aware,3.0545182866007012,1.0108219612821328,0.10301491589971437,0.5387496033005396,0.238590923516344
6,0.1,0.1,0.0,0.01,outcome_aware,3.0545477701911232,1.0129482703903523,0.10079339892097747,0.5404633449698508,0.23579815931450332
5,0.0,0.1,0.0,0.03,outcome_aware,3.0545646231488655,1.0137099333544906,0.10111075848936846,0.541161536020311,0.23719454141542368
6,0.2,0.1,0.06,0.01,outcome_aware,3.054591143376934,1.0117423040304665,0.1025071405902888,0.5403364011424945,0.23808314820691845
7,0.1,0.1,0.03,0.01,outcome_aware,3.0546074011140742,1.0127578546493177,0.10123770231672485,0.5404633449698508,0.2364963503649635
5,0.0,0.1,0.06,0.0,outcome_aware,3.054697918802085,1.013805141225008,0.10117423040304666,0.5415423675023802,0.2368137099333545
5,0.2,0.1,0.06,0.06,outcome_aware,3.054888006708659,1.0105680736274198,0.10295144398603617,0.5388765471278959,0.23922564265312599
7,0.1,0.1,0.0,0.01,outcome_aware,3.0549049957196703,1.013202158045065,0.10066645509362107,0.5404633449698508,0.23567121548714695
5,0.2,0.1,0.1,0.01,outcome_aware,3.054958111314312,1.0130117423040306,0.10149158997143765,0.5410980641066329,0.2384639796889876
7,0.2,0.1,0.06,0.01,outcome_aware,3.054970427546512,1.0119961916851794,0.1023801967629324,0.5403364011424945,0.23795620437956205
5,0.1,0.1,0.03,0.03,outcome_aware,3.055196939298251,1.0123770231672484,0.10155506188511583,0.5402729292288162,0.23725801332910187
6,0.2,0.1,0.03,0.01,outcome_aware,3.0552119561066133,1.0118057759441448,0.10180894953982862,0.5398286258330689,0.23744842907013647
5,0.1,0.1,0.1,0.01,outcome_aware,3.0552675534488314,1.0136147254839734,0.10104728657569026,0.541161536020311,0.23763884481117106
6,0.2,0.1,0.03,0.06,outcome_aware,3.055269644568306,1.0100602983179943,0.10358616312281815,0.5381783560774357,0.23960647413519517
7,0.2,0.1,0.03,0.01,outcome_aware,3.0555195253127456,1.0120279276420183,0.10168200571247223,0.5398286258330689,0.23732148524278007
6,0.1,0.1,0.06,0.0,outcome_aware,3.055547047825922,1.0130434782608695,0.10161853379879403,0.5406537607108854,0.2368137099333545
7,0.2,0.1,0.03,0.06,outcome_aware,3.0555752223480224,1.010282450015868,0.10339574738178356,0.5381783560774357,0.23941605839416058
7,0.1,0.1,0.06,0.0,outcome_aware,3.055745446674541,1.0132338940019041,0.10149158997143765,0.5406537607108854,0.2366867661059981
6,0.1,0.1,0.0,0.0,outcome_aware,3.0558368552742228,1.0136147254839734,0.10047603935258648,0.5407172326245636,0.23560774357346875
6,0.1,0.1,0.0,0.06,outcome_aware,3.0559226701831936,1.011234528721041,0.10282450015867979,0.538241827991114,0.2387178673437004
7,0.1,0.1,0.0,0.0,outcome_aware,3.056084910445257,1.0138368771818471,0.10034909552523008,0.5407172326245636,0.23548079974611236
7,0.1,0.1,0.0,0.06,outcome_aware,3.0561263029891994,1.0114566804189147,0.102570612503967,0.538241827991114,0.2384639796889876
5,0.1,0.1,0.03,0.06,outcome_aware,3.0562580665817163,1.0114249444620755,0.102570612503967,0.5387496033005396,0.23840050777530944
5,0.2,0.1,0.03,0.03,outcome_aware,3.0563328267329117,1.0117740399873056,0.10199936528086322,0.5397016820057124,0.23808314820691845
5,0.2,0.1,0.1,0.0,outcome_aware,3.0563672905326027,1.0136147254839734,0.10142811805775945,0.5414154236750238,0.2387178673437004
5,0.1,0.1,0.1,0.0,outcome_aware,3.0564057862768133,1.014154236750238,0.10098381466201206,0.541478895588702,0.23789273246588385
6,0.2,0.1,0.06,0.0,outcome_aware,3.0565777130502054,1.0124404950809267,0.10206283719454141,0.540209457315138,0.23757537289749286
5,0.1,0.1,0.06,0.01,outcome_aware,3.0566052187856525,1.0134560456997779,0.10142811805775945,0.5407172326245636,0.23706759758806728
6,0.1,0.1,0.0,0.03,outcome_aware,3.056640785664134,1.0126309108219613,0.10168200571247223,0.5396382100920343,0.23744842907013647
6,0.1,0.1,0.03,0.0,outcome_aware,3.056646763870883,1.0132656299587433,0.10130117423040305,0.540526816883529,0.2363694065376071
6,0.2,0.1,0.0,0.01,outcome_aware,3.05676898724601,1.0123135512535704,0.10130117423040305,0.5395747381783561,0.2368137099333545
7,0.2,0.1,0.06,0.0,outcome_aware,3.056776111898825,1.0126309108219613,0.10193589336718502,0.540209457315138,0.23744842907013647
7,0.1,0.1,0.03,0.0,outcome_aware,3.056894819041918,1.013487781656617,0.10117423040304666,0.540526816883529,0.2362424627102507
5,0.1,0.1,0.03,0.01,outcome_aware,3.0569778640962,1.0136464614408125,0.10072992700729927,0.5404633449698508,0.2363694065376071
7,0.1,0.1,0.0,0.03,outcome_aware,3.057020496768233,1.012884798476674,0.10149158997143765,0.5396382100920343,0.23725801332910187
5,0.1,0.1,0.0,0.01,outcome_aware,3.0570625191517657,1.0139638210092035,0.10015867978419549,0.5404633449698508,0.23554427165979056
7,0.2,0.1,0.0,0.01,outcome_aware,3.0571262127745573,1.012567438908283,0.10117423040304666,0.5395747381783561,0.2366867661059981
5,0.2,0.1,0.06,0.01,outcome_aware,3.057182155353783,1.0127578546493177,0.10193589336718502,0.5403364011424945,0.23789273246588385
5,0.2,0.1,0.03,0.06,outcome_aware,3.057315002329038,1.0108854331958108,0.10295144398603617,0.5381783560774357,0.23922564265312599
6,0.2,0.1,0.0,0.06,outcome_aware,3.057495716929723,1.0106950174547762,0.10314185972707077,0.5374801650269756,0.23954300222151698
6,0.2,0.1,0.03,0.0,outcome_aware,3.057594699783161,1.012567438908283,0.10174547762615042,0.5399555696604252,0.23725801332910187
7,0.2,0.1,0.0,0.06,outcome_aware,3.0576993497357283,1.01091716915265,0.10288797207235797,0.5374801650269756,0.23928911456680418
7,0.2,0.1,0.03,0.0,outcome_aware,3.057842754954196,1.0127895906061568,0.10161853379879403,0.5399555696604252,0.23713106950174548
5,0.2,0.1,0.03,0.01,outcome_aware,3.057889988294871,1.0129165344335131,0.10117423040304666,0.5398286258330689,0.23719454141542368
6,0.2,0.1,0.0,0.0,outcome_aware,3.0579150240122974,1.0129482703903523,0.10104728657569026,0.5398920977467471,0.2366867661059981
5,0.1,0.1,0.0,0.06,outcome_aware,3.0581571357428268,1.0121548714693749,0.10212630910821961,0.538241827991114,0.23827356394795304
7,0.2,0.1,0.0,0.0,outcome_aware,3.0581630791833323,1.013170422088226,0.10092034274833386,0.5398920977467471,0.2365598222786417
5,0.1,0.1,0.06,0.0,outcome_aware,3.058448229945221,1.0141859727070772,0.10098381466201206,0.5406537607108854,0.2365598222786417
5,0.1,0.1,0.0,0.0,outcome_aware,3.0584904970230555,1.0146937480165028,0.09984132021580451,0.5407172326245636,0.23535385591875596
6,0.2,0.1,0.0,0.03,outcome_aware,3.0586677436687375,1.0120279276420183,0.10206283719454141,0.5387496033005396,0.23827356394795304
6,0.3,0.1,0.06,0.03,outcome_aware,3.0589045194988453,1.0100602983179943,0.10301491589971437,0.5379244684227229,0.2386543954300222
7,0.2,0.1,0.0,0.03,outcome_aware,3.059047454772837,1.0122818152967312,0.10187242145350682,0.5387496033005396,0.23808314820691845
7,0.3,0.1,0.06,0.03,outcome_aware,3.0592374874452037,1.010282450015868,0.10282450015867979,0.5379244684227229,0.2384639796889876
5,0.2,0.1,0.0,0.01,outcome_aware,3.0592837362066523,1.0133291018724215,0.10066645509362107,0.5395747381783561,0.2365598222786417
5,0.1,0.1,0.03,0.0,outcome_aware,3.05931281970032,1.0143446524912727,0.10066645509362107,0.540526816883529,0.2361155188828943
5,0.1,0.1,0.0,0.03,outcome_aware,3.0594007760547965,1.0137416693113297,0.10104728657569026,0.5396382100920343,0.23713106950174548
5,0.2,0.1,0.06,0.0,outcome_aware,3.059478895169505,1.0135829895271342,0.10142811805775945,0.540209457315138,0.23732148524278007
5,0.2,0.1,0.0,0.06,outcome_aware,3.059730182489356,1.0116153602031102,0.1024436686766106,0.5374801650269756,0.2390986988257696
6,0.3,0.1,0.1,0.06,outcome_aware,3.0601509651649508,1.0092034274833386,0.10326880355442716,0.5368454458901936,0.23922564265312599
5,0.2,0.1,0.03,0.0,outcome_aware,3.060260755612598,1.0136464614408125,0.10111075848936846,0.5399555696604252,0.23700412567438908
6,0.4,0.1,0.06,0.03,outcome_aware,3.0605455632408485,1.0092034274833386,0.10390352269120914,0.5372262773722628,0.24043160901301175
5,0.2,0.1,0.0,0.0,outcome_aware,3.0605686657611297,1.0140272929228815,0.10041256743890828,0.5398920977467471,0.2364328784512853
7,0.3,0.1,0.1,0.06,outcome_aware,3.06067547845911,1.0094573151380515,0.10307838781339257,0.5368454458901936,0.2390352269120914
6,0.4,0.1,0.03,0.01,outcome_aware,3.060711985684486,1.0100920342748334,0.10288797207235797,0.5374166931132973,0.23973341796255157
7,0.4,0.1,0.06,0.03,outcome_aware,3.060878531187207,1.0094255791812123,0.10371310695017455,0.5372262773722628,0.24024119327197715
6,0.3,0.1,0.1,0.03,outcome_aware,3.0608924727704183,1.0103141859727072,0.10288797207235797,0.5379244684227229,0.2389717549984132
6,0.3,0.1,0.03,0.01,outcome_aware,3.060895019286259,1.0113614725483973,0.10174547762615042,0.5377340526816884,0.23763884481117106
7,0.4,0.1,0.03,0.01,outcome_aware,3.061019554890618,1.0103141859727072,0.10276102824500159,0.5374166931132973,0.23960647413519517
7,0.3,0.1,0.03,0.01,outcome_aware,3.061202588492391,1.011583624246271,0.10161853379879403,0.5377340526816884,0.23751190098381467
7,0.3,0.1,0.1,0.03,outcome_aware,3.0612232807441417,1.0105363376705807,0.10276102824500159,0.5379244684227229,0.2388448111710568
6,0.4,0.1,0.1,0.06,outcome_aware,3.061304503579965,1.0086004443033958,0.10396699460488734,0.5362741986670898,0.24081244049508094
5,0.3,0.1,0.06,0.03,outcome_aware,3.0613638797821427,1.0110123770231672,0.1023801967629324,0.5379244684227229,0.23840050777530944
5,0.2,0.1,0.0,0.03,outcome_aware,3.0614277340594,1.013138686131387,0.10142811805775945,0.5387496033005396,0.23795620437956205
7,0.4,0.1,0.1,0.06,outcome_aware,3.0618290168741242,1.0088543319581085,0.10377657886385275,0.5362741986670898,0.24062202475404634
6,0.0,0.05,0.0,0.03,outcome_aware,3.061921055922953,1.009615994922247,0.1026975563313234,0.5324024119327198,0.23935258648048238
6,0.3,0.1,0.1,0.01,outcome_aware,3.061985082597283,1.0116153602031102,0.10212630910821961,0.5389400190415741,0.2388448111710568
7,0.3,0.1,0.1,0.01,outcome_aware,3.0621692641894165,1.0117740399873056,0.10206283719454141,0.5389400190415741,0.2387813392573786
6,0.3,0.1,0.03,0.03,outcome_aware,3.0621757736872177,1.010345921929546,0.1026340844176452,0.5374166931132973,0.2385274516026658
7,0.0,0.05,0.0,0.03,outcome_aware,3.0623007670270517,1.0098698825769596,0.1025071405902888,0.5324024119327198,0.2391621707394478
7,0.3,0.1,0.03,0.03,outcome_aware,3.0623298594173827,1.0105363376705807,0.1024436686766106,0.5374166931132973,0.23833703586163124
6,0.3,0.1,0.06,0.01,outcome_aware,3.0624703648096827,1.0113614725483973,0.1023801967629324,0.538241827991114,0.23827356394795304
6,0.4,0.1,0.0,0.0,outcome_aware,3.062679577430466,1.0108854331958108,0.10218978102189781,0.5372262773722628,0.2389717549984132
6,0.0,0.05,0.0,0.0,outcome_aware,3.062795370726698,1.0111393208505237,0.10155506188511583,0.5339257378609965,0.23795620437956205
5,0.3,0.1,0.1,0.06,outcome_aware,3.0628226295488905,1.0102507140590289,0.1026975563313234,0.5368454458901936,0.2390352269120914
6,0.0,0.05,0.0,0.01,outcome_aware,3.0628402098083405,1.0108219612821328,0.10174547762615042,0.5336083782926055,0.23814662012059665
7,0.3,0.1,0.06,0.01,outcome_aware,3.06284964897926,1.0116153602031102,0.10225325293557601,0.538241827991114,0.23814662012059665
6,0.3,0.1,0.06,0.06,outcome_aware,3.062885248709666,1.0093938432243732,0.10364963503649635,0.5365915582354808,0.23966994604887337
6,0.4,0.1,0.0,0.01,outcome_aware,3.0629117242479076,1.0104411298000635,0.1023801967629324,0.5367819739765154,0.2390352269120914
7,0.4,0.1,0.0,0.0,outcome_aware,3.0629276326015007,1.0111075848936846,0.10206283719454141,0.5372262773722628,0.2388448111710568
5,0.4,0.1,0.06,0.03,outcome_aware,3.0630049235241454,1.0101555061885117,0.10326880355442716,0.5372262773722628,0.24017772135829896
6,0.0,0.05,0.06,0.0,outcome_aware,3.063013102029531,1.0107267534116153,0.10276102824500159,0.5345604569977784,0.2385274516026658
6,0.4,0.1,0.1,0.03,outcome_aware,3.0630424275124444,1.0097112027927642,0.10358616312281815,0.5371628054585845,0.24062202475404634
7,0.0,0.05,0.0,0.0,outcome_aware,3.063043425897733,1.0113614725483973,0.10142811805775945,0.5339257378609965,0.23782926055220566
6,0.0,0.05,0.1,0.0,outcome_aware,3.0630823175249575,1.0110758489368454,0.102570612503967,0.5348778165661695,0.2391621707394478
6,0.3,0.1,0.0,0.0,outcome_aware,3.0631756638312604,1.0123135512535704,0.10111075848936846,0.5376071088543319,0.23694065376071088
7,0.0,0.05,0.0,0.01,outcome_aware,3.063197435336888,1.0110758489368454,0.10161853379879403,0.5336083782926055,0.23801967629324025
6,0.4,0.1,0.03,0.03,outcome_aware,3.0632026503370056,1.0092034274833386,0.10352269120913996,0.5365915582354808,0.24017772135829896
7,0.0,0.05,0.06,0.0,outcome_aware,3.06321150087815,1.01091716915265,0.1026340844176452,0.5345604569977784,0.23840050777530944
7,0.0,0.05,0.1,0.0,outcome_aware,3.06322465022882,1.011234528721041,0.1025071405902888,0.5348778165661695,0.2390986988257696
7,0.3,0.1,0.06,0.06,outcome_aware,3.063252938428661,1.009615994922247,0.10345921929546176,0.5365915582354808,0.23947953030783878
7,0.4,0.1,0.0,0.01,outcome_aware,3.0632689497764547,1.0106950174547762,0.10225325293557601,0.5367819739765154,0.238908283084735
6,0.4,0.1,0.03,0.0,outcome_aware,3.063306459745912,1.0108219612821328,0.10282450015867979,0.5374801650269756,0.23973341796255157
6,0.3,0.1,0.1,0.0,outcome_aware,3.063324975797809,1.0121866074262138,0.10218978102189781,0.5393843224373215,0.23922564265312599
6,0.0,0.05,0.03,0.06,outcome_aware,3.063344998540692,1.0086639162170739,0.10371310695017455,0.5310060298317995,0.24036813709933355
7,0.4,0.1,0.03,0.03,outcome_aware,3.063356736067171,1.0093938432243732,0.10333227546810536,0.5365915582354808,0.23998730561726436
7,0.4,0.1,0.1,0.03,outcome_aware,3.063373235486168,1.009933354490638,0.10345921929546176,0.5371628054585845,0.24049508092668995
6,0.3,0.1,0.0,0.01,outcome_aware,3.063390012069086,1.011837511900984,0.10136464614408125,0.5371628054585845,0.23700412567438908
5,0.4,0.1,0.03,0.01,outcome_aware,3.0633900178727442,1.0112027927642018,0.10225325293557601,0.5374166931132973,0.23947953030783878
7,0.3,0.1,0.0,0.0,outcome_aware,3.063423719002295,1.012535702951444,0.10098381466201206,0.5376071088543319,0.2368137099333545
7,0.3,0.1,0.1,0.0,outcome_aware,3.063467308501672,1.0123452872104093,0.10212630910821961,0.5393843224373215,0.2391621707394478
6,0.0,0.05,0.1,0.01,outcome_aware,3.063507807389961,1.0105680736274198,0.1026975563313234,0.5343065693430656,0.238908283084735
6,0.1,0.05,0.1,0.0,outcome_aware,3.0635433550248266,1.0110758489368454,0.102570612503967,0.534750872738813,0.2390986988257696
7,0.4,0.1,0.03,0.0,outcome_aware,3.0635545149169467,1.0110441129800063,0.1026975563313234,0.5374801650269756,0.23960647413519517
5,0.3,0.1,0.03,0.01,outcome_aware,3.063573051474517,1.0124722310377658,0.10111075848936846,0.5377340526816884,0.23738495715645827
6,0.0,0.05,0.06,0.03,outcome_aware,3.063608637455646,1.009996826404316,0.10364963503649635,0.5333544906378928,0.23992383370358616
7,0.0,0.05,0.03,0.06,outcome_aware,3.063650576320409,1.0088860679149476,0.10352269120913996,0.5310060298317995,0.24017772135829896
6,0.2,0.05,0.03,0.06,outcome_aware,3.063663149026033,1.0080926689939702,0.10415741034592194,0.530561726436052,0.24112980006347193
6,0.1,0.05,0.1,0.01,outcome_aware,3.0636784041714162,1.010599809584259,0.1026340844176452,0.5342430974293875,0.2388448111710568
6,0.4,0.1,0.0,0.03,outcome_aware,3.0636802858434127,1.0100920342748334,0.10320533164074897,0.5362107267534116,0.24043160901301175
6,0.3,0.1,0.03,0.06,outcome_aware,3.0636836936727505,1.0098381466201205,0.10358616312281815,0.5360837829260552,0.23986036178990797
7,0.1,0.05,0.1,0.0,outcome_aware,3.0636856877286895,1.011234528721041,0.1025071405902888,0.534750872738813,0.2390352269120914
7,0.0,0.05,0.1,0.01,outcome_aware,3.063691988982094,1.0107267534116153,0.1026340844176452,0.5343065693430656,0.2388448111710568
7,0.3,0.1,0.0,0.01,outcome_aware,3.0637472375976333,1.0120913995556966,0.10123770231672485,0.5371628054585845,0.2368771818470327
6,0.3,0.1,0.03,0.0,outcome_aware,3.0637823074741997,1.0120913995556966,0.10174547762615042,0.5377340526816884,0.23751190098381467
7,0.1,0.05,0.1,0.01,outcome_aware,3.0638625857635495,1.0107584893684545,0.102570612503967,0.5342430974293875,0.2387813392573786
7,0.0,0.05,0.06,0.03,outcome_aware,3.0639416054020048,1.0102189781021897,0.10345921929546176,0.5333544906378928,0.23973341796255157
7,0.2,0.05,0.03,0.06,outcome_aware,3.063968726805749,1.0083148206918437,0.10396699460488734,0.530561726436052,0.24093938432243733
5,0.4,0.1,0.1,0.06,outcome_aware,3.0639761679639044,1.009647730879086,0.10339574738178356,0.5362741986670898,0.24062202475404634
5,0.3,0.1,0.1,0.03,outcome_aware,3.0639775161812075,1.0115518882894319,0.10225325293557601,0.5379244684227229,0.2387178673437004
7,0.3,0.1,0.03,0.06,outcome_aware,3.0639892714524666,1.0100602983179943,0.10339574738178356,0.5360837829260552,0.23966994604887337
7,0.3,0.1,0.03,0.0,outcome_aware,3.064030362645235,1.0123135512535704,0.10161853379879403,0.5377340526816884,0.23738495715645827
7,0.4,0.1,0.0,0.03,outcome_aware,3.0640599969475115,1.010345921929546,0.10301491589971437,0.5362107267534116,0.24024119327197715
6,0.4,0.1,0.03,0.06,outcome_aware,3.0641239977901935,1.0087273881307521,0.10441129800063471,0.5354490637892733,0.2413836877181847
6,0.2,0.05,0.1,0.01,outcome_aware,3.064159951922088,1.0103776578863852,0.10295144398603617,0.5341161536020311,0.23928911456680418
6,0.0,0.05,0.06,0.01,outcome_aware,3.064161186720061,1.010345921929546,0.10295144398603617,0.5334814344652491,0.2385274516026658
6,0.0,0.05,0.03,0.03,outcome_aware,3.0641934391162726,1.009647730879086,0.10314185972707077,0.5326562995874325,0.2391621707394478
6,0.4,0.1,0.06,0.06,outcome_aware,3.0642758909613055,1.0085369723897175,0.10434782608695652,0.5357664233576642,0.24112980006347193
6,0.0,0.05,0.06,0.06,outcome_aware,3.064342424421324,1.0089178038717868,0.10352269120913996,0.5311964455728341,0.23973341796255157
7,0.2,0.05,0.1,0.01,outcome_aware,3.064344133514221,1.0105363376705807,0.10288797207235797,0.5341161536020311,0.23922564265312599
6,0.4,0.1,0.0,0.06,outcome_aware,3.064344458151488,1.008949539828626,0.10415741034592194,0.5348778165661695,0.24157410345921929
7,0.0,0.05,0.03,0.03,outcome_aware,3.064347524846438,1.0098381466201205,0.10295144398603617,0.5326562995874325,0.2389717549984132
6,0.1,0.05,0.03,0.06,outcome_aware,3.0644263718924347,1.0086639162170739,0.10371310695017455,0.5304982545223739,0.24024119327197715
7,0.4,0.1,0.03,0.06,outcome_aware,3.0644295755699105,1.008949539828626,0.10422088225960013,0.5354490637892733,0.2411932719771501
6,0.4,0.1,0.06,0.01,outcome_aware,3.064437206539407,1.0105363376705807,0.10320533164074897,0.5374166931132973,0.24005077753094256
6,0.3,0.1,0.0,0.03,outcome_aware,3.0644660278964544,1.011583624246271,0.10206283719454141,0.5365280863218026,0.2384639796889876
6,0.0,0.05,0.03,0.0,outcome_aware,3.0644902757940145,1.0109806410663282,0.1026975563313234,0.5343700412567439,0.23922564265312599
7,0.0,0.05,0.06,0.01,outcome_aware,3.0645404708896384,1.010599809584259,0.10282450015867979,0.5334814344652491,0.23840050777530944
7,0.4,0.1,0.0,0.06,outcome_aware,3.0645480909574934,1.0091716915264994,0.10390352269120914,0.5348778165661695,0.2413202158045065
6,0.2,0.05,0.03,0.03,outcome_aware,3.064630187213228,1.009044747699143,0.10364963503649635,0.532148524278007,0.23979688987622977
7,0.4,0.1,0.06,0.06,outcome_aware,3.0646435806803014,1.0087591240875913,0.10415741034592194,0.5357664233576642,0.24093938432243733
5,0.3,0.1,0.03,0.03,outcome_aware,3.0646513626259164,1.0113614725483973,0.10199936528086322,0.5374166931132973,0.23827356394795304
5,0.0,0.05,0.0,0.03,outcome_aware,3.064681046313615,1.0107267534116153,0.10206283719454141,0.5324024119327198,0.2390352269120914
7,0.0,0.05,0.06,0.06,outcome_aware,3.064710114140319,1.0091399555696605,0.10333227546810536,0.5311964455728341,0.23954300222151698
6,0.3,0.1,0.06,0.0,outcome_aware,3.064730039617606,1.0120596635988575,0.10193589336718502,0.5379879403364012,0.23770231672484926
7,0.1,0.05,0.03,0.06,outcome_aware,3.0647319496721512,1.0088860679149476,0.10352269120913996,0.5304982545223739,0.24005077753094256
7,0.0,0.05,0.03,0.0,outcome_aware,3.0647383309650493,1.0112027927642018,0.102570612503967,0.5343700412567439,0.2390986988257696
5,0.3,0.1,0.1,0.01,outcome_aware,3.064771539526062,1.0126943827356394,0.10149158997143765,0.5389400190415741,0.238590923516344
7,0.2,0.05,0.03,0.03,outcome_aware,3.064784272943393,1.0092351634401777,0.10345921929546176,0.532148524278007,0.23960647413519517
6,0.4,0.1,0.1,0.01,outcome_aware,3.064806811311086,1.0110123770231672,0.10295144398603617,0.5379879403364012,0.24068549666772454
7,0.4,0.1,0.06,0.01,outcome_aware,3.0648164907089845,1.0107902253252936,0.10307838781339257,0.5374166931132973,0.23992383370358616
7,0.3,0.1,0.0,0.03,outcome_aware,3.0648457390005532,1.011837511900984,0.10187242145350682,0.5365280863218026,0.23827356394795304
6,0.1,0.05,0.06,0.0,outcome_aware,3.06487208130813,1.0108536972389717,0.1026975563313234,0.534052681688353,0.23827356394795304
6,0.2,0.05,0.0,0.03,outcome_aware,3.064872387930156,1.0092034274833386,0.10301491589971437,0.5313233894001904,0.23986036178990797
7,0.3,0.1,0.06,0.0,outcome_aware,3.064928438466225,1.012250079339892,0.10180894953982862,0.5379879403364012,0.23757537289749286
5,0.3,0.1,0.06,0.06,outcome_aware,3.0649331807539855,1.0102507140590289,0.10301491589971437,0.5365915582354808,0.23935258648048238
7,0.4,0.1,0.1,0.01,outcome_aware,3.0649909929032186,1.0111710568073626,0.10288797207235797,0.5379879403364012,0.24062202475404634
5,0.3,0.1,0.06,0.01,outcome_aware,3.065061376786532,1.0123770231672484,0.10180894953982862,0.538241827991114,0.23808314820691845
6,0.0,0.05,0.03,0.01,outcome_aware,3.0650680678266196,1.0105680736274198,0.1026340844176452,0.5334179625515709,0.2387178673437004
7,0.1,0.05,0.06,0.0,outcome_aware,3.065070480156749,1.0110441129800063,0.102570612503967,0.534052681688353,0.23814662012059665
6,0.2,0.05,0.1,0.0,outcome_aware,3.0650795451836075,1.010948905109489,0.10288797207235797,0.5344969850841003,0.23954300222151698
7,0.2,0.05,0.1,0.0,outcome_aware,3.06522187788747,1.0111075848936846,0.10282450015867979,0.5344969850841003,0.23947953030783878
7,0.2,0.05,0.0,0.03,outcome_aware,3.0652520990342547,1.0094573151380515,0.10282450015867979,0.5313233894001904,0.23966994604887337
6,0.3,0.1,0.0,0.06,outcome_aware,3.0652738578718,1.010282450015868,0.10326880355442716,0.5353855918755951,0.23986036178990797
5,0.4,0.1,0.0,0.0,outcome_aware,3.0653332191792986,1.0119644557283403,0.10155506188511583,0.5372262773722628,0.2387178673437004
6,0.2,0.05,0.06,0.0,outcome_aware,3.065338543265482,1.010599809584259,0.10307838781339257,0.534052681688353,0.2390986988257696
5,0.0,0.05,0.0,0.01,outcome_aware,3.065354958768983,1.011837511900984,0.10111075848936846,0.5336083782926055,0.23789273246588385
7,0.0,0.05,0.03,0.01,outcome_aware,3.0653756370327514,1.0107902253252936,0.1025071405902888,0.5334179625515709,0.238590923516344
5,0.0,0.05,0.03,0.06,outcome_aware,3.065390356301424,1.0094890510948906,0.10307838781339257,0.5310060298317995,0.23998730561726436
6,0.1,0.05,0.0,0.03,outcome_aware,3.065424367193802,1.0097746747064424,0.102570612503967,0.5313233894001904,0.2390352269120914
5,0.4,0.1,0.0,0.01,outcome_aware,3.0654264732085497,1.0114566804189147,0.10174547762615042,0.5367819739765154,0.2387813392573786
5,0.0,0.05,0.0,0.0,outcome_aware,3.065449012475531,1.012218343383053,0.10092034274833386,0.5339257378609965,0.23770231672484926
7,0.3,0.1,0.0,0.06,outcome_aware,3.0654774906778055,1.0105046017137416,0.10301491589971437,0.5353855918755951,0.23960647413519517
7,0.2,0.05,0.06,0.0,outcome_aware,3.065536942114101,1.0107902253252936,0.10295144398603617,0.534052681688353,0.2389717549984132
6,0.1,0.05,0.06,0.06,outcome_aware,3.065616694789469,1.008949539828626,0.10339574738178356,0.5306251983497302,0.23935258648048238
6,0.1,0.05,0.06,0.03,outcome_aware,3.065617248791241,1.0101237702316725,0.10352269120913996,0.532783243414789,0.23954300222151698
5,0.4,0.1,0.03,0.03,outcome_aware,3.065678239275705,1.0102189781021897,0.10288797207235797,0.5365915582354808,0.23992383370358616
6,0.4,0.1,0.1,0.0,outcome_aware,3.065682975208856,1.0115201523325927,0.10301491589971437,0.5385591875595049,0.24112980006347193
5,0.2,0.05,0.03,0.06,outcome_aware,3.0657085067867644,1.0089178038717868,0.10352269120913996,0.530561726436052,0.24074896858140274
5,0.3,0.1,0.03,0.06,outcome_aware,3.065729051433482,1.0106632814979373,0.10295144398603617,0.5360837829260552,0.23947953030783878
6,0.1,0.05,0.03,0.03,outcome_aware,3.0657474466709536,1.009647730879086,0.10314185972707077,0.5320215804506506,0.238908283084735
5,0.0,0.05,0.1,0.0,outcome_aware,3.0657931134073704,1.0121548714693749,0.10193589336718502,0.5348778165661695,0.238908283084735
7,0.1,0.05,0.0,0.03,outcome_aware,3.065804078297901,1.0100285623611551,0.1023801967629324,0.5313233894001904,0.2388448111710568
7,0.4,0.1,0.1,0.0,outcome_aware,3.0658253079127187,1.0116788321167882,0.10295144398603617,0.5385591875595049,0.24106632814979373
5,0.3,0.1,0.0,0.0,outcome_aware,3.0658293055800927,1.0133925737860996,0.10047603935258648,0.5376071088543319,0.2366867661059981
6,0.4,0.1,0.06,0.0,outcome_aware,3.0658520393882673,1.0111075848936846,0.10288797207235797,0.5373532211996191,0.23966994604887337
6,0.2,0.05,0.06,0.06,outcome_aware,3.0658991296931233,1.0084735004760395,0.10377657886385275,0.5304982545223739,0.24005077753094256
7,0.1,0.05,0.03,0.03,outcome_aware,3.0659015324011185,1.0098381466201205,0.10295144398603617,0.5320215804506506,0.2387178673437004
5,0.3,0.1,0.0,0.01,outcome_aware,3.065904761029728,1.0128530625198349,0.10072992700729927,0.5371628054585845,0.2367502380196763
5,0.0,0.05,0.06,0.0,outcome_aware,3.06591428414883,1.0118692478578228,0.10212630910821961,0.5345604569977784,0.23827356394795304
7,0.1,0.05,0.06,0.03,outcome_aware,3.0659502167376,1.010345921929546,0.10333227546810536,0.532783243414789,0.23935258648048238
5,0.4,0.1,0.03,0.0,outcome_aware,3.0659725155753486,1.011900983814662,0.10218978102189781,0.5374801650269756,0.23947953030783878
7,0.1,0.05,0.06,0.06,outcome_aware,3.0659843845084644,1.0091716915264994,0.10320533164074897,0.5306251983497302,0.2391621707394478
5,0.3,0.1,0.1,0.0,outcome_aware,3.066035771680222,1.0132656299587433,0.10155506188511583,0.5393843224373215,0.2389717549984132
7,0.4,0.1,0.06,0.0,outcome_aware,3.066050438236887,1.0112980006347192,0.10276102824500159,0.5373532211996191,0.23954300222151698
5,0.0,0.05,0.06,0.03,outcome_aware,3.0660679977389433,1.010948905109489,0.10301491589971437,0.5333544906378928,0.23966994604887337
6,0.1,0.05,0.06,0.01,outcome_aware,3.0661099151425395,1.0105363376705807,0.10282450015867979,0.5329736591558235,0.23827356394795304
5,0.4,0.1,0.1,0.03,outcome_aware,3.0661274709232336,1.010948905109489,0.10295144398603617,0.5371628054585845,0.24036813709933355
5,0.4,0.1,0.03,0.06,outcome_aware,3.0661693555509255,1.0095525230085687,0.10377657886385275,0.5354490637892733,0.24100285623611553
6,0.2,0.05,0.1,0.03,outcome_aware,3.066194655462045,1.0098064106632816,0.10352269120913996,0.5326562995874325,0.23947953030783878
6,0.2,0.05,0.06,0.01,outcome_aware,3.0662341907861665,1.0101555061885117,0.10320533164074897,0.5329101872421453,0.2390352269120914
6,0.0,0.05,0.1,0.03,outcome_aware,3.066234888171163,1.0100920342748334,0.10333227546810536,0.5328467153284672,0.2391621707394478
5,0.1,0.05,0.1,0.0,outcome_aware,3.066254150907239,1.0121548714693749,0.10193589336718502,0.534750872738813,0.2388448111710568
7,0.2,0.05,0.06,0.06,outcome_aware,3.0662668194121188,1.008695652173913,0.10358616312281815,0.5304982545223739,0.23986036178990797
5,0.0,0.05,0.1,0.01,outcome_aware,3.066294264318739,1.0116470961599493,0.10206283719454141,0.5343065693430656,0.2386543954300222
6,0.2,0.05,0.06,0.03,outcome_aware,3.0663085729269683,1.009679466835925,0.10390352269120914,0.5325293557600762,0.24017772135829896
5,0.4,0.1,0.06,0.06,outcome_aware,3.066323823005625,1.0093938432243732,0.10371310695017455,0.5357664233576642,0.24081244049508094
5,0.0,0.05,0.06,0.06,outcome_aware,3.0663903564656434,1.0097746747064424,0.10288797207235797,0.5311964455728341,0.23941605839416058
6,0.1,0.05,0.1,0.03,outcome_aware,3.066405484952618,1.0101237702316725,0.10326880355442716,0.532783243414789,0.2390986988257696
5,0.4,0.1,0.0,0.03,outcome_aware,3.066440276234075,1.0112027927642018,0.102570612503967,0.5362107267534116,0.24011424944462076
5,0.3,0.1,0.03,0.0,outcome_aware,3.066448363303637,1.013170422088226,0.10111075848936846,0.5377340526816884,0.23725801332910187
5,0.1,0.05,0.1,0.01,outcome_aware,3.066464861100194,1.0116788321167882,0.10199936528086322,0.5342430974293875,0.238590923516344
5,0.1,0.05,0.03,0.06,outcome_aware,3.0664717296531667,1.0094890510948906,0.10307838781339257,0.5304982545223739,0.23986036178990797
7,0.1,0.05,0.06,0.01,outcome_aware,3.0664891993121164,1.0107902253252936,0.1026975563313234,0.5329736591558235,0.23814662012059665
7,0.2,0.05,0.1,0.03,outcome_aware,3.066525463435768,1.0100285623611551,0.10339574738178356,0.5326562995874325,0.23935258648048238
6,0.2,0.05,0.03,0.01,outcome_aware,3.0665640396144256,1.0101872421453506,0.10301491589971437,0.532783243414789,0.23928911456680418
7,0.0,0.05,0.1,0.03,outcome_aware,3.0665656961448864,1.0103141859727072,0.10320533164074897,0.5328467153284672,0.2390352269120914
5,0.4,0.1,0.0,0.06,outcome_aware,3.066578923711121,1.0098698825769596,0.10345921929546176,0.5348778165661695,0.24112980006347193
6,0.4,0.05,0.03,0.06,outcome_aware,3.066612166769182,1.0072357981593145,0.10422088225960013,0.5290384005077753,0.2413202158045065
7,0.2,0.05,0.06,0.01,outcome_aware,3.066613474955744,1.0104093938432244,0.10307838781339257,0.5329101872421453,0.238908283084735
7,0.2,0.05,0.06,0.03,outcome_aware,3.0666415408733267,1.0099016185337988,0.10371310695017455,0.5325293557600762,0.23998730561726436
5,0.0,0.05,0.03,0.03,outcome_aware,3.066669028054972,1.0106632814979373,0.1025071405902888,0.5326562995874325,0.238908283084735
6,0.3,0.05,0.03,0.06,outcome_aware,3.066688231499001,1.00774357346874,0.10415741034592194,0.5294827039035227,0.24112980006347193
7,0.1,0.05,0.1,0.03,outcome_aware,3.066736292926342,1.010345921929546,0.10314185972707077,0.532783243414789,0.2389717549984132
5,0.0,0.05,0.06,0.01,outcome_aware,3.0667521986969097,1.0113614725483973,0.1023801967629324,0.5334814344652491,0.23833703586163124
7,0.2,0.05,0.03,0.01,outcome_aware,3.066871608820557,1.0104093938432244,0.10288797207235797,0.532783243414789,0.2391621707394478
7,0.4,0.05,0.03,0.06,outcome_aware,3.0669177445488986,1.0074579498571883,0.10403046651856554,0.5290384005077753,0.24112980006347193
5,0.2,0.05,0.1,0.01,outcome_aware,3.0669464088508662,1.0114566804189147,0.1023167248492542,0.5341161536020311,0.2390352269120914
7,0.3,0.05,0.03,0.06,outcome_aware,3.066993809278717,1.0079657251666139,0.10396699460488734,0.5294827039035227,0.24093938432243733
5,0.4,0.1,0.06,0.01,outcome_aware,3.067028218516256,1.0115518882894319,0.1026340844176452,0.5374166931132973,0.23986036178990797
6,0.1,0.05,0.1,0.06,outcome_aware,3.067060153585492,1.0091399555696605,0.10384005077753095,0.5311329736591558,0.23973341796255157
6,0.0,0.05,0.1,0.06,outcome_aware,3.067060153585492,1.0091399555696605,0.10384005077753095,0.5311329736591558,0.23973341796255157
5,0.2,0.05,0.03,0.03,outcome_aware,3.0671057761519274,1.0100602983179943,0.10301491589971437,0.532148524278007,0.23954300222151698
5,0.0,0.05,0.03,0.0,outcome_aware,3.0671563316234507,1.0120596635988575,0.10206283719454141,0.5343700412567439,0.2389717549984132
6,0.1,0.05,0.03,0.01,outcome_aware,3.067173024681702,1.0107584893684545,0.1025071405902888,0.5327197715011107,0.23840050777530944
6,0.2,0.05,0.0,0.0,outcome_aware,3.0671825576733918,1.0110123770231672,0.10187242145350682,0.5329101872421453,0.2384639796889876
6,0.1,0.05,0.0,0.01,outcome_aware,3.067184417573752,1.011234528721041,0.10161853379879403,0.5325293557600762,0.23789273246588385
5,0.3,0.1,0.0,0.03,outcome_aware,3.067226018287117,1.0126943827356394,0.10142811805775945,0.5365280863218026,0.23814662012059665
6,0.0,0.05,0.0,0.06,outcome_aware,3.067255838247158,1.0092351634401777,0.10345921929546176,0.5299270072992701,0.24036813709933355
6,0.1,0.05,0.03,0.0,outcome_aware,3.0672879139123443,1.01126626467788,0.1025071405902888,0.5335449063789274,0.2387813392573786
6,0.2,0.05,0.0,0.01,outcome_aware,3.067290412033978,1.0106632814979373,0.10199936528086322,0.5324024119327198,0.2385274516026658
6,0.1,0.05,0.0,0.0,outcome_aware,3.0673726015616563,1.011583624246271,0.10142811805775945,0.5329736591558235,0.23776578863852746
7,0.2,0.05,0.0,0.0,outcome_aware,3.0674306128444266,1.011234528721041,0.10174547762615042,0.5329101872421453,0.23833703586163124
7,0.0,0.05,0.0,0.06,outcome_aware,3.0674594710531635,1.0094573151380515,0.10320533164074897,0.5299270072992701,0.24011424944462076
7,0.1,0.05,0.03,0.01,outcome_aware,3.067480593887834,1.0109806410663282,0.1023801967629324,0.5327197715011107,0.23827356394795304
6,0.2,0.05,0.03,0.0,outcome_aware,3.0674977974449433,1.0108536972389717,0.10295144398603617,0.5334814344652491,0.23960647413519517
5,0.3,0.1,0.0,0.06,outcome_aware,3.0675083234314333,1.0112027927642018,0.102570612503967,0.5353855918755951,0.23941605839416058
7,0.1,0.05,0.03,0.0,outcome_aware,3.067535969083379,1.0114884163757538,0.1023801967629324,0.5335449063789274,0.2386543954300222
7,0.1,0.05,0.0,0.01,outcome_aware,3.0675416431022993,1.0114884163757538,0.10149158997143765,0.5325293557600762,0.23776578863852746
7,0.1,0.05,0.1,0.06,outcome_aware,3.0675846668796507,1.0093938432243732,0.10364963503649635,0.5311329736591558,0.23954300222151698
7,0.0,0.05,0.1,0.06,outcome_aware,3.0675846668796507,1.0093938432243732,0.10364963503649635,0.5311329736591558,0.23954300222151698
5,0.4,0.1,0.1,0.01,outcome_aware,3.0675932682398637,1.0120913995556966,0.1023167248492542,0.5379879403364012,0.24043160901301175
7,0.1,0.05,0.0,0.0,outcome_aware,3.067620656732691,1.0118057759441448,0.10130117423040305,0.5329736591558235,0.23763884481117106
5,0.3,0.1,0.06,0.0,outcome_aware,3.067631221736905,1.013202158045065,0.10130117423040305,0.5379879403364012,0.23744842907013647
5,0.2,0.05,0.0,0.03,outcome_aware,3.067632378320818,1.0103141859727072,0.1023801967629324,0.5313233894001904,0.23954300222151698
7,0.2,0.05,0.0,0.01,outcome_aware,3.067647637562525,1.01091716915265,0.10187242145350682,0.5324024119327198,0.23840050777530944
5,0.1,0.05,0.06,0.06,outcome_aware,3.0676646268337886,1.0098064106632816,0.10276102824500159,0.5306251983497302,0.2390352269120914
7,0.2,0.05,0.03,0.0,outcome_aware,3.0677458526159778,1.0110758489368454,0.10282450015867979,0.5334814344652491,0.23947953030783878
5,0.0,0.05,0.03,0.01,outcome_aware,3.067746100014878,1.0116788321167882,0.10199936528086322,0.5334179625515709,0.2384639796889876
6,0.2,0.05,0.1,0.06,outcome_aware,3.0677645086838234,1.0089178038717868,0.10396699460488734,0.530879086004443,0.24011424944462076
5,0.1,0.05,0.06,0.0,outcome_aware,3.067773263427429,1.0119961916851794,0.10206283719454141,0.534052681688353,0.23801967629324025
5,0.2,0.05,0.1,0.0,outcome_aware,3.06779034106602,1.0120279276420183,0.10225325293557601,0.5344969850841003,0.23928911456680418
6,0.3,0.05,0.0,0.03,outcome_aware,3.067875372037346,1.0087591240875913,0.10326880355442716,0.5303078387813392,0.24005077753094256
5,0.2,0.05,0.06,0.06,outcome_aware,3.067947061737443,1.009330371310695,0.10314185972707077,0.5304982545223739,0.23973341796255157
5,0.1,0.05,0.06,0.03,outcome_aware,3.0680766090745393,1.0110758489368454,0.10288797207235797,0.532783243414789,0.23928911456680418
5,0.1,0.05,0.0,0.03,outcome_aware,3.0681843575844643,1.0108854331958108,0.10193589336718502,0.5313233894001904,0.2387178673437004
5,0.1,0.05,0.03,0.03,outcome_aware,3.0682230356096527,1.0106632814979373,0.1025071405902888,0.5320215804506506,0.2386543954300222
5,0.2,0.05,0.06,0.0,outcome_aware,3.0682397253847813,1.0117423040304665,0.1024436686766106,0.534052681688353,0.2388448111710568
7,0.3,0.05,0.0,0.03,outcome_aware,3.0682550831414455,1.009013011742304,0.10307838781339257,0.5303078387813392,0.23986036178990797
7,0.2,0.05,0.1,0.06,outcome_aware,3.0682890219779826,1.0091716915264994,0.10377657886385275,0.530879086004443,0.23992383370358616
5,0.4,0.1,0.1,0.0,outcome_aware,3.0683937710912685,1.0125991748651222,0.1023801967629324,0.5385591875595049,0.24087591240875914
6,0.3,0.05,0.1,0.01,outcome_aware,3.0685521545036263,1.0102507140590289,0.10288797207235797,0.5329101872421453,0.23954300222151698
5,0.4,0.05,0.03,0.06,outcome_aware,3.068657524529914,1.008060933037131,0.10358616312281815,0.5290384005077753,0.24093938432243733
5,0.1,0.05,0.06,0.01,outcome_aware,3.068700927119388,1.0115518882894319,0.10225325293557601,0.5329736591558235,0.23808314820691845
5,0.3,0.05,0.03,0.06,outcome_aware,3.0687335892597325,1.0085687083465567,0.10352269120913996,0.5294827039035227,0.24074896858140274
7,0.3,0.05,0.1,0.01,outcome_aware,3.068736336095759,1.0104093938432244,0.10282450015867979,0.5329101872421453,0.23947953030783878
5,0.4,0.1,0.06,0.0,outcome_aware,3.0687532215075666,1.012250079339892,0.10225325293557601,0.5373532211996191,0.23941605839416058
5,0.2,0.05,0.06,0.03,outcome_aware,3.0687679332102658,1.0106315455410981,0.10326880355442716,0.5325293557600762,0.23992383370358616
5,0.2,0.05,0.06,0.01,outcome_aware,3.068825202763015,1.0111710568073626,0.1026340844176452,0.5329101872421453,0.2388448111710568
6,0.4,0.05,0.0,0.03,outcome_aware,3.0689597207579644,1.0085052364328784,0.10345921929546176,0.5297365915582355,0.24055855284036815
5,0.2,0.05,0.03,0.01,outcome_aware,3.069242071802683,1.0112980006347192,0.1023801967629324,0.532783243414789,0.2390352269120914
6,0.3,0.05,0.03,0.03,outcome_aware,3.06925200237606,1.008981275785465,0.10371310695017455,0.5310695017454776,0.24005077753094256
5,0.2,0.05,0.1,0.03,outcome_aware,3.069279698872834,1.0110441129800063,0.10288797207235797,0.5326562995874325,0.23922564265312599
5,0.0,0.05,0.1,0.03,outcome_aware,3.0693199315819526,1.0113297365915583,0.1026975563313234,0.5328467153284672,0.238908283084735
7,0.4,0.05,0.0,0.03,outcome_aware,3.069339431862063,1.0087591240875913,0.10326880355442716,0.5297365915582355,0.24036813709933355
7,0.3,0.05,0.03,0.03,outcome_aware,3.069406088106225,1.0091716915264994,0.10352269120913996,0.5310695017454776,0.23986036178990797
5,0.0,0.05,0.0,0.06,outcome_aware,3.0694903038067913,1.0101555061885117,0.10276102824500159,0.5299270072992701,0.23992383370358616
5,0.1,0.05,0.1,0.03,outcome_aware,3.0694905283634077,1.0113614725483973,0.1026340844176452,0.532783243414789,0.2388448111710568
6,0.3,0.05,0.1,0.0,outcome_aware,3.0695621198194587,1.0107902253252936,0.10282450015867979,0.5332275468105363,0.23973341796255157
6,0.4,0.05,0.1,0.01,outcome_aware,3.069668554621691,1.0097746747064424,0.10307838781339257,0.5324024119327198,0.23992383370358616
5,0.1,0.05,0.0,0.01,outcome_aware,3.0696991665343947,1.012250079339892,0.10098381466201206,0.5325293557600762,0.23763884481117106
7,0.3,0.05,0.1,0.0,outcome_aware,3.0697044525233212,1.010948905109489,0.10276102824500159,0.5332275468105363,0.23966994604887337
5,0.1,0.05,0.1,0.06,outcome_aware,3.0697318179694313,1.0101872421453506,0.10326880355442716,0.5311329736591558,0.23954300222151698
5,0.0,0.05,0.1,0.06,outcome_aware,3.0697318179694313,1.0101872421453506,0.10326880355442716,0.5311329736591558,0.23954300222151698
5,0.2,0.05,0.0,0.01,outcome_aware,3.06980516099462,1.0116788321167882,0.10136464614408125,0.5324024119327198,0.23827356394795304
6,0.3,0.05,0.06,0.0,outcome_aware,3.069810645661222,1.0105680736274198,0.10301491589971437,0.532783243414789,0.23928911456680418
5,0.2,0.05,0.0,0.0,outcome_aware,3.069836199422224,1.0120913995556966,0.10123770231672485,0.5329101872421453,0.23821009203427485
5,0.1,0.05,0.03,0.01,outcome_aware,3.0698510568699597,1.0118692478578228,0.10187242145350682,0.5327197715011107,0.23814662012059665
7,0.4,0.05,0.1,0.01,outcome_aware,3.0698527362138237,1.009933354490638,0.10301491589971437,0.5324024119327198,0.23986036178990797
6,0.3,0.05,0.1,0.03,outcome_aware,3.069854735451793,1.009679466835925,0.10352269120913996,0.5317042208822595,0.23979688987622977
6,0.4,0.05,0.03,0.03,outcome_aware,3.0698948201548455,1.008695652173913,0.10384005077753095,0.530561726436052,0.24043160901301175
6,0.4,0.05,0.1,0.03,outcome_aware,3.06995035559372,1.0092668993970169,0.10352269120913996,0.5313868613138686,0.24017772135829896
5,0.1,0.05,0.03,0.0,outcome_aware,3.0699539697417806,1.0123452872104093,0.10187242145350682,0.5335449063789274,0.2385274516026658
6,0.3,0.05,0.06,0.06,outcome_aware,3.0699657432940435,1.0082830847350048,0.10384005077753095,0.5295461758172009,0.24030466518565535
7,0.3,0.05,0.06,0.0,outcome_aware,3.0700090445098414,1.0107584893684545,0.10288797207235797,0.532783243414789,0.2391621707394478
5,0.1,0.05,0.0,0.0,outcome_aware,3.0700262433104886,1.0126626467788005,0.10079339892097747,0.5329736591558235,0.23751190098381467
6,0.3,0.05,0.06,0.03,outcome_aware,3.0700266626696053,1.0095207870517295,0.10377657886385275,0.5312599174865122,0.24017772135829896
7,0.4,0.05,0.03,0.03,outcome_aware,3.07004890588501,1.0088860679149476,0.10364963503649635,0.530561726436052,0.24024119327197715
6,0.2,0.05,0.0,0.06,outcome_aware,3.0701111779359858,1.0088543319581085,0.10377657886385275,0.5286575690257062,0.24074896858140274
6,0.4,0.05,0.06,0.06,outcome_aware,3.0701336503256744,1.0079022532529356,0.10384005077753095,0.5291653443351317,0.24062202475404634
5,0.2,0.05,0.03,0.0,outcome_aware,3.0701638532743796,1.0119327197715011,0.1023167248492542,0.5334814344652491,0.23935258648048238
6,0.1,0.05,0.0,0.06,outcome_aware,3.070175791801589,1.009298635353856,0.10333227546810536,0.5287845128530625,0.23998730561726436
7,0.3,0.05,0.1,0.03,outcome_aware,3.0701855434255165,1.0099016185337988,0.10339574738178356,0.5317042208822595,0.23966994604887337
7,0.4,0.05,0.1,0.03,outcome_aware,3.0702811635674436,1.0094890510948906,0.10339574738178356,0.5313868613138686,0.24005077753094256
7,0.2,0.05,0.0,0.06,outcome_aware,3.0703148107419906,1.0090764836559822,0.10352269120913996,0.5286575690257062,0.24049508092668995
7,0.3,0.05,0.06,0.06,outcome_aware,3.070333433013039,1.0085052364328784,0.10364963503649635,0.5295461758172009,0.24011424944462076
7,0.3,0.05,0.06,0.03,outcome_aware,3.070359630615964,1.0097429387496033,0.10358616312281815,0.5312599174865122,0.23998730561726436
7,0.1,0.05,0.0,0.06,outcome_aware,3.0703794246075944,1.0095207870517295,0.10307838781339257,0.5287845128530625,0.23973341796255157
5,0.2,0.05,0.1,0.06,outcome_aware,3.0704361730677636,1.009965090447477,0.10339574738178356,0.530879086004443,0.23992383370358616
7,0.4,0.05,0.06,0.06,outcome_aware,3.07050134004467,1.0081244049508093,0.10364963503649635,0.5291653443351317,0.24043160901301175
5,0.3,0.05,0.0,0.03,outcome_aware,3.0706353624280087,1.0098698825769596,0.1026340844176452,0.5303078387813392,0.23973341796255157
6,0.4,0.05,0.06,0.03,outcome_aware,3.0706703006340605,1.0091082196128214,0.10390352269120914,0.5308156140907648,0.24055855284036815
6,0.3,0.05,0.06,0.01,outcome_aware,3.070694327556012,1.0100602983179943,0.10314185972707077,0.5315772770549032,0.2390986988257696
6,0.4,0.05,0.06,0.0,outcome_aware,3.070800617961634,1.0102507140590289,0.10333227546810536,0.5323389400190416,0.23986036178990797
6,0.4,0.05,0.06,0.01,outcome_aware,3.0708774642397274,1.0097112027927642,0.10326880355442716,0.5312599174865122,0.23954300222151698
6,0.4,0.05,0.1,0.0,outcome_aware,3.0708835252916202,1.0104411298000635,0.10295144398603617,0.5326562995874325,0.24011424944462076
6,0.3,0.05,0.0,0.01,outcome_aware,3.070964750281151,1.0103141859727072,0.10218978102189781,0.5313233894001904,0.2387178673437004
7,0.4,0.05,0.06,0.0,outcome_aware,3.0709990168102532,1.0104411298000635,0.10320533164074897,0.5323389400190416,0.23973341796255157
7,0.4,0.05,0.06,0.03,outcome_aware,3.0710032685804194,1.009330371310695,0.10371310695017455,0.5308156140907648,0.24036813709933355
7,0.4,0.05,0.1,0.0,outcome_aware,3.0710258579954823,1.010599809584259,0.10288797207235797,0.5326562995874325,0.24005077753094256
7,0.3,0.05,0.06,0.01,outcome_aware,3.0710736117255895,1.0103141859727072,0.10301491589971437,0.5315772770549032,0.2389717549984132
6,0.3,0.05,0.03,0.01,outcome_aware,3.071080148426509,1.0100285623611551,0.10307838781339257,0.5316407489685814,0.23954300222151698
6,0.3,0.05,0.03,0.0,outcome_aware,3.071189612970659,1.0106315455410981,0.10295144398603617,0.5322754681053634,0.23973341796255157
7,0.4,0.05,0.06,0.01,outcome_aware,3.071256748409305,1.009965090447477,0.10314185972707077,0.5312599174865122,0.23941605839416058
7,0.3,0.05,0.0,0.01,outcome_aware,3.071321975809698,1.0105680736274198,0.10206283719454141,0.5313233894001904,0.238590923516344
5,0.3,0.05,0.1,0.01,outcome_aware,3.0713386114324046,1.0113297365915583,0.10225325293557601,0.5329101872421453,0.23928911456680418
7,0.3,0.05,0.03,0.01,outcome_aware,3.0713877176326414,1.0102507140590289,0.10295144398603617,0.5316407489685814,0.23941605839416058
7,0.3,0.05,0.03,0.0,outcome_aware,3.071437668141694,1.0108536972389717,0.10282450015867979,0.5322754681053634,0.23960647413519517
6,0.4,0.05,0.0,0.06,outcome_aware,3.07151607073023,1.0079974611234528,0.10409393843224374,0.527642018406855,0.2415106315455411
7,0.4,0.05,0.0,0.06,outcome_aware,3.071719703536235,1.0082196128213265,0.10384005077753095,0.527642018406855,0.2412567438908283
5,0.4,0.05,0.0,0.03,outcome_aware,3.0717197111486265,1.009615994922247,0.10282450015867979,0.5297365915582355,0.24024119327197715
5,0.3,0.05,0.03,0.03,outcome_aware,3.071727591314759,1.009996826404316,0.10307838781339257,0.5310695017454776,0.23979688987622977
6,0.3,0.05,0.0,0.0,outcome_aware,3.071937641980179,1.0108219612821328,0.10193589336718502,0.5316407489685814,0.2385274516026658
5,0.3,0.05,0.06,0.06,outcome_aware,3.072013675338363,1.0091399555696605,0.10320533164074897,0.5295461758172009,0.23998730561726436
5,0.4,0.05,0.06,0.06,outcome_aware,3.0721815823699945,1.0087591240875913,0.10320533164074897,0.5291653443351317,0.24030466518565535
7,0.3,0.05,0.0,0.0,outcome_aware,3.072185697151214,1.0110441129800063,0.10180894953982862,0.5316407489685814,0.23840050777530944
6,0.4,0.05,0.0,0.01,outcome_aware,3.072212241409866,1.0100920342748334,0.1025071405902888,0.530879086004443,0.23941605839416058
6,0.4,0.05,0.03,0.01,outcome_aware,3.0722132422626274,1.0097746747064424,0.10339574738178356,0.5311964455728341,0.24024119327197715
6,0.3,0.05,0.1,0.06,outcome_aware,3.072217462020697,1.0089178038717868,0.10390352269120914,0.5299270072992701,0.24043160901301175
6,0.4,0.05,0.03,0.0,outcome_aware,3.072255776442293,1.0103141859727072,0.10320533164074897,0.531831164709616,0.24036813709933355
5,0.3,0.05,0.1,0.0,outcome_aware,3.0722729157018707,1.0118692478578228,0.10218978102189781,0.5332275468105363,0.23947953030783878
5,0.2,0.05,0.0,0.06,outcome_aware,3.072345643495619,1.0097746747064424,0.10307838781339257,0.5286575690257062,0.24030466518565535
5,0.4,0.05,0.03,0.03,outcome_aware,3.072370409093544,1.0097112027927642,0.10320533164074897,0.530561726436052,0.24017772135829896
5,0.1,0.05,0.0,0.06,outcome_aware,3.0724102573612218,1.0102189781021897,0.1026340844176452,0.5287845128530625,0.23954300222151698
5,0.4,0.05,0.1,0.01,outcome_aware,3.0724550115504687,1.0108536972389717,0.1024436686766106,0.5324024119327198,0.23966994604887337
5,0.3,0.05,0.06,0.03,outcome_aware,3.0724860229529027,1.0104728657569026,0.10314185972707077,0.5312599174865122,0.23992383370358616
7,0.4,0.05,0.03,0.0,outcome_aware,3.072503831613328,1.0105363376705807,0.10307838781339257,0.531831164709616,0.24024119327197715
7,0.4,0.05,0.03,0.01,outcome_aware,3.0725208114687597,1.009996826404316,0.10326880355442716,0.5311964455728341,0.24011424944462076
7,0.4,0.05,0.0,0.01,outcome_aware,3.072569466938413,1.010345921929546,0.1023801967629324,0.530879086004443,0.23928911456680418
5,0.3,0.05,0.06,0.0,outcome_aware,3.072711827780521,1.0117105680736274,0.1023801967629324,0.532783243414789,0.2390352269120914
7,0.3,0.05,0.1,0.06,outcome_aware,3.072741975314856,1.0091716915264994,0.10371310695017455,0.5299270072992701,0.24024119327197715
6,0.3,0.05,0.0,0.06,outcome_aware,3.0727565221287003,1.0085052364328784,0.10390352269120914,0.5277689622342113,0.24100285623611553
5,0.3,0.05,0.1,0.03,outcome_aware,3.072939778862582,1.01091716915265,0.10288797207235797,0.5317042208822595,0.23954300222151698
7,0.3,0.05,0.0,0.06,outcome_aware,3.072960154934706,1.0087273881307521,0.10364963503649635,0.5277689622342113,0.24074896858140274
6,0.4,0.05,0.1,0.06,outcome_aware,3.0730003952983407,1.008632180260235,0.10390352269120914,0.5296731196445573,0.24100285623611553
5,0.4,0.05,0.1,0.03,outcome_aware,3.073035399004509,1.0105046017137416,0.10288797207235797,0.5313868613138686,0.23992383370358616
6,0.4,0.05,0.0,0.0,outcome_aware,3.0731152678445106,1.0105046017137416,0.1023801967629324,0.5311964455728341,0.23935258648048238
5,0.4,0.05,0.06,0.03,outcome_aware,3.073129660917358,1.0100602983179943,0.10326880355442716,0.5308156140907648,0.24030466518565535
5,0.3,0.05,0.06,0.01,outcome_aware,3.0732853395328608,1.0110758489368454,0.102570612503967,0.5315772770549032,0.238908283084735
6,0.4,0.0,0.1,0.03,outcome_aware,3.0732877575205197,1.0081878768644874,0.10358616312281815,0.5269438273563948,0.24106632814979373
6,0.0,0.0,0.1,0.03,outcome_aware,3.0732877575205197,1.0081878768644874,0.10358616312281815,0.5269438273563948,0.24106632814979373
6,0.2,0.0,0.1,0.03,outcome_aware,3.0732877575205197,1.0081878768644874,0.10358616312281815,0.5269438273563948,0.24106632814979373
6,0.3,0.0,0.1,0.03,outcome_aware,3.0732877575205197,1.0081878768644874,0.10358616312281815,0.5269438273563948,0.24106632814979373
6,0.1,0.0,0.1,0.03,outcome_aware,3.0732877575205197,1.0081878768644874,0.10358616312281815,0.5269438273563948,0.24106632814979373
7,0.4,0.05,0.0,0.0,outcome_aware,3.0733633230155455,1.0107267534116153,0.10225325293557601,0.5311964455728341,0.23922564265312599
5,0.4,0.05,0.06,0.01,outcome_aware,3.073468476216576,1.0107267534116153,0.1026975563313234,0.5312599174865122,0.23935258648048238
5,0.3,0.05,0.0,0.01,outcome_aware,3.0734794992417935,1.0113297365915583,0.10155506188511583,0.5313233894001904,0.2384639796889876
7,0.4,0.05,0.1,0.06,outcome_aware,3.0735249085924994,1.0088860679149476,0.10371310695017455,0.5296731196445573,0.24081244049508094
5,0.4,0.05,0.1,0.0,outcome_aware,3.0735943211740326,1.0115201523325927,0.1023167248492542,0.5326562995874325,0.23986036178990797
7,0.3,0.0,0.1,0.03,outcome_aware,3.073618565494243,1.0084100285623612,0.10345921929546176,0.5269438273563948,0.24093938432243733
7,0.1,0.0,0.1,0.03,outcome_aware,3.073618565494243,1.0084100285623612,0.10345921929546176,0.5269438273563948,0.24093938432243733
7,0.2,0.0,0.1,0.03,outcome_aware,3.073618565494243,1.0084100285623612,0.10345921929546176,0.5269438273563948,0.24093938432243733
7,0.4,0.0,0.1,0.03,outcome_aware,3.073618565494243,1.0084100285623612,0.10345921929546176,0.5269438273563948,0.24093938432243733
7,0.0,0.0,0.1,0.03,outcome_aware,3.073618565494243,1.0084100285623612,0.10345921929546176,0.5269438273563948,0.24093938432243733
5,0.4,0.05,0.06,0.0,outcome_aware,3.0737018000809333,1.0113932085052364,0.1026975563313234,0.5323389400190416,0.23960647413519517
5,0.4,0.05,0.0,0.06,outcome_aware,3.0737505362898636,1.0089178038717868,0.10339574738178356,0.527642018406855,0.24106632814979373
5,0.3,0.05,0.03,0.01,outcome_aware,3.073758180614767,1.0111393208505237,0.1024436686766106,0.5316407489685814,0.23928911456680418
5,0.3,0.05,0.03,0.0,outcome_aware,3.0738556688000958,1.0117105680736274,0.1023167248492542,0.5322754681053634,0.23947953030783878
5,0.3,0.05,0.0,0.0,outcome_aware,3.0745912837290112,1.011900983814662,0.10130117423040305,0.5316407489685814,0.23827356394795304
5,0.4,0.05,0.0,0.01,outcome_aware,3.0747269903705083,1.0111075848936846,0.10187242145350682,0.530879086004443,0.2391621707394478
5,0.3,0.05,0.1,0.06,outcome_aware,3.0748891264046367,1.009965090447477,0.10333227546810536,0.5299270072992701,0.24024119327197715
5,0.4,0.05,0.03,0.01,outcome_aware,3.074891274450885,1.0108854331958108,0.10276102824500159,0.5311964455728341,0.23998730561726436
5,0.4,0.05,0.03,0.0,outcome_aware,3.0749218322717295,1.0113932085052364,0.102570612503967,0.531831164709616,0.24011424944462076
5,0.3,0.05,0.0,0.06,outcome_aware,3.074990987688334,1.0094255791812123,0.10320533164074897,0.5277689622342113,0.24055855284036815
5,0.4,0.05,0.1,0.06,outcome_aware,3.07567205968228,1.009679466835925,0.10333227546810536,0.5296731196445573,0.24081244049508094
6,0.2,0.0,0.1,0.01,outcome_aware,3.0757221819249407,1.009362107267534,0.10320533164074897,0.5277054903205332,0.2411932719771501
6,0.0,0.0,0.1,0.01,outcome_aware,3.0757221819249407,1.009362107267534,0.10320533164074897,0.5277054903205332,0.2411932719771501
6,0.1,0.0,0.1,0.01,outcome_aware,3.0757221819249407,1.009362107267534,0.10320533164074897,0.5277054903205332,0.2411932719771501
6,0.3,0.0,0.1,0.01,outcome_aware,3.0757221819249407,1.009362107267534,0.10320533164074897,0.5277054903205332,0.2411932719771501
6,0.4,0.0,0.1,0.01,outcome_aware,3.0757221819249407,1.009362107267534,0.10320533164074897,0.5277054903205332,0.2411932719771501
5,0.4,0.05,0.0,0.0,outcome_aware,3.0757689095933434,1.011583624246271,0.10174547762615042,0.5311964455728341,0.2390986988257696
7,0.4,0.0,0.1,0.01,outcome_aware,3.075906363517074,1.0095207870517295,0.10314185972707077,0.5277054903205332,0.24112980006347193
7,0.0,0.0,0.1,0.01,outcome_aware,3.075906363517074,1.0095207870517295,0.10314185972707077,0.5277054903205332,0.24112980006347193
7,0.1,0.0,0.1,0.01,outcome_aware,3.075906363517074,1.0095207870517295,0.10314185972707077,0.5277054903205332,0.24112980006347193
7,0.2,0.0,0.1,0.01,outcome_aware,3.075906363517074,1.0095207870517295,0.10314185972707077,0.5277054903205332,0.24112980006347193
7,0.3,0.0,0.1,0.01,outcome_aware,3.075906363517074,1.0095207870517295,0.10314185972707077,0.5277054903205332,0.24112980006347193
6,0.4,0.0,0.06,0.0,outcome_aware,3.0759108622550317,1.0088543319581085,0.10333227546810536,0.5266264677880038,0.23979688987622977
6,0.2,0.0,0.06,0.0,outcome_aware,3.0759108622550317,1.0088543319581085,0.10333227546810536,0.5266264677880038,0.23979688987622977
6,0.3,0.0,0.06,0.0,outcome_aware,3.0759108622550317,1.0088543319581085,0.10333227546810536,0.5266264677880038,0.23979688987622977
6,0.0,0.0,0.06,0.0,outcome_aware,3.0759108622550317,1.0088543319581085,0.10333227546810536,0.5266264677880038,0.23979688987622977
6,0.1,0.0,0.06,0.0,outcome_aware,3.0759108622550317,1.0088543319581085,0.10333227546810536,0.5266264677880038,0.23979688987622977
7,0.0,0.0,0.06,0.0,outcome_aware,3.0761092611036513,1.009044747699143,0.10320533164074897,0.5266264677880038,0.23966994604887337
7,0.4,0.0,0.06,0.0,outcome_aware,3.0761092611036513,1.009044747699143,0.10320533164074897,0.5266264677880038,0.23966994604887337
7,0.3,0.0,0.06,0.0,outcome_aware,3.0761092611036513,1.009044747699143,0.10320533164074897,0.5266264677880038,0.23966994604887337
7,0.1,0.0,0.06,0.0,outcome_aware,3.0761092611036513,1.009044747699143,0.10320533164074897,0.5266264677880038,0.23966994604887337
7,0.2,0.0,0.06,0.0,outcome_aware,3.0761092611036513,1.009044747699143,0.10320533164074897,0.5266264677880038,0.23966994604887337
5,0.0,0.0,0.1,0.03,outcome_aware,3.0763728009313094,1.0094255791812123,0.10295144398603617,0.5269438273563948,0.24081244049508094
5,0.2,0.0,0.1,0.03,outcome_aware,3.0763728009313094,1.0094255791812123,0.10295144398603617,0.5269438273563948,0.24081244049508094
5,0.3,0.0,0.1,0.03,outcome_aware,3.0763728009313094,1.0094255791812123,0.10295144398603617,0.5269438273563948,0.24081244049508094
5,0.4,0.0,0.1,0.03,outcome_aware,3.0763728009313094,1.0094255791812123,0.10295144398603617,0.5269438273563948,0.24081244049508094
5,0.1,0.0,0.1,0.03,outcome_aware,3.0763728009313094,1.0094255791812123,0.10295144398603617,0.5269438273563948,0.24081244049508094
6,0.1,0.0,0.1,0.0,outcome_aware,3.0766025866705933,1.009933354490638,0.10326880355442716,0.5282767375436369,0.2415106315455411
6,0.0,0.0,0.1,0.0,outcome_aware,3.0766025866705933,1.009933354490638,0.10326880355442716,0.5282767375436369,0.2415106315455411
6,0.2,0.0,0.1,0.0,outcome_aware,3.0766025866705933,1.009933354490638,0.10326880355442716,0.5282767375436369,0.2415106315455411
6,0.3,0.0,0.1,0.0,outcome_aware,3.0766025866705933,1.009933354490638,0.10326880355442716,0.5282767375436369,0.2415106315455411
6,0.4,0.0,0.1,0.0,outcome_aware,3.0766025866705933,1.009933354490638,0.10326880355442716,0.5282767375436369,0.2415106315455411
7,0.1,0.0,0.1,0.0,outcome_aware,3.076744919374456,1.0100920342748334,0.10320533164074897,0.5282767375436369,0.2414471596318629
7,0.0,0.0,0.1,0.0,outcome_aware,3.076744919374456,1.0100920342748334,0.10320533164074897,0.5282767375436369,0.2414471596318629
7,0.4,0.0,0.1,0.0,outcome_aware,3.076744919374456,1.0100920342748334,0.10320533164074897,0.5282767375436369,0.2414471596318629
7,0.3,0.0,0.1,0.0,outcome_aware,3.076744919374456,1.0100920342748334,0.10320533164074897,0.5282767375436369,0.2414471596318629
7,0.2,0.0,0.1,0.0,outcome_aware,3.076744919374456,1.0100920342748334,0.10320533164074897,0.5282767375436369,0.2414471596318629
6,0.3,0.0,0.06,0.01,outcome_aware,3.077805505335095,1.0085369723897175,0.10326880355442716,0.5257378609965091,0.23966994604887337
6,0.2,0.0,0.06,0.01,outcome_aware,3.077805505335095,1.0085369723897175,0.10326880355442716,0.5257378609965091,0.23966994604887337
6,0.1,0.0,0.06,0.01,outcome_aware,3.077805505335095,1.0085369723897175,0.10326880355442716,0.5257378609965091,0.23966994604887337
6,0.4,0.0,0.06,0.01,outcome_aware,3.077805505335095,1.0085369723897175,0.10326880355442716,0.5257378609965091,0.23966994604887337
6,0.0,0.0,0.06,0.01,outcome_aware,3.077805505335095,1.0085369723897175,0.10326880355442716,0.5257378609965091,0.23966994604887337
6,0.1,0.0,0.1,0.06,outcome_aware,3.0781517428895033,1.0075531577277055,0.10390352269120914,0.5243414788955887,0.24062202475404634
6,0.0,0.0,0.1,0.06,outcome_aware,3.0781517428895033,1.0075531577277055,0.10390352269120914,0.5243414788955887,0.24062202475404634
6,0.3,0.0,0.1,0.06,outcome_aware,3.0781517428895033,1.0075531577277055,0.10390352269120914,0.5243414788955887,0.24062202475404634
6,0.2,0.0,0.1,0.06,outcome_aware,3.0781517428895033,1.0075531577277055,0.10390352269120914,0.5243414788955887,0.24062202475404634
6,0.4,0.0,0.1,0.06,outcome_aware,3.0781517428895033,1.0075531577277055,0.10390352269120914,0.5243414788955887,0.24062202475404634
7,0.4,0.0,0.06,0.01,outcome_aware,3.078184789504672,1.0087908600444304,0.10314185972707077,0.5257378609965091,0.23954300222151698
7,0.1,0.0,0.06,0.01,outcome_aware,3.078184789504672,1.0087908600444304,0.10314185972707077,0.5257378609965091,0.23954300222151698
7,0.2,0.0,0.06,0.01,outcome_aware,3.078184789504672,1.0087908600444304,0.10314185972707077,0.5257378609965091,0.23954300222151698
7,0.3,0.0,0.06,0.01,outcome_aware,3.078184789504672,1.0087908600444304,0.10314185972707077,0.5257378609965091,0.23954300222151698
7,0.0,0.0,0.06,0.01,outcome_aware,3.078184789504672,1.0087908600444304,0.10314185972707077,0.5257378609965091,0.23954300222151698
5,0.2,0.0,0.1,0.01,outcome_aware,3.0785086388537186,1.0104411298000635,0.102570612503967,0.5277054903205332,0.24093938432243733
5,0.3,0.0,0.1,0.01,outcome_aware,3.0785086388537186,1.0104411298000635,0.102570612503967,0.5277054903205332,0.24093938432243733
5,0.4,0.0,0.1,0.01,outcome_aware,3.0785086388537186,1.0104411298000635,0.102570612503967,0.5277054903205332,0.24093938432243733
5,0.1,0.0,0.1,0.01,outcome_aware,3.0785086388537186,1.0104411298000635,0.102570612503967,0.5277054903205332,0.24093938432243733
5,0.0,0.0,0.1,0.01,outcome_aware,3.0785086388537186,1.0104411298000635,0.102570612503967,0.5277054903205332,0.24093938432243733
7,0.4,0.0,0.1,0.06,outcome_aware,3.0786762561836625,1.0078070453824184,0.10371310695017455,0.5243414788955887,0.24043160901301175
7,0.2,0.0,0.1,0.06,outcome_aware,3.0786762561836625,1.0078070453824184,0.10371310695017455,0.5243414788955887,0.24043160901301175
7,0.3,0.0,0.1,0.06,outcome_aware,3.0786762561836625,1.0078070453824184,0.10371310695017455,0.5243414788955887,0.24043160901301175
7,0.0,0.0,0.1,0.06,outcome_aware,3.0786762561836625,1.0078070453824184,0.10371310695017455,0.5243414788955887,0.24043160901301175
7,0.1,0.0,0.1,0.06,outcome_aware,3.0786762561836625,1.0078070453824184,0.10371310695017455,0.5243414788955887,0.24043160901301175
5,0.4,0.0,0.06,0.0,outcome_aware,3.078812044374331,1.009996826404316,0.1026975563313234,0.5266264677880038,0.23954300222151698
5,0.1,0.0,0.06,0.0,outcome_aware,3.078812044374331,1.009996826404316,0.1026975563313234,0.5266264677880038,0.23954300222151698
5,0.3,0.0,0.06,0.0,outcome_aware,3.078812044374331,1.009996826404316,0.1026975563313234,0.5266264677880038,0.23954300222151698
5,0.2,0.0,0.06,0.0,outcome_aware,3.078812044374331,1.009996826404316,0.1026975563313234,0.5266264677880038,0.23954300222151698
5,0.0,0.0,0.06,0.0,outcome_aware,3.078812044374331,1.009996826404316,0.1026975563313234,0.5266264677880038,0.23954300222151698
6,0.3,0.0,0.06,0.03,outcome_aware,3.0790228569200746,1.0082513487781657,0.10390352269120914,0.5247857822913361,0.24043160901301175
6,0.2,0.0,0.06,0.03,outcome_aware,3.0790228569200746,1.0082513487781657,0.10390352269120914,0.5247857822913361,0.24043160901301175
6,0.4,0.0,0.06,0.03,outcome_aware,3.0790228569200746,1.0082513487781657,0.10390352269120914,0.5247857822913361,0.24043160901301175
6,0.0,0.0,0.06,0.03,outcome_aware,3.0790228569200746,1.0082513487781657,0.10390352269120914,0.5247857822913361,0.24043160901301175
6,0.1,0.0,0.06,0.03,outcome_aware,3.0790228569200746,1.0082513487781657,0.10390352269120914,0.5247857822913361,0.24043160901301175
5,0.2,0.0,0.1,0.0,outcome_aware,3.0793133825530057,1.0110123770231672,0.1026340844176452,0.5282767375436369,0.2412567438908283
5,0.3,0.0,0.1,0.0,outcome_aware,3.0793133825530057,1.0110123770231672,0.1026340844176452,0.5282767375436369,0.2412567438908283
5,0.1,0.0,0.1,0.0,outcome_aware,3.0793133825530057,1.0110123770231672,0.1026340844176452,0.5282767375436369,0.2412567438908283
5,0.4,0.0,0.1,0.0,outcome_aware,3.0793133825530057,1.0110123770231672,0.1026340844176452,0.5282767375436369,0.2412567438908283
5,0.0,0.0,0.1,0.0,outcome_aware,3.0793133825530057,1.0110123770231672,0.1026340844176452,0.5282767375436369,0.2412567438908283
7,0.1,0.0,0.06,0.03,outcome_aware,3.079355824866433,1.0084735004760395,0.10371310695017455,0.5247857822913361,0.24024119327197715
7,0.3,0.0,0.06,0.03,outcome_aware,3.079355824866433,1.0084735004760395,0.10371310695017455,0.5247857822913361,0.24024119327197715
7,0.2,0.0,0.06,0.03,outcome_aware,3.079355824866433,1.0084735004760395,0.10371310695017455,0.5247857822913361,0.24024119327197715
7,0.0,0.0,0.06,0.03,outcome_aware,3.079355824866433,1.0084735004760395,0.10371310695017455,0.5247857822913361,0.24024119327197715
7,0.4,0.0,0.06,0.03,outcome_aware,3.079355824866433,1.0084735004760395,0.10371310695017455,0.5247857822913361,0.24024119327197715
6,0.1,0.0,0.03,0.01,outcome_aware,3.0795765639536774,1.0087591240875913,0.10314185972707077,0.5247223103776579,0.23954300222151698
6,0.0,0.0,0.03,0.01,outcome_aware,3.0795765639536774,1.0087591240875913,0.10314185972707077,0.5247223103776579,0.23954300222151698
6,0.2,0.0,0.03,0.01,outcome_aware,3.0795765639536774,1.0087591240875913,0.10314185972707077,0.5247223103776579,0.23954300222151698
6,0.3,0.0,0.03,0.01,outcome_aware,3.0795765639536774,1.0087591240875913,0.10314185972707077,0.5247223103776579,0.23954300222151698
6,0.4,0.0,0.03,0.01,outcome_aware,3.0795765639536774,1.0087591240875913,0.10314185972707077,0.5247223103776579,0.23954300222151698
6,0.1,0.0,0.03,0.0,outcome_aware,3.0798604694751286,1.009362107267534,0.10282450015867979,0.5251031418597271,0.23935258648048238
6,0.3,0.0,0.03,0.0,outcome_aware,3.0798604694751286,1.009362107267534,0.10282450015867979,0.5251031418597271,0.23935258648048238
6,0.2,0.0,0.03,0.0,outcome_aware,3.0798604694751286,1.009362107267534,0.10282450015867979,0.5251031418597271,0.23935258648048238
6,0.0,0.0,0.03,0.0,outcome_aware,3.0798604694751286,1.009362107267534,0.10282450015867979,0.5251031418597271,0.23935258648048238
6,0.4,0.0,0.03,0.0,outcome_aware,3.0798604694751286,1.009362107267534,0.10282450015867979,0.5251031418597271,0.23935258648048238
7,0.4,0.0,0.03,0.01,outcome_aware,3.0798841331598092,1.008981275785465,0.10301491589971437,0.5247223103776579,0.23941605839416058
7,0.0,0.0,0.03,0.01,outcome_aware,3.0798841331598092,1.008981275785465,0.10301491589971437,0.5247223103776579,0.23941605839416058
7,0.1,0.0,0.03,0.01,outcome_aware,3.0798841331598092,1.008981275785465,0.10301491589971437,0.5247223103776579,0.23941605839416058
7,0.3,0.0,0.03,0.01,outcome_aware,3.0798841331598092,1.008981275785465,0.10301491589971437,0.5247223103776579,0.23941605839416058
7,0.2,0.0,0.03,0.01,outcome_aware,3.0798841331598092,1.008981275785465,0.10301491589971437,0.5247223103776579,0.23941605839416058
7,0.4,0.0,0.03,0.0,outcome_aware,3.0801085246461635,1.0095842589654078,0.1026975563313234,0.5251031418597271,0.23922564265312599
7,0.3,0.0,0.03,0.0,outcome_aware,3.0801085246461635,1.0095842589654078,0.1026975563313234,0.5251031418597271,0.23922564265312599
7,0.2,0.0,0.03,0.0,outcome_aware,3.0801085246461635,1.0095842589654078,0.1026975563313234,0.5251031418597271,0.23922564265312599
7,0.0,0.0,0.03,0.0,outcome_aware,3.0801085246461635,1.0095842589654078,0.1026975563313234,0.5251031418597271,0.23922564265312599
7,0.1,0.0,0.03,0.0,outcome_aware,3.0801085246461635,1.0095842589654078,0.1026975563313234,0.5251031418597271,0.23922564265312599
5,0.1,0.0,0.06,0.01,outcome_aware,3.0803965173119434,1.0095525230085687,0.1026975563313234,0.5257378609965091,0.23947953030783878
5,0.4,0.0,0.06,0.01,outcome_aware,3.0803965173119434,1.0095525230085687,0.1026975563313234,0.5257378609965091,0.23947953030783878
5,0.3,0.0,0.06,0.01,outcome_aware,3.0803965173119434,1.0095525230085687,0.1026975563313234,0.5257378609965091,0.23947953030783878
5,0.2,0.0,0.06,0.01,outcome_aware,3.0803965173119434,1.0095525230085687,0.1026975563313234,0.5257378609965091,0.23947953030783878
5,0.0,0.0,0.06,0.01,outcome_aware,3.0803965173119434,1.0095525230085687,0.1026975563313234,0.5257378609965091,0.23947953030783878
6,0.2,0.0,0.06,0.06,outcome_aware,3.0807177049701777,1.0072040622024754,0.10403046651856554,0.5229450967946684,0.24036813709933355
6,0.0,0.0,0.06,0.06,outcome_aware,3.0807177049701777,1.0072040622024754,0.10403046651856554,0.5229450967946684,0.24036813709933355
6,0.3,0.0,0.06,0.06,outcome_aware,3.0807177049701777,1.0072040622024754,0.10403046651856554,0.5229450967946684,0.24036813709933355
6,0.4,0.0,0.06,0.06,outcome_aware,3.0807177049701777,1.0072040622024754,0.10403046651856554,0.5229450967946684,0.24036813709933355
6,0.1,0.0,0.06,0.06,outcome_aware,3.0807177049701777,1.0072040622024754,0.10403046651856554,0.5229450967946684,0.24036813709933355
5,0.3,0.0,0.1,0.06,outcome_aware,3.080823407273443,1.0086004443033958,0.10333227546810536,0.5243414788955887,0.24043160901301175
5,0.2,0.0,0.1,0.06,outcome_aware,3.080823407273443,1.0086004443033958,0.10333227546810536,0.5243414788955887,0.24043160901301175
5,0.4,0.0,0.1,0.06,outcome_aware,3.080823407273443,1.0086004443033958,0.10333227546810536,0.5243414788955887,0.24043160901301175
5,0.1,0.0,0.1,0.06,outcome_aware,3.080823407273443,1.0086004443033958,0.10333227546810536,0.5243414788955887,0.24043160901301175
5,0.0,0.0,0.1,0.06,outcome_aware,3.080823407273443,1.0086004443033958,0.10333227546810536,0.5243414788955887,0.24043160901301175
7,0.4,0.0,0.06,0.06,outcome_aware,3.0810853946891728,1.0074262139003491,0.10384005077753095,0.5229450967946684,0.24017772135829896
7,0.1,0.0,0.06,0.06,outcome_aware,3.0810853946891728,1.0074262139003491,0.10384005077753095,0.5229450967946684,0.24017772135829896
7,0.3,0.0,0.06,0.06,outcome_aware,3.0810853946891728,1.0074262139003491,0.10384005077753095,0.5229450967946684,0.24017772135829896
7,0.0,0.0,0.06,0.06,outcome_aware,3.0810853946891728,1.0074262139003491,0.10384005077753095,0.5229450967946684,0.24017772135829896
7,0.2,0.0,0.06,0.06,outcome_aware,3.0810853946891728,1.0074262139003491,0.10384005077753095,0.5229450967946684,0.24017772135829896
5,0.4,0.0,0.06,0.03,outcome_aware,3.081482217203372,1.0092034274833386,0.10326880355442716,0.5247857822913361,0.24017772135829896
5,0.0,0.0,0.06,0.03,outcome_aware,3.081482217203372,1.0092034274833386,0.10326880355442716,0.5247857822913361,0.24017772135829896
5,0.3,0.0,0.06,0.03,outcome_aware,3.081482217203372,1.0092034274833386,0.10326880355442716,0.5247857822913361,0.24017772135829896
5,0.1,0.0,0.06,0.03,outcome_aware,3.081482217203372,1.0092034274833386,0.10326880355442716,0.5247857822913361,0.24017772135829896
5,0.2,0.0,0.06,0.03,outcome_aware,3.081482217203372,1.0092034274833386,0.10326880355442716,0.5247857822913361,0.24017772135829896
5,0.3,0.0,0.03,0.01,outcome_aware,3.082254596141935,1.0098698825769596,0.1025071405902888,0.5247223103776579,0.23928911456680418
5,0.2,0.0,0.03,0.01,outcome_aware,3.082254596141935,1.0098698825769596,0.1025071405902888,0.5247223103776579,0.23928911456680418
5,0.0,0.0,0.03,0.01,outcome_aware,3.082254596141935,1.0098698825769596,0.1025071405902888,0.5247223103776579,0.23928911456680418
5,0.1,0.0,0.03,0.01,outcome_aware,3.082254596141935,1.0098698825769596,0.1025071405902888,0.5247223103776579,0.23928911456680418
5,0.4,0.0,0.03,0.01,outcome_aware,3.082254596141935,1.0098698825769596,0.1025071405902888,0.5247223103776579,0.23928911456680418
5,0.0,0.0,0.03,0.0,outcome_aware,3.0825265253045657,1.0104411298000635,0.10218978102189781,0.5251031418597271,0.2390986988257696
5,0.2,0.0,0.03,0.0,outcome_aware,3.0825265253045657,1.0104411298000635,0.10218978102189781,0.5251031418597271,0.2390986988257696
5,0.4,0.0,0.03,0.0,outcome_aware,3.0825265253045657,1.0104411298000635,0.10218978102189781,0.5251031418597271,0.2390986988257696
5,0.3,0.0,0.03,0.0,outcome_aware,3.0825265253045657,1.0104411298000635,0.10218978102189781,0.5251031418597271,0.2390986988257696
5,0.1,0.0,0.03,0.0,outcome_aware,3.0825265253045657,1.0104411298000635,0.10218978102189781,0.5251031418597271,0.2390986988257696
6,0.4,0.0,0.03,0.03,outcome_aware,3.0827645046028027,1.0083148206918437,0.10358616312281815,0.5233894001904157,0.23979688987622977
6,0.3,0.0,0.03,0.03,outcome_aware,3.0827645046028027,1.0083148206918437,0.10358616312281815,0.5233894001904157,0.23979688987622977
6,0.2,0.0,0.03,0.03,outcome_aware,3.0827645046028027,1.0083148206918437,0.10358616312281815,0.5233894001904157,0.23979688987622977
6,0.0,0.0,0.03,0.03,outcome_aware,3.0827645046028027,1.0083148206918437,0.10358616312281815,0.5233894001904157,0.23979688987622977
6,0.1,0.0,0.03,0.03,outcome_aware,3.0827645046028027,1.0083148206918437,0.10358616312281815,0.5233894001904157,0.23979688987622977
5,0.1,0.0,0.06,0.06,outcome_aware,3.0827656370144974,1.008060933037131,0.10339574738178356,0.5229450967946684,0.24005077753094256
5,0.4,0.0,0.06,0.06,outcome_aware,3.0827656370144974,1.008060933037131,0.10339574738178356,0.5229450967946684,0.24005077753094256
5,0.2,0.0,0.06,0.06,outcome_aware,3.0827656370144974,1.008060933037131,0.10339574738178356,0.5229450967946684,0.24005077753094256
5,0.3,0.0,0.06,0.06,outcome_aware,3.0827656370144974,1.008060933037131,0.10339574738178356,0.5229450967946684,0.24005077753094256
5,0.0,0.0,0.06,0.06,outcome_aware,3.0827656370144974,1.008060933037131,0.10339574738178356,0.5229450967946684,0.24005077753094256
7,0.2,0.0,0.03,0.03,outcome_aware,3.0829185903329677,1.0085052364328784,0.10339574738178356,0.5233894001904157,0.23960647413519517
7,0.1,0.0,0.03,0.03,outcome_aware,3.0829185903329677,1.0085052364328784,0.10339574738178356,0.5233894001904157,0.23960647413519517
7,0.3,0.0,0.03,0.03,outcome_aware,3.0829185903329677,1.0085052364328784,0.10339574738178356,0.5233894001904157,0.23960647413519517
7,0.4,0.0,0.03,0.03,outcome_aware,3.0829185903329677,1.0085052364328784,0.10339574738178356,0.5233894001904157,0.23960647413519517
7,0.0,0.0,0.03,0.03,outcome_aware,3.0829185903329677,1.0085052364328784,0.10339574738178356,0.5233894001904157,0.23960647413519517
6,0.0,0.0,0.03,0.06,outcome_aware,3.0837331404751813,1.0072040622024754,0.10415741034592194,0.5216756585211044,0.24024119327197715
6,0.4,0.0,0.03,0.06,outcome_aware,3.0837331404751813,1.0072040622024754,0.10415741034592194,0.5216756585211044,0.24024119327197715
6,0.1,0.0,0.03,0.06,outcome_aware,3.0837331404751813,1.0072040622024754,0.10415741034592194,0.5216756585211044,0.24024119327197715
6,0.3,0.0,0.03,0.06,outcome_aware,3.0837331404751813,1.0072040622024754,0.10415741034592194,0.5216756585211044,0.24024119327197715
6,0.2,0.0,0.03,0.06,outcome_aware,3.0837331404751813,1.0072040622024754,0.10415741034592194,0.5216756585211044,0.24024119327197715
6,0.0,0.0,0.0,0.0,outcome_aware,3.083897760873677,1.009965090447477,0.10199936528086322,0.5239606474135196,0.23827356394795304
6,0.1,0.0,0.0,0.0,outcome_aware,3.083897760873677,1.009965090447477,0.10199936528086322,0.5239606474135196,0.23827356394795304
6,0.2,0.0,0.0,0.0,outcome_aware,3.083897760873677,1.009965090447477,0.10199936528086322,0.5239606474135196,0.23827356394795304
6,0.4,0.0,0.0,0.0,outcome_aware,3.083897760873677,1.009965090447477,0.10199936528086322,0.5239606474135196,0.23827356394795304
6,0.3,0.0,0.0,0.0,outcome_aware,3.083897760873677,1.009965090447477,0.10199936528086322,0.5239606474135196,0.23827356394795304
7,0.3,0.0,0.03,0.06,outcome_aware,3.0840387182548974,1.0074262139003491,0.10396699460488734,0.5216756585211044,0.24005077753094256
7,0.2,0.0,0.03,0.06,outcome_aware,3.0840387182548974,1.0074262139003491,0.10396699460488734,0.5216756585211044,0.24005077753094256
7,0.1,0.0,0.03,0.06,outcome_aware,3.0840387182548974,1.0074262139003491,0.10396699460488734,0.5216756585211044,0.24005077753094256
7,0.0,0.0,0.03,0.06,outcome_aware,3.0840387182548974,1.0074262139003491,0.10396699460488734,0.5216756585211044,0.24005077753094256
7,0.4,0.0,0.03,0.06,outcome_aware,3.0840387182548974,1.0074262139003491,0.10396699460488734,0.5216756585211044,0.24005077753094256
7,0.0,0.0,0.0,0.0,outcome_aware,3.0841458160447117,1.0101872421453506,0.10187242145350682,0.5239606474135196,0.23814662012059665
7,0.4,0.0,0.0,0.0,outcome_aware,3.0841458160447117,1.0101872421453506,0.10187242145350682,0.5239606474135196,0.23814662012059665
7,0.3,0.0,0.0,0.0,outcome_aware,3.0841458160447117,1.0101872421453506,0.10187242145350682,0.5239606474135196,0.23814662012059665
7,0.2,0.0,0.0,0.0,outcome_aware,3.0841458160447117,1.0101872421453506,0.10187242145350682,0.5239606474135196,0.23814662012059665
7,0.1,0.0,0.0,0.0,outcome_aware,3.0841458160447117,1.0101872421453506,0.10187242145350682,0.5239606474135196,0.23814662012059665
6,0.1,0.0,0.0,0.01,outcome_aware,3.0843769724234686,1.0095207870517295,0.1025071405902888,0.5235163440177721,0.2387178673437004
6,0.2,0.0,0.0,0.01,outcome_aware,3.0843769724234686,1.0095207870517295,0.1025071405902888,0.5235163440177721,0.2387178673437004
6,0.0,0.0,0.0,0.01,outcome_aware,3.0843769724234686,1.0095207870517295,0.1025071405902888,0.5235163440177721,0.2387178673437004
6,0.4,0.0,0.0,0.01,outcome_aware,3.0843769724234686,1.0095207870517295,0.1025071405902888,0.5235163440177721,0.2387178673437004
6,0.3,0.0,0.0,0.01,outcome_aware,3.0843769724234686,1.0095207870517295,0.1025071405902888,0.5235163440177721,0.2387178673437004
7,0.2,0.0,0.0,0.01,outcome_aware,3.084734197952016,1.0097746747064424,0.1023801967629324,0.5235163440177721,0.238590923516344
7,0.1,0.0,0.0,0.01,outcome_aware,3.084734197952016,1.0097746747064424,0.1023801967629324,0.5235163440177721,0.238590923516344
7,0.0,0.0,0.0,0.01,outcome_aware,3.084734197952016,1.0097746747064424,0.1023801967629324,0.5235163440177721,0.238590923516344
7,0.4,0.0,0.0,0.01,outcome_aware,3.084734197952016,1.0097746747064424,0.1023801967629324,0.5235163440177721,0.238590923516344
7,0.3,0.0,0.0,0.01,outcome_aware,3.084734197952016,1.0097746747064424,0.1023801967629324,0.5235163440177721,0.238590923516344
5,0.4,0.0,0.03,0.03,outcome_aware,3.085240093541502,1.009330371310695,0.10295144398603617,0.5233894001904157,0.23954300222151698
5,0.0,0.0,0.03,0.03,outcome_aware,3.085240093541502,1.009330371310695,0.10295144398603617,0.5233894001904157,0.23954300222151698
5,0.2,0.0,0.03,0.03,outcome_aware,3.085240093541502,1.009330371310695,0.10295144398603617,0.5233894001904157,0.23954300222151698
5,0.1,0.0,0.03,0.03,outcome_aware,3.085240093541502,1.009330371310695,0.10295144398603617,0.5233894001904157,0.23954300222151698
5,0.3,0.0,0.03,0.03,outcome_aware,3.085240093541502,1.009330371310695,0.10295144398603617,0.5233894001904157,0.23954300222151698
5,0.4,0.0,0.03,0.06,outcome_aware,3.085778498235913,1.008029197080292,0.10352269120913996,0.5216756585211044,0.23986036178990797
5,0.1,0.0,0.03,0.06,outcome_aware,3.085778498235913,1.008029197080292,0.10352269120913996,0.5216756585211044,0.23986036178990797
5,0.3,0.0,0.03,0.06,outcome_aware,3.085778498235913,1.008029197080292,0.10352269120913996,0.5216756585211044,0.23986036178990797
5,0.0,0.0,0.03,0.06,outcome_aware,3.085778498235913,1.008029197080292,0.10352269120913996,0.5216756585211044,0.23986036178990797
5,0.2,0.0,0.03,0.06,outcome_aware,3.085778498235913,1.008029197080292,0.10352269120913996,0.5216756585211044,0.23986036178990797
5,0.4,0.0,0.0,0.0,outcome_aware,3.08655140262251,1.0110441129800063,0.10136464614408125,0.5239606474135196,0.23801967629324025
5,0.1,0.0,0.0,0.0,outcome_aware,3.08655140262251,1.0110441129800063,0.10136464614408125,0.5239606474135196,0.23801967629324025
5,0.0,0.0,0.0,0.0,outcome_aware,3.08655140262251,1.0110441129800063,0.10136464614408125,0.5239606474135196,0.23801967629324025
5,0.3,0.0,0.0,0.0,outcome_aware,3.08655140262251,1.0110441129800063,0.10136464614408125,0.5239606474135196,0.23801967629324025
5,0.2,0.0,0.0,0.0,outcome_aware,3.08655140262251,1.0110441129800063,0.10136464614408125,0.5239606474135196,0.23801967629324025
6,0.0,0.0,0.0,0.03,outcome_aware,3.086890904583382,1.0085687083465567,0.10314185972707077,0.5216121866074263,0.23941605839416058
6,0.1,0.0,0.0,0.03,outcome_aware,3.086890904583382,1.0085687083465567,0.10314185972707077,0.5216121866074263,0.23941605839416058
6,0.4,0.0,0.0,0.03,outcome_aware,3.086890904583382,1.0085687083465567,0.10314185972707077,0.5216121866074263,0.23941605839416058
6,0.2,0.0,0.0,0.03,outcome_aware,3.086890904583382,1.0085687083465567,0.10314185972707077,0.5216121866074263,0.23941605839416058
6,0.3,0.0,0.0,0.03,outcome_aware,3.086890904583382,1.0085687083465567,0.10314185972707077,0.5216121866074263,0.23941605839416058
5,0.2,0.0,0.0,0.01,outcome_aware,3.086891721384111,1.0105363376705807,0.10187242145350682,0.5235163440177721,0.2384639796889876
5,0.0,0.0,0.0,0.01,outcome_aware,3.086891721384111,1.0105363376705807,0.10187242145350682,0.5235163440177721,0.2384639796889876
5,0.4,0.0,0.0,0.01,outcome_aware,3.086891721384111,1.0105363376705807,0.10187242145350682,0.5235163440177721,0.2384639796889876
5,0.1,0.0,0.0,0.01,outcome_aware,3.086891721384111,1.0105363376705807,0.10187242145350682,0.5235163440177721,0.2384639796889876
5,0.3,0.0,0.0,0.01,outcome_aware,3.086891721384111,1.0105363376705807,0.10187242145350682,0.5235163440177721,0.2384639796889876
7,0.0,0.0,0.0,0.03,outcome_aware,3.087270615687481,1.0088225960012693,0.10295144398603617,0.5216121866074263,0.23922564265312599
7,0.2,0.0,0.0,0.03,outcome_aware,3.087270615687481,1.0088225960012693,0.10295144398603617,0.5216121866074263,0.23922564265312599
7,0.4,0.0,0.0,0.03,outcome_aware,3.087270615687481,1.0088225960012693,0.10295144398603617,0.5216121866074263,0.23922564265312599
7,0.3,0.0,0.0,0.03,outcome_aware,3.087270615687481,1.0088225960012693,0.10295144398603617,0.5216121866074263,0.23922564265312599
7,0.1,0.0,0.0,0.03,outcome_aware,3.087270615687481,1.0088225960012693,0.10295144398603617,0.5216121866074263,0.23922564265312599
5,0.2,0.0,0.0,0.03,outcome_aware,3.0896508949740444,1.009679466835925,0.1025071405902888,0.5216121866074263,0.2390986988257696
5,0.3,0.0,0.0,0.03,outcome_aware,3.0896508949740444,1.009679466835925,0.1025071405902888,0.5216121866074263,0.2390986988257696
5,0.4,0.0,0.0,0.03,outcome_aware,3.0896508949740444,1.009679466835925,0.1025071405902888,0.5216121866074263,0.2390986988257696
5,0.0,0.0,0.0,0.03,outcome_aware,3.0896508949740444,1.009679466835925,0.1025071405902888,0.5216121866074263,0.2390986988257696
5,0.1,0.0,0.0,0.03,outcome_aware,3.0896508949740444,1.009679466835925,0.1025071405902888,0.5216121866074263,0.2390986988257696
6,0.2,0.0,0.0,0.06,outcome_aware,3.09391052979269,1.0086004443033958,0.10345921929546176,0.5187559504919074,0.23954300222151698
6,0.0,0.0,0.0,0.06,outcome_aware,3.09391052979269,1.0086004443033958,0.10345921929546176,0.5187559504919074,0.23954300222151698
6,0.4,0.0,0.0,0.06,outcome_aware,3.09391052979269,1.0086004443033958,0.10345921929546176,0.5187559504919074,0.23954300222151698
6,0.1,0.0,0.0,0.06,outcome_aware,3.09391052979269,1.0086004443033958,0.10345921929546176,0.5187559504919074,0.23954300222151698
6,0.3,0.0,0.0,0.06,outcome_aware,3.09391052979269,1.0086004443033958,0.10345921929546176,0.5187559504919074,0.23954300222151698
7,0.3,0.0,0.0,0.06,outcome_aware,3.0941141625986948,1.0088225960012693,0.10320533164074897,0.5187559504919074,0.23928911456680418
7,0.2,0.0,0.0,0.06,outcome_aware,3.0941141625986948,1.0088225960012693,0.10320533164074897,0.5187559504919074,0.23928911456680418
7,0.4,0.0,0.0,0.06,outcome_aware,3.0941141625986948,1.0088225960012693,0.10320533164074897,0.5187559504919074,0.23928911456680418
7,0.1,0.0,0.0,0.06,outcome_aware,3.0941141625986948,1.0088225960012693,0.10320533164074897,0.5187559504919074,0.23928911456680418
7,0.0,0.0,0.0,0.06,outcome_aware,3.0941141625986948,1.0088225960012693,0.10320533164074897,0.5187559504919074,0.23928911456680418
5,0.3,0.0,0.0,0.06,outcome_aware,3.0961449953523226,1.0095207870517295,0.10276102824500159,0.5187559504919074,0.2390986988257696
5,0.0,0.0,0.0,0.06,outcome_aware,3.0961449953523226,1.0095207870517295,0.10276102824500159,0.5187559504919074,0.2390986988257696
5,0.2,0.0,0.0,0.06,outcome_aware,3.0961449953523226,1.0095207870517295,0.10276102824500159,0.5187559504919074,0.2390986988257696
5,0.1,0.0,0.0,0.06,outcome_aware,3.0961449953523226,1.0095207870517295,0.10276102824500159,0.5187559504919074,0.2390986988257696
5,0.4,0.0,0.0,0.06,outcome_aware,3.0961449953523226,1.0095207870517295,0.10276102824500159,0.5187559504919074,0.2390986988257696
