mode,max_score,lambda_blend,shared_lambda,classifier_power,prior_power,dixon_rho,AW-MAE,MAE_raw_component,exact_acc,outcome_acc,goal_diff_acc
dixon_bivar_expected_awmae,4,1.0,0.15,0.0,0.0,0.0,2.9177677928160892,1.0079652195988829,0.11348057882711349,0.592028433612592,0.2387027164254887
dixon_bivar_expected_awmae,5,1.0,0.15,0.0,0.0,-0.05,2.9179638674993646,1.0046331556232546,0.11341711094186342,0.5930439197765931,0.236989083523737
dixon_bivar_expected_awmae,4,1.0,0.06,0.0,0.0,-0.05,2.9189586977941335,1.009012439705509,0.11417872556486418,0.5914572226453415,0.23965473470423965
dixon_bivar_expected_awmae,4,1.0,0.15,0.0,0.0,0.05,2.9193507671754846,1.0081556232546331,0.11316323940086316,0.5924727088093424,0.2361005331302361
dixon_bivar_expected_awmae,5,1.0,0.1,0.0,0.25,0.15,2.919369345690101,1.0093615130743843,0.11373445036811373,0.5917110941863417,0.23565625793348566
dixon_bivar_expected_awmae,5,1.0,0.03,0.0,0.0,-0.1,2.919528835915568,1.0066323940086317,0.11265549631886265,0.5928535161208428,0.23717948717948717
dixon_bivar_expected_awmae,5,1.0,0.06,0.0,0.0,-0.1,2.9196699386144123,1.0055851739020056,0.1130997715156131,0.5922188372683422,0.23711601929423712
dixon_bivar_expected_awmae,4,1.0,0.15,0.0,0.0,0.1,2.919723216620923,1.0090759075907592,0.11227468900736227,0.5932977913175933,0.23432343234323433
dixon_bivar_expected_awmae,5,1.0,0.03,0.0,0.25,0.15,2.9198281403577657,1.0112655496318863,0.1136075145976136,0.5929169840060929,0.23635440467123636
dixon_bivar_expected_awmae,4,1.0,0.15,0.0,0.0,-0.1,2.919875839819568,1.0045062198527546,0.11462300076161462,0.5863163239400864,0.23971820258948973
dixon_bivar_expected_awmae,5,1.0,0.1,0.0,0.0,-0.1,2.9201555783622184,1.00479182533638,0.1137979182533638,0.5925361766945926,0.2376872302614877
dixon_bivar_expected_awmae,5,1.0,0.0,0.0,0.25,0.1,2.92038343508839,1.0107578065498857,0.11449606499111449,0.5918380299568419,0.23787763391723787
dixon_bivar_expected_awmae,5,0.5,0.15,0.0,0.0,0.15,2.92041635792275,1.0089172378776339,0.10853008377760853,0.5948844884488449,0.23343488194973344
dixon_bivar_expected_awmae,5,0.75,0.15,0.0,0.0,-0.1,2.920624123720576,1.0023483117542524,0.11367098248286367,0.5873952779893374,0.2374968266057375
dixon_bivar_expected_awmae,5,1.0,0.03,0.0,0.25,0.1,2.920687538556526,1.0101865955826352,0.1151942117288652,0.5915841584158416,0.23813150545823814
dixon_bivar_expected_awmae,5,1.0,0.15,0.0,0.0,-0.1,2.9207911208963337,1.0032368621477532,0.11462300076161462,0.591012947448591,0.2381949733434882
dixon_bivar_expected_awmae,5,0.75,0.0,0.0,0.0,-0.1,2.9208497667377964,1.0065054582381314,0.11303630363036303,0.5912668189895912,0.23825844122873827
dixon_bivar_expected_awmae,5,1.0,0.15,0.0,0.0,0.0,2.921132027508428,1.0058073115003807,0.1117034780401117,0.5927265803503428,0.23432343234323433
dixon_bivar_expected_awmae,4,1.0,0.1,0.0,0.0,0.0,2.9212115100448464,1.0096471185580096,0.11341711094186342,0.5921553693830921,0.2381949733434882
dixon_bivar_expected_awmae,4,1.0,0.1,0.0,0.0,-0.05,2.921336937394973,1.008028687484133,0.11405178979436405,0.5904417364813405,0.23908352373698907
dixon_bivar_expected_awmae,5,0.75,0.1,0.0,0.0,-0.05,2.921409948127939,1.0054582381315054,0.1124016247778624,0.5912668189895912,0.23736989083523738
dixon_bivar_expected_awmae,5,0.5,0.15,0.0,0.0,0.05,2.9214494903956023,1.0056169078446306,0.11202081746636203,0.5912033511043412,0.2376237623762376
dixon_bivar_expected_awmae,5,1.0,0.06,0.0,0.0,-0.15,2.9214559860109626,1.005013962934755,0.11417872556486418,0.5914572226453415,0.23857578065498858
dixon_bivar_expected_awmae,5,1.0,0.1,0.0,0.0,-0.05,2.921533142181583,1.006061183041381,0.11221122112211221,0.5924727088093424,0.23552932216298553
dixon_bivar_expected_awmae,5,1.0,0.1,0.0,0.0,0.0,2.9216698256404188,1.0071718710332571,0.11106879918761108,0.5936151307438436,0.23432343234323433
dixon_bivar_expected_awmae,4,1.0,0.03,0.0,0.0,-0.1,2.9217356454889147,1.0089489718202589,0.11392485402386393,0.5900609291698401,0.2400990099009901
dixon_bivar_expected_awmae,5,0.75,0.1,0.0,0.0,-0.15,2.9217471928765573,1.0028560548362528,0.11348057882711349,0.5861893881695862,0.23813150545823814
dixon_bivar_expected_awmae,5,1.0,0.15,0.0,0.25,0.15,2.92181365537773,1.0086633663366336,0.11455953287636456,0.5912668189895912,0.2355927900482356
dixon_bivar_expected_awmae,4,1.0,0.15,0.0,0.0,-0.05,2.9219000985968884,1.0066641279512567,0.11386138613861387,0.5889185072353389,0.2385123127697385
dixon_bivar_expected_awmae,4,1.0,0.06,0.0,0.0,0.0,2.921929540219617,1.010979944148261,0.1130997715156131,0.5924727088093424,0.23781416603198782
dixon_bivar_expected_awmae,5,1.0,0.1,0.0,0.0,-0.15,2.9221130925805365,1.0041571464838792,0.11367098248286367,0.5901878649403401,0.23806803757298806
dixon_bivar_expected_awmae,5,1.0,0.15,0.0,0.0,-0.15,2.922137165029225,1.0025387154100025,0.11417872556486418,0.5885376999238385,0.23844884488448845
dixon_bivar_expected_awmae,5,0.75,0.06,0.0,0.0,-0.15,2.9221446348272537,1.004061944656004,0.11348057882711349,0.5877760853008378,0.23844884488448845
dixon_bivar_expected_awmae,5,1.0,0.06,0.0,0.25,0.1,2.922162086331206,1.01002792586951,0.11525767961411526,0.5912668189895912,0.23787763391723787
dixon_bivar_expected_awmae,5,0.5,0.15,0.0,0.0,0.1,2.922197314921226,1.0071718710332571,0.11043412033511044,0.5927900482355928,0.23546585427773548
dixon_bivar_expected_awmae,5,1.0,0.03,0.0,0.0,-0.15,2.922341685221267,1.0056803757298807,0.11449606499111449,0.5916476263010917,0.2387027164254887
dixon_bivar_expected_awmae,5,1.0,0.06,0.0,0.25,0.15,2.9223809181196723,1.010916476263011,0.1137979182533638,0.5922823051535923,0.23603706524498605
dixon_bivar_expected_awmae,5,1.0,0.15,0.0,0.25,0.1,2.9224383810869208,1.0080604214267581,0.11582889058136583,0.5900609291698401,0.23756029449098756
dixon_bivar_expected_awmae,4,1.0,0.06,0.0,0.0,-0.15,2.922470490722251,1.0068545316070068,0.11417872556486418,0.5868240670220868,0.2406067529829906
dixon_bivar_expected_awmae,5,1.0,0.1,0.0,0.25,0.1,2.922594665991057,1.0088537699923839,0.1157019548108657,0.5906321401370906,0.2376237623762376
dixon_bivar_expected_awmae,4,0.75,0.15,0.0,0.0,-0.05,2.9226084166043487,1.0044744859101296,0.11494034018786493,0.5844757552678345,0.23902005585173902
dixon_bivar_expected_awmae,5,1.0,0.06,0.0,0.0,0.0,2.92262760979845,1.007996953541508,0.11018024879411017,0.5934247270880935,0.232990606752983
dixon_bivar_expected_awmae,4,1.0,0.06,0.0,0.0,0.1,2.922640984876803,1.0128522467631378,0.1104975882203605,0.593932470170094,0.23394262503173394
dixon_bivar_expected_awmae,4,1.0,0.0,0.0,0.0,-0.1,2.922677524341827,1.0097740543285099,0.11468646864686469,0.5906956080223407,0.2406067529829906
dixon_bivar_expected_awmae,5,1.0,0.0,0.0,0.25,0.15,2.9226928795342233,1.0128205128205128,0.11246509266311247,0.5929169840060929,0.2357197258187357
dixon_bivar_expected_awmae,4,0.75,0.1,0.0,0.0,-0.1,2.922823694184001,1.0043475501396293,0.1164001015486164,0.5837776085300838,0.24016247778624017
dixon_bivar_expected_awmae,5,0.75,0.1,0.0,0.0,-0.1,2.922848385623363,1.0044744859101296,0.11278243208936278,0.5886011678090886,0.23756029449098756
dixon_bivar_expected_awmae,4,0.75,0.15,0.0,0.0,0.1,2.922944594674406,1.0102500634678853,0.11259202843361259,0.5931073876618431,0.23743335872048743
dixon_bivar_expected_awmae,5,1.0,0.03,0.0,0.0,0.0,2.923025621381221,1.008980705762884,0.10967250571210967,0.5936785986290937,0.232990606752983
dixon_bivar_expected_awmae,5,0.75,0.03,0.0,0.0,-0.05,2.9230418210927334,1.0080604214267581,0.11195734958111196,0.5925996445798426,0.23724295506473725
dixon_bivar_expected_awmae,5,0.75,0.15,0.0,0.0,0.0,2.9230763210830855,1.0062198527545063,0.11214775323686214,0.5924727088093424,0.23711601929423712
dixon_bivar_expected_awmae,4,1.0,0.06,0.0,0.0,-0.1,2.923129132708164,1.0083142929677582,0.11443259710586444,0.5888550393500889,0.24054328509774053
dixon_bivar_expected_awmae,4,1.0,0.15,0.0,0.0,-0.15,2.9231917901383673,1.0033955318608785,0.11532114749936533,0.5828890581365829,0.23933739527798933
dixon_bivar_expected_awmae,5,0.5,0.1,0.0,0.0,-0.05,2.923218872665222,1.0043475501396293,0.11278243208936278,0.5877760853008378,0.2373064229499873
dixon_bivar_expected_awmae,5,1.0,0.0,0.0,0.0,-0.15,2.9232710478347887,1.0063150545823814,0.11367098248286367,0.5917110941863417,0.23813150545823814
dixon_bivar_expected_awmae,5,1.0,0.06,0.0,0.0,-0.05,2.9232873301137285,1.0073940086316324,0.11132267072861132,0.5926631124650926,0.23502157908098503
dixon_bivar_expected_awmae,5,0.5,0.1,0.0,0.0,0.1,2.9233023610508506,1.0091393754760092,0.10960903782685961,0.5934881949733435,0.23476770753998477
dixon_bivar_expected_awmae,4,1.0,0.1,0.0,0.0,-0.15,2.923315665561928,1.0057121096725057,0.11386138613861387,0.5846026910383346,0.2395912668189896
dixon_bivar_expected_awmae,4,1.0,0.03,0.0,0.0,0.15,2.923349583251313,1.0151370906321402,0.10846661589235847,0.5962807819243463,0.23216552424473216
dixon_bivar_expected_awmae,5,0.5,0.1,0.0,0.0,0.15,2.9234103222123835,1.00990099009901,0.10853008377760853,0.5944402132520944,0.23254633155623256
dixon_bivar_expected_awmae,4,1.0,0.1,0.0,0.0,0.1,2.923503044819572,1.0115194211728866,0.11125920284336126,0.5933612592028433,0.23394262503173394
dixon_bivar_expected_awmae,4,1.0,0.15,0.0,0.0,0.15,2.923505701687109,1.0115194211728866,0.10992637725310993,0.5941863417110942,0.2321020563594821
dixon_bivar_expected_awmae,5,0.75,0.1,0.0,0.0,0.0,2.923576209192614,1.0076478801726327,0.11151307438436152,0.5928535161208428,0.23667174409748667
dixon_bivar_expected_awmae,5,1.0,0.0,0.0,0.0,0.0,2.9236584170425153,1.0098057882711349,0.10954556994160955,0.5937420665143437,0.23273673521198274
dixon_bivar_expected_awmae,4,1.0,0.1,0.0,0.0,-0.1,2.923691245773082,1.0067593297791317,0.11430566133536431,0.5873952779893374,0.23895658796648897
dixon_bivar_expected_awmae,5,1.0,0.06,0.0,0.25,0.05,2.923703267543773,1.0092980451891342,0.11697131251586697,0.5901243970550901,0.23984513835998986
dixon_bivar_expected_awmae,5,1.0,0.15,0.0,0.25,0.05,2.923748493552764,1.0075526783447575,0.1170982482863671,0.5887281035795887,0.23902005585173902
dixon_bivar_expected_awmae,5,0.75,0.15,0.0,0.0,0.05,2.9237557116926047,1.0071718710332571,0.11062452399086062,0.592980451891343,0.23483117542523482
dixon_bivar_expected_awmae,4,1.0,0.0,0.0,0.0,0.05,2.923846232919351,1.0133599898451384,0.11144960649911145,0.5938690022848438,0.23476770753998477
dixon_bivar_expected_awmae,4,0.75,0.1,0.0,0.0,0.1,2.92387062228627,1.0104404671236353,0.11221122112211221,0.5918380299568419,0.2361005331302361
dixon_bivar_expected_awmae,5,0.75,0.15,0.0,0.0,-0.05,2.9239160977050864,1.0041888804265042,0.11284589997461285,0.5884107641533384,0.2366082762122366
dixon_bivar_expected_awmae,5,1.0,0.0,0.0,0.0,-0.1,2.92395279459842,1.007996953541508,0.11252856054836252,0.5925996445798426,0.2364178725564864
dixon_bivar_expected_awmae,4,1.0,0.1,0.0,0.0,0.15,2.92402483226708,1.0128205128205128,0.1103071845646103,0.595011424219345,0.23286367098248287
dixon_bivar_expected_awmae,4,1.0,0.0,0.0,0.0,-0.15,2.9240365091642837,1.009012439705509,0.11443259710586444,0.588029956841838,0.24086062452399087
dixon_bivar_expected_awmae,5,1.0,0.1,0.0,0.0,0.1,2.9240495140741336,1.011106879918761,0.1078954049251079,0.5962807819243463,0.23115003808073115
dixon_bivar_expected_awmae,4,1.0,0.0,0.0,0.0,0.15,2.924055889786371,1.0167555217060167,0.10764153338410765,0.5971693323178472,0.23248286367098248
dixon_bivar_expected_awmae,4,0.75,0.15,0.0,0.0,0.0,2.9240596514237347,1.007076669205382,0.11405178979436405,0.5878395531860878,0.23914699162223915
dixon_bivar_expected_awmae,4,1.0,0.03,0.0,0.0,-0.05,2.924097975078104,1.010916476263011,0.1137979182533638,0.5914572226453415,0.23908352373698907
dixon_bivar_expected_awmae,5,0.75,0.03,0.0,0.0,-0.1,2.9242358344577117,1.0065689261233817,0.11252856054836252,0.5900609291698401,0.2374968266057375
dixon_bivar_expected_awmae,4,1.0,0.06,0.0,0.0,0.15,2.9242630868052855,1.0141850723533892,0.10948210205635948,0.5956461030718456,0.23254633155623256
dixon_bivar_expected_awmae,5,0.75,0.03,0.0,0.0,-0.15,2.924277483295174,1.0054265041888804,0.11329017517136329,0.5881568926123382,0.2385123127697385
dixon_bivar_expected_awmae,4,1.0,0.0,0.0,0.0,-0.05,2.924289045648734,1.012154100025387,0.11329017517136329,0.5921553693830921,0.2392104595074892
dixon_bivar_expected_awmae,4,0.75,0.0,0.0,0.0,-0.15,2.9243129785145787,1.0074574765168824,0.1151942117288652,0.584983498349835,0.2407971566387408
dixon_bivar_expected_awmae,5,1.0,0.15,0.0,0.0,0.05,2.924355571476796,1.0076161462300077,0.11024371667936024,0.5936151307438436,0.2326097994414826
dixon_bivar_expected_awmae,5,0.75,0.0,0.0,0.0,-0.05,2.924438245454652,1.0088855039350089,0.11144960649911145,0.592028433612592,0.23635440467123636
dixon_bivar_expected_awmae,5,0.75,0.06,0.0,0.0,-0.1,2.924444426523004,1.0056486417872557,0.11290936785986291,0.5891723787763392,0.2374968266057375
dixon_bivar_expected_awmae,5,1.0,0.0,0.0,0.0,-0.05,2.9245156393039715,1.0091076415333842,0.11151307438436152,0.5936785986290937,0.23508504696623508
dixon_bivar_expected_awmae,5,0.75,0.0,0.0,0.0,-0.15,2.9245731563307023,1.0063467885250064,0.1130997715156131,0.589045443005839,0.23832190911398832
dixon_bivar_expected_awmae,4,1.0,0.1,0.0,0.0,0.05,2.924598289552537,1.011075145976136,0.11214775323686214,0.5924092409240924,0.23565625793348566
dixon_bivar_expected_awmae,5,1.0,0.06,0.0,0.0,0.1,2.924612907245281,1.012185833968012,0.10738766184310738,0.5967250571210967,0.23121350596598123
dixon_bivar_expected_awmae,5,0.5,0.06,0.0,0.0,0.1,2.9246432825477284,1.0105991368367606,0.10878395531860878,0.5938690022848438,0.23368875349073367
dixon_bivar_expected_awmae,5,0.75,0.06,0.0,0.0,-0.05,2.924753451108639,1.0075526783447575,0.11195734958111196,0.5919014978420919,0.23743335872048743
dixon_bivar_expected_awmae,4,0.75,0.1,0.0,0.0,0.05,2.924761446232934,1.0104722010662606,0.11322670728611323,0.5914572226453415,0.23844884488448845
dixon_bivar_expected_awmae,4,1.0,0.03,0.0,0.0,0.05,2.924803117201949,1.0124079715663874,0.11208428535161208,0.5933612592028433,0.23495811119573495
dixon_bivar_expected_awmae,5,0.5,0.15,0.0,0.0,0.0,2.9248236970139576,1.0047600913937547,0.11202081746636203,0.5883472962680883,0.23692561563848694
dixon_bivar_expected_awmae,4,0.75,0.1,0.0,0.0,0.0,2.924873922845562,1.0087903021071338,0.11367098248286367,0.5887915714648387,0.2388931200812389
dixon_bivar_expected_awmae,5,0.75,0.03,0.0,0.25,0.15,2.924980749521861,1.0114559532876364,0.11563848692561564,0.5912668189895912,0.238004569687738
dixon_bivar_expected_awmae,4,0.75,0.06,0.0,0.0,-0.1,2.925076793937584,1.007140137090632,0.11474993653211475,0.5852373698908352,0.24047981721249048
dixon_bivar_expected_awmae,4,1.0,0.06,0.0,0.0,0.05,2.925099094781597,1.0114242193450114,0.11271896420411272,0.5926631124650926,0.23533891850723535
dixon_bivar_expected_awmae,4,1.0,0.03,0.0,0.0,-0.15,2.925128496487136,1.0079652195988829,0.11417872556486418,0.5870779385630871,0.24067022086824066
dixon_bivar_expected_awmae,5,0.75,0.1,0.0,0.0,0.05,2.9251489332657488,1.0085681645087585,0.10986290936785986,0.5928535161208428,0.23394262503173394
dixon_bivar_expected_awmae,5,1.0,0.0,0.0,0.25,0.05,2.925149303258479,1.011075145976136,0.11551155115511551,0.5903148007108403,0.23965473470423965
dixon_bivar_expected_awmae,4,1.0,0.03,0.0,0.0,0.1,2.9251673576612847,1.0140898705255141,0.10998984513835999,0.5943132774815943,0.23324447829398323
dixon_bivar_expected_awmae,5,0.75,0.0,0.0,0.0,0.0,2.9251749085918854,1.01002792586951,0.1104975882203605,0.5932977913175933,0.2348946433104849
dixon_bivar_expected_awmae,5,0.75,0.15,0.0,0.0,-0.15,2.925198012581239,1.0022531099263772,0.1136075145976136,0.5842853516120843,0.23787763391723787
dixon_bivar_expected_awmae,4,0.75,0.06,0.0,0.0,0.05,2.9252088029543994,1.012090632140137,0.11303630363036303,0.5925361766945926,0.23876618431073876
dixon_bivar_expected_awmae,5,1.0,0.0,0.0,0.0,0.05,2.925214869951047,1.0117098248286367,0.10833968012185834,0.5955826351865956,0.23197512058898198
dixon_bivar_expected_awmae,5,0.5,0.06,0.0,0.0,-0.1,2.925220930923591,1.0042523483117543,0.11284589997461285,0.5858085808580858,0.2376872302614877
dixon_bivar_expected_awmae,5,0.5,0.03,0.0,0.0,0.1,2.925240900690976,1.0112655496318863,0.10853008377760853,0.5945671490225946,0.23305407463823305
dixon_bivar_expected_awmae,4,0.75,0.15,0.0,0.0,-0.1,2.9253261644644497,1.0038398070576289,0.11506727595836506,0.5810484894643311,0.2388931200812389
dixon_bivar_expected_awmae,5,0.5,0.1,0.0,0.0,-0.1,2.925372127145305,1.0030464584920031,0.11290936785986291,0.5842218837268343,0.23705255140898704
dixon_bivar_expected_awmae,4,0.75,0.03,0.0,0.0,0.0,2.925491477497713,1.0112338156892613,0.11348057882711349,0.5907590759075908,0.2392104595074892
dixon_bivar_expected_awmae,5,1.0,0.03,0.0,0.0,0.1,2.9255195339776097,1.012979182533638,0.10713379030210714,0.5969154607768469,0.23127697385123128
dixon_bivar_expected_awmae,4,0.75,0.03,0.0,0.0,-0.15,2.9256309263905522,1.0065689261233817,0.11513074384361513,0.5833968012185834,0.2400990099009901
dixon_bivar_expected_awmae,5,1.0,0.03,0.0,0.25,0.05,2.925669436529141,1.0101231276973852,0.11620969789286621,0.5898070576288398,0.23933739527798933
dixon_bivar_expected_awmae,5,0.5,0.1,0.0,0.0,0.0,2.925713563403949,1.0068227976643818,0.11195734958111196,0.5905052043665905,0.2376237623762376
dixon_bivar_expected_awmae,5,0.75,0.0,0.0,0.25,0.15,2.9257157002565912,1.0123445036811374,0.11494034018786493,0.5915206905305915,0.23756029449098756
dixon_bivar_expected_awmae,5,0.5,0.1,0.0,0.0,0.05,2.925771547980954,1.0080604214267581,0.11087839553186088,0.5917110941863417,0.23616400101548615
dixon_bivar_expected_awmae,4,1.0,0.03,0.0,0.0,0.0,2.9257979785675126,1.012185833968012,0.1130997715156131,0.5921553693830921,0.23743335872048743
dixon_bivar_expected_awmae,5,0.5,0.03,0.0,0.0,-0.1,2.9258143387928612,1.0053313023610053,0.11271896420411272,0.5869510027925869,0.2374968266057375
dixon_bivar_expected_awmae,5,0.5,0.0,0.0,0.0,-0.15,2.925839608307342,1.0045379537953796,0.11329017517136329,0.5854277735465854,0.23756029449098756
dixon_bivar_expected_awmae,5,1.0,0.03,0.0,0.25,0.0,2.9258504231117874,1.0095519167301346,0.1169078446306169,0.5888550393500889,0.24067022086824066
dixon_bivar_expected_awmae,5,1.0,0.1,0.0,0.25,0.05,2.9259461393421464,1.0085681645087585,0.11671744097486672,0.589045443005839,0.23876618431073876
dixon_bivar_expected_awmae,4,0.75,0.06,0.0,0.0,0.0,2.9259525498222203,1.00990099009901,0.11386138613861387,0.5898705255140899,0.23882965219598884
dixon_bivar_expected_awmae,4,0.75,0.1,0.0,0.0,-0.05,2.9259575605561894,1.0074574765168824,0.11462300076161462,0.5865067275958366,0.23997207413048996
dixon_bivar_expected_awmae,5,0.5,0.06,0.0,0.0,0.05,2.925958508540386,1.0090441736481341,0.1104975882203605,0.5924727088093424,0.23565625793348566
dixon_bivar_expected_awmae,4,0.75,0.06,0.0,0.0,-0.15,2.925995423124738,1.0057121096725057,0.11525767961411526,0.5823178471693323,0.24022594567149022
dixon_bivar_expected_awmae,5,0.5,0.15,0.0,0.0,-0.05,2.9260118918579967,1.0030781924346281,0.11284589997461285,0.584920030464585,0.23711601929423712
dixon_bivar_expected_awmae,4,0.75,0.06,0.0,0.0,0.1,2.9260158962812297,1.0122493018532623,0.11164001015486164,0.5927265803503428,0.23584666158923584
dixon_bivar_expected_awmae,5,0.75,0.15,0.0,0.25,0.15,2.9260334926255176,1.0083142929677582,0.11589235846661589,0.5892993145468393,0.23686214775323686
dixon_bivar_expected_awmae,4,0.75,0.15,0.0,0.0,0.05,2.9261539832774672,1.0094884488448845,0.11290936785986291,0.5901878649403401,0.23832190911398832
dixon_bivar_expected_awmae,5,0.75,0.15,0.0,0.0,0.15,2.9262288333843016,1.00990099009901,0.1078954049251079,0.5947575526783447,0.23089616653973088
dixon_bivar_expected_awmae,5,1.0,0.06,0.0,0.0,0.05,2.9262910871562786,1.0101548616400102,0.10891089108910891,0.5944402132520944,0.2314039096217314
dixon_bivar_expected_awmae,4,1.0,0.0,0.0,0.0,0.0,2.9263183299090696,1.0125666412795125,0.11252856054836252,0.5922823051535923,0.23629093678598628
dixon_bivar_expected_awmae,5,1.0,0.15,0.0,0.0,0.15,2.926357641337425,1.0117415587712617,0.10707032241685707,0.597042396547347,0.23045189134298044
dixon_bivar_expected_awmae,5,0.75,0.06,0.0,0.0,0.0,2.9265237413350125,1.0088537699923839,0.11043412033511044,0.5921553693830921,0.2348946433104849
dixon_bivar_expected_awmae,5,0.5,0.06,0.0,0.0,-0.15,2.926661021144353,1.0032368621477532,0.1136075145976136,0.583015993907083,0.23781416603198782
dixon_bivar_expected_awmae,5,0.75,0.06,0.0,0.25,0.15,2.926672953450062,1.0105039350088856,0.11601929423711602,0.5905052043665905,0.2376237623762376
dixon_bivar_expected_awmae,5,0.75,0.03,0.0,0.0,0.0,2.9267120607534767,1.0094249809596345,0.11011678090886012,0.592028433612592,0.23425996445798425
dixon_bivar_expected_awmae,5,0.75,0.06,0.0,0.0,0.05,2.926747192406364,1.0094249809596345,0.10948210205635948,0.5928535161208428,0.23248286367098248
dixon_bivar_expected_awmae,4,0.75,0.03,0.0,0.0,-0.05,2.926777583721065,1.0101865955826352,0.11386138613861387,0.5888550393500889,0.23997207413048996
dixon_bivar_expected_awmae,5,0.5,0.06,0.0,0.0,0.15,2.9268508631048875,1.012090632140137,0.10757806549885758,0.5950748921045951,0.2314039096217314
dixon_bivar_expected_awmae,5,0.5,0.06,0.0,0.0,-0.05,2.9269129794370206,1.006156384869256,0.11252856054836252,0.5887915714648387,0.23724295506473725
dixon_bivar_expected_awmae,5,1.0,0.03,0.0,0.0,0.05,2.926930358990752,1.011043412033511,0.1084031480071084,0.5945671490225946,0.23127697385123128
dixon_bivar_expected_awmae,5,0.5,0.0,0.0,0.0,0.1,2.9269333482239097,1.0124714394516374,0.10808580858085809,0.5948210205635949,0.2322924600152323
dixon_bivar_expected_awmae,5,1.0,0.15,0.0,0.0,0.1,2.926981396376657,1.01002792586951,0.10802234069560802,0.5945036811373445,0.23083269865448083
dixon_bivar_expected_awmae,4,0.75,0.15,0.0,0.0,0.15,2.9270809405484304,1.0118050266565117,0.11075145976136075,0.592980451891343,0.23432343234323433
dixon_bivar_expected_awmae,5,1.0,0.1,0.0,0.0,0.05,2.9271074878855936,1.0092028433612592,0.10935516628585935,0.5934247270880935,0.23165778116273167
dixon_bivar_expected_awmae,4,0.75,0.0,0.0,0.0,-0.05,2.9271617140287205,1.010916476263011,0.11348057882711349,0.5892993145468393,0.2394008631632394
dixon_bivar_expected_awmae,4,1.0,0.0,0.0,0.0,0.1,2.92721130926717,1.01494668697639,0.10941863417110942,0.594059405940594,0.23267326732673269
dixon_bivar_expected_awmae,5,0.75,0.1,0.0,0.0,0.1,2.9272290652828783,1.0103135313531353,0.10865701954810866,0.593995938055344,0.23197512058898198
dixon_bivar_expected_awmae,5,1.0,0.03,0.0,0.0,-0.05,2.927305689562559,1.0085046966235085,0.11138613861386139,0.5924092409240924,0.23438690022848438
dixon_bivar_expected_awmae,4,1.0,0.1,0.0,0.25,0.15,2.927317387979147,1.0139629347550139,0.11678090886011679,0.5916476263010917,0.2383853769992384
dixon_bivar_expected_awmae,5,0.5,0.06,0.0,0.0,0.0,2.9273892694549635,1.0075844122873825,0.1117034780401117,0.5905052043665905,0.23692561563848694
dixon_bivar_expected_awmae,5,1.0,0.06,0.0,0.25,0.0,2.927490921112076,1.008980705762884,0.1172886519421173,0.587966488956588,0.2400990099009901
dixon_bivar_expected_awmae,5,0.5,0.15,0.0,0.0,-0.1,2.9275852619522187,1.0024435135821275,0.11329017517136329,0.5823178471693323,0.23705255140898704
dixon_bivar_expected_awmae,4,1.0,0.06,0.0,0.25,0.15,2.9277203941517596,1.0147562833206398,0.11633663366336634,0.5916476263010917,0.23863924854023863
dixon_bivar_expected_awmae,4,0.75,0.1,0.0,0.0,0.15,2.9278298917097008,1.0128205128205128,0.11068799187611068,0.5931073876618431,0.23324447829398323
dixon_bivar_expected_awmae,5,1.0,0.0,0.0,0.0,0.1,2.927861094310457,1.0137725310992638,0.10662604722010663,0.5966615892358467,0.23051535922823052
dixon_bivar_expected_awmae,4,0.75,0.06,0.0,0.0,-0.05,2.9278675931756015,1.0094249809596345,0.11367098248286367,0.5875222137598375,0.23971820258948973
dixon_bivar_expected_awmae,5,0.75,0.1,0.0,0.25,0.15,2.9278906106252616,1.009869256156385,0.1157019548108657,0.5893627824320894,0.2373064229499873
dixon_bivar_expected_awmae,5,0.5,0.03,0.0,0.0,-0.05,2.9279094299599406,1.007076669205382,0.11227468900736227,0.5894897182025894,0.23717948717948717
dixon_bivar_expected_awmae,5,0.75,0.0,0.0,0.0,0.05,2.9279389429135496,1.0113290175171363,0.10897435897435898,0.5938690022848438,0.2322924600152323
dixon_bivar_expected_awmae,5,1.0,0.0,0.0,0.25,0.0,2.9279651970136,1.0101865955826352,0.11747905559786748,0.5889185072353389,0.2411144960649911
dixon_bivar_expected_awmae,4,1.0,0.03,0.0,0.25,0.15,2.9280036530549665,1.0153274942878903,0.11544808326986544,0.5919014978420919,0.23832190911398832
dixon_bivar_expected_awmae,4,0.75,0.0,0.0,0.0,0.05,2.928040751500712,1.0137090632140138,0.11132267072861132,0.5919014978420919,0.2366082762122366
dixon_bivar_expected_awmae,5,0.5,0.03,0.0,0.0,-0.15,2.9280426755407793,1.0041254125412542,0.11341711094186342,0.5839680121858339,0.23781416603198782
dixon_bivar_expected_awmae,5,0.5,0.03,0.0,0.0,0.05,2.928098302224845,1.0102817974105103,0.1097994414826098,0.5924092409240924,0.23495811119573495
dixon_bivar_expected_awmae,5,1.0,0.1,0.0,0.25,0.0,2.9281326599879063,1.0088855039350089,0.11741558771261741,0.5875222137598375,0.2404163493272404
dixon_bivar_expected_awmae,4,0.75,0.03,0.0,0.0,0.05,2.928165839835988,1.0134234577303884,0.11221122112211221,0.5920919014978421,0.2376237623762376
dixon_bivar_expected_awmae,5,0.5,0.0,0.0,0.0,0.05,2.928188460939987,1.0115194211728866,0.10941863417110942,0.5932343234323433,0.23464077176948464
dixon_bivar_expected_awmae,4,1.0,0.0,0.0,0.25,0.1,2.9282572361879153,1.0156765676567656,0.11627316577811628,0.5918380299568419,0.24022594567149022
dixon_bivar_expected_awmae,5,0.5,0.0,0.0,0.0,-0.1,2.9283029185167715,1.0068862655496318,0.11246509266311247,0.587966488956588,0.2376872302614877
dixon_bivar_expected_awmae,5,0.75,0.03,0.0,0.0,0.05,2.9283202307890126,1.0104722010662606,0.10948210205635948,0.5933612592028433,0.23267326732673269
dixon_bivar_expected_awmae,5,0.5,0.0,0.0,0.0,-0.05,2.9283923402526373,1.0078382838283828,0.11202081746636203,0.58999746128459,0.236989083523737
dixon_bivar_expected_awmae,4,0.5,0.15,0.0,0.0,0.05,2.9283994271404055,1.0079334856562578,0.11405178979436405,0.5864432597105864,0.23895658796648897
dixon_bivar_expected_awmae,5,0.5,0.03,0.0,0.0,0.0,2.928430681435377,1.0087903021071338,0.11125920284336126,0.5914572226453415,0.23654480832698654
dixon_bivar_expected_awmae,5,1.0,0.0,0.0,0.25,-0.05,2.928479808680472,1.0093615130743843,0.11785986290936785,0.5872048743335873,0.24162223914699163
dixon_bivar_expected_awmae,4,0.75,0.0,0.0,0.0,0.0,2.9284838962814197,1.013010916476263,0.11252856054836252,0.591012947448591,0.2383853769992384
dixon_bivar_expected_awmae,4,0.75,0.1,0.0,0.0,-0.15,2.9284923055224494,1.0046331556232546,0.11576542269611577,0.5802234069560802,0.23997207413048996
dixon_bivar_expected_awmae,5,1.0,0.03,0.0,0.25,-0.05,2.928512260988514,1.0095519167301346,0.11741558771261741,0.5871414064483371,0.24143183549124142
dixon_bivar_expected_awmae,4,0.75,0.03,0.0,0.0,0.1,2.928572964441136,1.0140898705255141,0.11119573495811119,0.5932977913175933,0.23584666158923584
dixon_bivar_expected_awmae,5,0.25,0.15,0.0,0.0,0.1,2.9285753071140905,1.0074574765168824,0.1117034780401117,0.5901243970550901,0.23667174409748667
dixon_bivar_expected_awmae,5,0.75,0.15,0.0,0.0,0.1,2.9285944455119868,1.0089489718202589,0.10903782685960904,0.5928535161208428,0.23222899212998224
dixon_bivar_expected_awmae,4,0.5,0.15,0.0,0.0,0.15,2.9286480955194047,1.0118050266565117,0.11214775323686214,0.5919649657273419,0.2376872302614877
dixon_bivar_expected_awmae,5,1.0,0.15,0.0,0.25,0.0,2.928662108645319,1.007076669205382,0.11824067022086825,0.586062452399086,0.24047981721249048
dixon_bivar_expected_awmae,5,0.75,0.06,0.0,0.0,0.1,2.9288112731422853,1.0116146230007617,0.10827621223660827,0.5943767453668444,0.23127697385123128
dixon_bivar_expected_awmae,4,0.5,0.15,0.0,0.0,0.0,2.928864623173052,1.0062198527545063,0.11455953287636456,0.5833333333333334,0.23927392739273928
dixon_bivar_expected_awmae,4,0.75,0.03,0.0,0.0,-0.1,2.928978424385517,1.0089489718202589,0.11424219345011424,0.5857451129728357,0.23997207413048996
dixon_bivar_expected_awmae,5,0.5,0.0,0.0,0.0,0.0,2.9290050506834113,1.0097740543285099,0.11106879918761108,0.5915841584158416,0.2361005331302361
dixon_bivar_expected_awmae,5,0.75,0.0,0.0,0.25,0.1,2.9290681046694416,1.011868494541762,0.1157019548108657,0.5895531860878396,0.23832190911398832
dixon_bivar_expected_awmae,4,0.75,0.06,0.0,0.0,0.15,2.929068624752503,1.0143754760091395,0.11043412033511044,0.5937420665143437,0.23356181772023357
dixon_bivar_expected_awmae,5,1.0,0.1,0.0,0.0,0.15,2.9291333739338854,1.012979182533638,0.10637217567910637,0.5967250571210967,0.22975374460522976
dixon_bivar_expected_awmae,5,0.75,0.15,0.0,0.25,0.0,2.9291993853775744,1.006124650926631,0.11874841330286875,0.5834602691038334,0.2407971566387408
dixon_bivar_expected_awmae,5,0.75,0.15,0.0,0.25,0.05,2.9293131068314198,1.0080921553693831,0.11678090886011679,0.5855547093170855,0.2394008631632394
dixon_bivar_expected_awmae,5,0.25,0.06,0.0,0.0,0.15,2.9293196779276136,1.0117098248286367,0.10960903782685961,0.5941863417110942,0.23464077176948464
dixon_bivar_expected_awmae,4,0.5,0.1,0.0,0.0,0.0,2.9296329078202468,1.0078382838283828,0.11405178979436405,0.5852373698908352,0.23914699162223915
dixon_bivar_expected_awmae,4,1.0,0.15,0.0,0.25,0.15,2.9298584430148336,1.0132647880172632,0.1169078446306169,0.5906321401370906,0.2381949733434882
dixon_bivar_expected_awmae,5,0.5,0.03,0.0,0.0,0.15,2.929885400267787,1.0132965219598884,0.1071972581873572,0.5952018278750952,0.2307057628839807
dixon_bivar_expected_awmae,5,0.75,0.03,0.0,0.25,0.1,2.9299785533724436,1.011106879918761,0.11633663366336634,0.588981975120589,0.23927392739273928
dixon_bivar_expected_awmae,4,1.0,0.0,0.0,0.25,0.15,2.9299826615913025,1.016850723533892,0.11417872556486418,0.5920919014978421,0.23844884488448845
dixon_bivar_expected_awmae,5,0.75,0.1,0.0,0.25,0.05,2.9300049209535106,1.0090441736481341,0.11741558771261741,0.5868240670220868,0.2406067529829906
dixon_bivar_expected_awmae,5,0.75,0.15,0.0,0.25,0.1,2.9300206384714733,1.0085998984513835,0.11684437674536684,0.5875856816450876,0.23908352373698907
dixon_bivar_expected_awmae,4,0.5,0.06,0.0,0.0,-0.05,2.930034738567588,1.0076796141152577,0.11443259710586444,0.5841584158415841,0.23952779893373952
dixon_bivar_expected_awmae,5,0.5,0.15,0.0,0.0,-0.15,2.9300424383955432,1.0012376237623761,0.11367098248286367,0.5794617923330795,0.23667174409748667
dixon_bivar_expected_awmae,4,0.75,0.0,0.0,0.0,0.1,2.9300536193725972,1.014978420919015,0.1103071845646103,0.592980451891343,0.23432343234323433
dixon_bivar_expected_awmae,5,0.75,0.03,0.0,0.0,0.15,2.9300904696998735,1.0139629347550139,0.10681645087585681,0.5961538461538461,0.23013455191673013
dixon_bivar_expected_awmae,5,0.25,0.15,0.0,0.0,0.15,2.9300990015012482,1.0091711094186342,0.11005331302361006,0.5917745620715917,0.23464077176948464
dixon_bivar_expected_awmae,5,0.25,0.1,0.0,0.0,0.15,2.9301432478611327,1.0103135313531353,0.11005331302361006,0.5927265803503428,0.23495811119573495
dixon_bivar_expected_awmae,5,0.25,0.1,0.0,0.0,0.0,2.930153030594649,1.0055534399593806,0.11386138613861387,0.5865701954810866,0.238004569687738
dixon_bivar_expected_awmae,4,0.75,0.15,0.0,0.0,-0.15,2.930170914594837,1.0024752475247525,0.11754252348311754,0.5788271134805788,0.2402894135567403
dixon_bivar_expected_awmae,5,0.75,0.1,0.0,0.25,-0.05,2.9301980545967714,1.0064419903528814,0.11951002792586951,0.5826986544808327,0.2418126428027418
dixon_bivar_expected_awmae,4,0.5,0.03,0.0,0.0,0.15,2.930399065687195,1.0154226961157655,0.10986290936785986,0.5935516628585935,0.2354023863924854
dixon_bivar_expected_awmae,5,0.75,0.1,0.0,0.0,0.15,2.9305382670396862,1.0124079715663874,0.10694338664635694,0.5946306169078446,0.22994414826097995
dixon_bivar_expected_awmae,4,0.5,0.15,0.0,0.0,0.1,2.9305386291222093,1.01009139375476,0.11335364305661336,0.5894262503173394,0.23863924854023863
dixon_bivar_expected_awmae,4,1.0,0.03,0.0,0.25,0.1,2.9305602123961663,1.0154226961157655,0.11652703731911652,0.5908225437928408,0.24035288144199035
dixon_bivar_expected_awmae,5,0.75,0.0,0.0,0.0,0.1,2.9306101838253342,1.0138677329271388,0.10687991876110688,0.5952018278750952,0.2310865701954811
dixon_bivar_expected_awmae,5,0.25,0.03,0.0,0.0,-0.05,2.9306147236465097,1.0063785224676314,0.11411525767961411,0.5861893881695862,0.23813150545823814
dixon_bivar_expected_awmae,4,0.5,0.1,0.0,0.0,0.15,2.9306617119507354,1.0133917237877634,0.11176694592536177,0.5925996445798426,0.23705255140898704
dixon_bivar_expected_awmae,4,0.75,0.0,0.0,0.0,-0.1,2.9307678106233332,1.01009139375476,0.11430566133536431,0.5865701954810866,0.2400990099009901
dixon_bivar_expected_awmae,5,0.75,0.03,0.0,0.0,0.1,2.9307860478006456,1.013106118304138,0.1071972581873572,0.5945036811373445,0.23095963442498096
dixon_bivar_expected_awmae,4,0.75,0.03,0.0,0.0,0.15,2.9308230968491014,1.0157083015993906,0.10967250571210967,0.5937420665143437,0.23356181772023357
dixon_bivar_expected_awmae,5,0.25,0.1,0.0,0.0,0.05,2.9308530226726757,1.0073940086316324,0.11278243208936278,0.5887281035795887,0.23711601929423712
dixon_bivar_expected_awmae,5,0.75,0.1,0.0,0.25,0.1,2.9308950338082953,1.009932724041635,0.11684437674536684,0.5885376999238385,0.23933739527798933
dixon_bivar_expected_awmae,4,1.0,0.06,0.0,0.25,0.1,2.930915663869638,1.0146610814927646,0.1172886519421173,0.5901243970550901,0.2404163493272404
dixon_bivar_expected_awmae,5,0.5,0.1,0.0,0.0,-0.15,2.9309630190548344,1.0027608530083778,0.1137979182533638,0.5811119573495811,0.23743335872048743
dixon_bivar_expected_awmae,5,0.25,0.03,0.0,0.0,0.15,2.931202191702992,1.0128522467631378,0.10935516628585935,0.5948844884488449,0.23464077176948464
dixon_bivar_expected_awmae,5,0.25,0.15,0.0,0.0,0.05,2.9312115369092346,1.005870779385631,0.11354404671236354,0.5874587458745875,0.23794110180248795
dixon_bivar_expected_awmae,5,1.0,0.0,0.0,0.25,-0.1,2.931280641654748,1.0092980451891342,0.11824067022086825,0.5856816450875857,0.24289159685199288
dixon_bivar_expected_awmae,5,1.0,0.1,0.0,0.25,-0.05,2.9313080828037057,1.0082825590251332,0.11798679867986799,0.5853643056613353,0.24086062452399087
dixon_bivar_expected_awmae,5,0.75,0.06,0.0,0.0,0.15,2.9313093590863413,1.0133599898451384,0.107006854531607,0.5952018278750952,0.22981721249047982
dixon_bivar_expected_awmae,5,0.5,0.15,0.0,0.25,0.1,2.9314170544320644,1.0085046966235085,0.11735211982736735,0.5846661589235846,0.2399086062452399
dixon_bivar_expected_awmae,4,0.5,0.0,0.0,0.0,0.15,2.9314681895603862,1.0172949987306423,0.10948210205635948,0.5944402132520944,0.23533891850723535
dixon_bivar_expected_awmae,5,0.25,0.0,0.0,0.0,0.15,2.9315117163499824,1.0137407971566388,0.10865701954810866,0.5952018278750952,0.2334983498349835
dixon_bivar_expected_awmae,5,0.75,0.0,0.0,0.25,0.0,2.9315292922884724,1.011138613861386,0.11652703731911652,0.5866971312515867,0.24098756029449098
dixon_bivar_expected_awmae,5,0.75,0.0,0.0,0.25,0.05,2.9315450076859286,1.0112972835745113,0.11671744097486672,0.5879030210713379,0.2399086062452399
dixon_bivar_expected_awmae,5,0.75,0.0,0.0,0.0,0.15,2.9315491610066005,1.0146293475501396,0.10713379030210714,0.5964711855800965,0.23076923076923078
dixon_bivar_expected_awmae,5,0.25,0.0,0.0,0.0,-0.05,2.93157706585675,1.0072988068037574,0.11373445036811373,0.5868240670220868,0.23806803757298806
dixon_bivar_expected_awmae,4,1.0,0.15,0.0,0.25,0.1,2.9315775805789124,1.0124397055090124,0.11785986290936785,0.5887915714648387,0.2394008631632394
dixon_bivar_expected_awmae,5,1.0,0.06,0.0,0.25,-0.05,2.9316459960379535,1.0094567149022595,0.11766945925361767,0.5861259202843361,0.24174917491749176
dixon_bivar_expected_awmae,5,0.5,0.1,0.0,0.25,0.1,2.9317309121540545,1.0097105864432596,0.11716171617161716,0.5856181772023357,0.2399086062452399
dixon_bivar_expected_awmae,5,0.75,0.06,0.0,0.25,0.05,2.931788932285633,1.0106626047220106,0.11684437674536684,0.5873318101040873,0.24047981721249048
dixon_bivar_expected_awmae,5,0.5,0.1,0.0,0.25,0.15,2.931882747882081,1.0107260726072607,0.11652703731911652,0.5880934247270881,0.23876618431073876
dixon_bivar_expected_awmae,4,0.5,0.1,0.0,0.0,0.05,2.931920722788372,1.00990099009901,0.11354404671236354,0.5882838283828383,0.23844884488448845
dixon_bivar_expected_awmae,5,0.75,0.03,0.0,0.25,0.05,2.931971965466087,1.011106879918761,0.11722518405686723,0.5877760853008378,0.24073368875349074
dixon_bivar_expected_awmae,5,0.25,0.0,0.0,0.0,0.1,2.9319786919300297,1.012154100025387,0.10986290936785986,0.5931073876618431,0.23483117542523482
dixon_bivar_expected_awmae,5,0.5,0.15,0.0,0.25,0.15,2.9320880329594936,1.0093615130743843,0.11614623000761615,0.5864432597105864,0.2383853769992384
dixon_bivar_expected_awmae,4,0.5,0.06,0.0,0.0,0.0,2.932098070706708,1.009869256156385,0.11354404671236354,0.5863163239400864,0.23876618431073876
dixon_bivar_expected_awmae,4,0.5,0.06,0.0,0.0,0.15,2.9320996407810074,1.0150736227468902,0.11043412033511044,0.5928535161208428,0.23552932216298553
dixon_bivar_expected_awmae,4,1.0,0.15,0.0,0.25,0.05,2.932282963534028,1.012122366082762,0.11906575272911907,0.5873952779893374,0.24136836760599137
dixon_bivar_expected_awmae,4,0.5,0.03,0.0,0.0,-0.05,2.9322891578218706,1.0090759075907592,0.11405178979436405,0.5846661589235846,0.23882965219598884
dixon_bivar_expected_awmae,5,0.25,0.03,0.0,0.0,0.0,2.9323064346657026,1.0078700177710078,0.11303630363036303,0.5879030210713379,0.23705255140898704
dixon_bivar_expected_awmae,5,0.25,0.03,0.0,0.0,0.1,2.9323314235898597,1.0113290175171363,0.1104975882203605,0.5925361766945926,0.23527545062198527
dixon_bivar_expected_awmae,4,0.5,0.1,0.0,0.0,0.1,2.9323346672283743,1.0117098248286367,0.11290936785986291,0.5905686722518406,0.2381949733434882
dixon_bivar_expected_awmae,5,0.25,0.06,0.0,0.0,0.0,2.932441189492923,1.0075844122873825,0.11303630363036303,0.5875856816450876,0.23756029449098756
dixon_bivar_expected_awmae,5,0.75,0.0,0.0,0.25,-0.1,2.932559516160083,1.0090759075907592,0.11874841330286875,0.5832698654480832,0.24320893627824322
dixon_bivar_expected_awmae,4,1.0,0.1,0.0,0.25,0.1,2.9325720369726618,1.0140264026402641,0.11754252348311754,0.5894897182025894,0.23965473470423965
dixon_bivar_expected_awmae,4,0.75,0.0,0.0,0.0,0.15,2.9326035184400476,1.0167555217060167,0.10903782685960904,0.5941863417110942,0.23318101040873318
dixon_bivar_expected_awmae,4,0.5,0.03,0.0,0.0,0.1,2.932637721073083,1.0142485402386392,0.11125920284336126,0.5921553693830921,0.23686214775323686
dixon_bivar_expected_awmae,5,0.5,0.0,0.0,0.0,0.15,2.932644506246814,1.0145341457222645,0.10681645087585681,0.5951383599898451,0.2301980198019802
dixon_bivar_expected_awmae,5,0.5,0.03,0.0,0.25,0.1,2.9326930833918006,1.010979944148261,0.11716171617161716,0.5871414064483371,0.23946433104848946
dixon_bivar_expected_awmae,5,0.5,0.1,0.0,0.25,0.05,2.93270966181138,1.009012439705509,0.11824067022086825,0.5844122873825844,0.24168570703224168
dixon_bivar_expected_awmae,5,0.75,0.06,0.0,0.25,-0.05,2.9327262782001693,1.0083460269103834,0.11912922061436913,0.5835237369890836,0.24238385376999239
dixon_bivar_expected_awmae,4,1.0,0.06,0.0,0.25,0.05,2.932821170952089,1.0141533384107642,0.11811373445036812,0.5887915714648387,0.24168570703224168
dixon_bivar_expected_awmae,5,0.5,0.06,0.0,0.25,0.1,2.9328515490502634,1.0103769992383853,0.1172886519421173,0.5864432597105864,0.23984513835998986
dixon_bivar_expected_awmae,5,0.75,0.06,0.0,0.25,0.0,2.932883070507125,1.0097105864432596,0.11792333079461792,0.5853643056613353,0.24168570703224168
dixon_bivar_expected_awmae,5,0.75,0.03,0.0,0.25,0.0,2.9329219948149188,1.0104087331810103,0.1170982482863671,0.5859355166285859,0.24073368875349074
dixon_bivar_expected_awmae,4,0.5,0.06,0.0,0.0,0.05,2.93295332214606,1.0114559532876364,0.11316323940086316,0.5895531860878396,0.2387027164254887
dixon_bivar_expected_awmae,4,0.5,0.1,0.0,0.0,-0.05,2.9329864410225843,1.0067593297791317,0.11525767961411526,0.5821274435135821,0.2392104595074892
dixon_bivar_expected_awmae,4,0.5,0.06,0.0,0.0,-0.1,2.933003203303423,1.0062515866971313,0.11538461538461539,0.5811754252348311,0.23997207413048996
dixon_bivar_expected_awmae,5,0.25,0.1,0.0,0.0,0.1,2.933252331978668,1.0095836506727596,0.11081492764661081,0.5906321401370906,0.23565625793348566
dixon_bivar_expected_awmae,5,0.25,0.0,0.0,0.0,0.0,2.933434286809216,1.0091393754760092,0.11284589997461285,0.5889185072353389,0.23711601929423712
dixon_bivar_expected_awmae,5,1.0,0.03,0.0,0.25,-0.1,2.93344522083,1.0087903021071338,0.11817720233561818,0.5844122873825844,0.2414953033764915
dixon_bivar_expected_awmae,5,0.25,0.06,0.0,0.0,0.05,2.9335569353226427,1.0092345773038842,0.11227468900736227,0.5896166539730896,0.2366082762122366
dixon_bivar_expected_awmae,5,0.25,0.0,0.0,0.0,0.05,2.9335987099237246,1.010979944148261,0.11113226707286113,0.591076415333841,0.23629093678598628
dixon_bivar_expected_awmae,5,0.75,0.1,0.0,0.25,0.0,2.9336190159663844,1.0087903021071338,0.11760599136836761,0.5839045443005839,0.24047981721249048
dixon_bivar_expected_awmae,5,0.5,0.06,0.0,0.25,0.05,2.9336441271911475,1.00990099009901,0.11773292713886774,0.584920030464585,0.24098756029449098
dixon_bivar_expected_awmae,5,0.5,0.06,0.0,0.25,0.15,2.93364747729207,1.0115828890581366,0.11697131251586697,0.5887281035795887,0.2387027164254887
dixon_bivar_expected_awmae,4,0.5,0.06,0.0,0.0,0.1,2.9336770279128346,1.0136773292713888,0.11176694592536177,0.5913302868748413,0.2374968266057375
dixon_bivar_expected_awmae,4,0.5,0.03,0.0,0.0,0.0,2.93368950157301,1.0111703478040113,0.11341711094186342,0.5872683422188373,0.23863924854023863
dixon_bivar_expected_awmae,5,0.75,0.06,0.0,0.25,0.1,2.9337416128518337,1.010979944148261,0.11671744097486672,0.5884107641533384,0.2387027164254887
dixon_bivar_expected_awmae,5,0.5,0.03,0.0,0.25,0.0,2.933746783130916,1.0095201827875095,0.11843107387661843,0.5834602691038334,0.24212998222899212
dixon_bivar_expected_awmae,4,0.5,0.0,0.0,0.0,0.05,2.9338587801782534,1.0137407971566388,0.11164001015486164,0.5904417364813405,0.23724295506473725
dixon_bivar_expected_awmae,4,1.0,0.0,0.0,0.25,0.05,2.933933955604444,1.01494668697639,0.11811373445036812,0.5892993145468393,0.24155877126174155
dixon_bivar_expected_awmae,5,1.0,0.15,0.0,0.25,-0.05,2.933934570105644,1.0072036049758821,0.11805026656511805,0.5833968012185834,0.24047981721249048
dixon_bivar_expected_awmae,4,0.5,0.0,0.0,0.0,0.1,2.9339459310964404,1.0157717694846409,0.11068799187611068,0.5925996445798426,0.23673521198273673
dixon_bivar_expected_awmae,5,0.25,0.06,0.0,0.0,0.1,2.933966762850823,1.0106943386646356,0.1104975882203605,0.5913302868748413,0.23533891850723535
dixon_bivar_expected_awmae,4,0.75,0.06,0.0,0.25,0.15,2.933998685555555,1.0156448337141406,0.11684437674536684,0.5898705255140899,0.23978167047473978
dixon_bivar_expected_awmae,4,0.75,0.15,0.0,0.25,0.1,2.934068748576963,1.0129157146483878,0.1184945417618685,0.5866336633663366,0.24098756029449098
dixon_bivar_expected_awmae,5,1.0,0.06,0.0,0.0,0.15,2.934070956521155,1.0154544300583905,0.1051028179741051,0.5966615892358467,0.22943640517897942
dixon_bivar_expected_awmae,4,1.0,0.1,0.0,0.25,0.05,2.9341846793628727,1.0132965219598884,0.11855800964711856,0.5877126174155877,0.24092409240924093
dixon_bivar_expected_awmae,5,0.5,0.0,0.0,0.25,0.1,2.934243852796703,1.012185833968012,0.11684437674536684,0.5877760853008378,0.23908352373698907
dixon_bivar_expected_awmae,5,0.5,0.03,0.0,0.25,0.15,2.9342662734927214,1.0126935770500127,0.11652703731911652,0.5896166539730896,0.2388931200812389
dixon_bivar_expected_awmae,5,0.75,0.03,0.0,0.25,-0.1,2.934287537053049,1.008028687484133,0.11931962427011931,0.581937039857832,0.24244732165524244
dixon_bivar_expected_awmae,5,0.25,0.03,0.0,0.0,0.05,2.9345099210097034,1.010059659812135,0.11176694592536177,0.58999746128459,0.23616400101548615
dixon_bivar_expected_awmae,4,0.5,0.15,0.0,0.0,-0.05,2.93457889139556,1.0052043665905053,0.11538461538461539,0.5798425996445798,0.2388931200812389
dixon_bivar_expected_awmae,4,1.0,0.03,0.0,0.25,0.05,2.9346417342550075,1.0147245493780148,0.11824067022086825,0.5889185072353389,0.24187611068799186
dixon_bivar_expected_awmae,5,0.5,0.03,0.0,0.25,0.05,2.934644447160166,1.0103135313531353,0.11798679867986799,0.584983498349835,0.24098756029449098
dixon_bivar_expected_awmae,5,0.25,0.15,0.0,0.0,0.0,2.934690287111893,1.0042206143691292,0.11316323940086316,0.5826986544808327,0.23667174409748667
dixon_bivar_expected_awmae,4,0.5,0.0,0.0,0.0,-0.1,2.9347125275690193,1.0093297791317593,0.11468646864686469,0.5832063975628332,0.23946433104848946
dixon_bivar_expected_awmae,4,1.0,0.06,0.0,0.25,0.0,2.9347444236328935,1.0137090632140138,0.11836760599136836,0.587014470677837,0.24212998222899212
dixon_bivar_expected_awmae,5,1.0,0.03,0.0,0.0,0.15,2.934759796108208,1.0156130997715156,0.10580096471185581,0.5969154607768469,0.22962680883472963
dixon_bivar_expected_awmae,5,0.5,0.15,0.0,0.25,0.05,2.934871873386648,1.0078382838283828,0.11855800964711856,0.582063975628332,0.2414953033764915
dixon_bivar_expected_awmae,4,0.75,0.03,0.0,0.25,0.15,2.9348772868532884,1.0162160446813913,0.11665397308961666,0.5899339933993399,0.2387027164254887
dixon_bivar_expected_awmae,5,0.75,0.15,0.0,0.25,-0.05,2.9348817720635205,1.0064737242955064,0.1191926884996192,0.5801599390708302,0.2411144960649911
dixon_bivar_expected_awmae,5,0.25,0.15,0.0,0.25,0.15,2.934924067971086,1.0087903021071338,0.11811373445036812,0.5839045443005839,0.24067022086824066
dixon_bivar_expected_awmae,4,0.5,0.0,0.0,0.0,-0.05,2.9349501204312496,1.010821274435136,0.11341711094186342,0.5857451129728357,0.23813150545823814
dixon_bivar_expected_awmae,5,1.0,0.0,0.0,0.25,-0.15,2.9349966053014143,1.0082825590251332,0.1184945417618685,0.5828890581365829,0.2421934501142422
dixon_bivar_expected_awmae,4,0.5,0.03,0.0,0.0,-0.1,2.9352105609323162,1.0079652195988829,0.11474993653211475,0.5815562325463316,0.23908352373698907
dixon_bivar_expected_awmae,4,1.0,0.0,0.0,0.25,0.0,2.9352570733183203,1.014978420919015,0.11792333079461792,0.5875222137598375,0.24238385376999239
dixon_bivar_expected_awmae,5,0.25,0.06,0.0,0.0,-0.05,2.9352651257557927,1.006092916984006,0.11373445036811373,0.5844122873825844,0.2376237623762376
dixon_bivar_expected_awmae,5,1.0,0.06,0.5,0.25,0.0,2.935366235023612,1.0078382838283828,0.1136075145976136,0.5962173140390962,0.22264534145722265
dixon_bivar_expected_awmae,4,0.5,0.0,0.0,0.0,0.0,2.935397224746548,1.0128839807057628,0.11227468900736227,0.5885376999238385,0.23781416603198782
dixon_bivar_expected_awmae,4,0.75,0.0,0.0,0.25,0.15,2.935496007232659,1.0177392739273927,0.11601929423711602,0.590949479563341,0.23933739527798933
dixon_bivar_expected_awmae,4,0.5,0.1,0.0,0.0,-0.1,2.9356540543186544,1.0054899720741306,0.11557501904036557,0.5792079207920792,0.23978167047473978
dixon_bivar_expected_awmae,4,0.5,0.03,0.0,0.0,0.05,2.93567332385415,1.012979182533638,0.11271896420411272,0.5896801218583397,0.2381949733434882
dixon_bivar_expected_awmae,5,1.0,0.06,0.0,0.25,-0.1,2.935674595770352,1.0088537699923839,0.11785986290936785,0.5836506727595836,0.24187611068799186
dixon_bivar_expected_awmae,5,0.5,0.06,0.0,0.25,0.0,2.935729111840223,1.0088537699923839,0.11868494541761869,0.5821909113988322,0.24212998222899212
dixon_bivar_expected_awmae,5,0.25,0.06,0.0,0.0,-0.1,2.9357694189933405,1.0044427519675045,0.11354404671236354,0.5805407463823306,0.23743335872048743
dixon_bivar_expected_awmae,4,0.25,0.15,0.0,0.0,0.15,2.93586081403533,1.012122366082762,0.11246509266311247,0.5887281035795887,0.23775069814673774
dixon_bivar_expected_awmae,4,1.0,0.03,0.0,0.25,0.0,2.935872214315634,1.0142168062960142,0.1184945417618685,0.587014470677837,0.24225691799949226
dixon_bivar_expected_awmae,5,0.5,0.0,0.0,0.25,0.0,2.935909165601938,1.010948210205636,0.11798679867986799,0.5844122873825844,0.2421934501142422
dixon_bivar_expected_awmae,5,1.0,0.15,0.0,0.25,-0.1,2.935972146174774,1.006061183041381,0.11868494541761869,0.5802868748413302,0.2399086062452399
dixon_bivar_expected_awmae,5,0.5,0.0,0.0,0.25,0.05,2.936152427444689,1.0114876872302614,0.11716171617161716,0.5852373698908352,0.24016247778624017
dixon_bivar_expected_awmae,5,1.0,0.03,0.5,0.25,0.0,2.9362246698443215,1.0086633663366336,0.11341711094186342,0.5968519928915968,0.22251840568672251
dixon_bivar_expected_awmae,4,0.75,0.15,0.0,0.25,0.15,2.9362302022830478,1.0141850723533892,0.11754252348311754,0.5886011678090886,0.23997207413048996
dixon_bivar_expected_awmae,5,0.75,0.0,0.0,0.25,-0.05,2.9362345530900864,1.010884742320386,0.11703478040111703,0.5840949479563341,0.24092409240924093
dixon_bivar_expected_awmae,5,0.5,0.0,0.0,0.25,0.15,2.936296158524108,1.0134551916730135,0.11620969789286621,0.5898070576288398,0.23825844122873827
dixon_bivar_expected_awmae,4,0.5,0.15,0.0,0.0,-0.1,2.936336568093749,1.003998476770754,0.11665397308961666,0.5774308200050774,0.2400990099009901
dixon_bivar_expected_awmae,5,1.0,0.1,0.0,0.25,-0.1,2.9363699998640302,1.0084729626808835,0.11798679867986799,0.5825717187103325,0.2414953033764915
dixon_bivar_expected_awmae,5,0.25,0.15,0.0,0.0,-0.05,2.9365158506106495,1.0034907336887535,0.1130997715156131,0.5797791317593298,0.2367986798679868
dixon_bivar_expected_awmae,5,0.25,0.03,0.0,0.25,0.1,2.936554338824435,1.010884742320386,0.11811373445036812,0.5846661589235846,0.24130489972074132
dixon_bivar_expected_awmae,5,0.25,0.1,0.0,0.0,-0.05,2.936698312232758,1.004823559279005,0.11322670728611323,0.5816197004315816,0.23692561563848694
dixon_bivar_expected_awmae,5,0.75,0.03,0.0,0.25,-0.05,2.936792934379556,1.00990099009901,0.1177963950241178,0.5833333333333334,0.24143183549124142
dixon_bivar_expected_awmae,4,1.0,0.03,0.5,0.25,0.0,2.936833664913723,1.0117415587712617,0.11284589997461285,0.5965981213505966,0.22245493780147246
dixon_bivar_expected_awmae,5,1.0,0.1,0.5,0.25,0.05,2.936910271656268,1.0089489718202589,0.11252856054836252,0.5966615892358467,0.22162985529322163
dixon_bivar_expected_awmae,5,1.0,0.15,0.5,0.25,0.1,2.936912326680059,1.0086633663366336,0.11208428535161208,0.5969154607768469,0.220995176440721
dixon_bivar_expected_awmae,5,1.0,0.1,0.0,0.25,-0.15,2.9369711958084492,1.0071718710332571,0.11843107387661843,0.5794617923330795,0.24086062452399087
dixon_bivar_expected_awmae,5,1.0,0.0,0.5,0.25,-0.05,2.936971531351648,1.0082825590251332,0.11405178979436405,0.5965346534653465,0.2234069560802234
dixon_bivar_expected_awmae,5,1.0,0.06,0.5,0.25,-0.05,2.936992325017912,1.0076478801726327,0.11443259710586444,0.5957095709570958,0.2242955064737243
dixon_bivar_expected_awmae,5,1.0,0.0,0.5,0.25,-0.1,2.9370410932045434,1.0077113480578828,0.11468646864686469,0.5957095709570958,0.2248032495557248
dixon_bivar_expected_awmae,4,0.5,0.06,0.0,0.0,-0.15,2.9370878210268616,1.0055534399593806,0.11582889058136583,0.5778750952018279,0.24003554201574004
dixon_bivar_expected_awmae,5,1.0,0.06,0.0,0.25,-0.15,2.937158176071869,1.0085998984513835,0.11722518405686723,0.5806676821528307,0.2411144960649911
dixon_bivar_expected_awmae,5,1.0,0.06,0.5,0.25,0.05,2.9371729140278404,1.0089172378776339,0.11246509266311247,0.596978928662097,0.22143945163747145
dixon_bivar_expected_awmae,5,0.25,0.1,0.0,0.25,0.1,2.9371951794935147,1.0095836506727596,0.1183041381061183,0.5831429296775832,0.2411779639502412
dixon_bivar_expected_awmae,5,1.0,0.03,0.0,0.25,-0.15,2.9372050985703604,1.0087903021071338,0.11824067022086825,0.581937039857832,0.24238385376999239
dixon_bivar_expected_awmae,5,1.0,0.0,0.5,0.25,0.0,2.9372572194986963,1.0092028433612592,0.11233815689261234,0.5967250571210967,0.22156638740797158
dixon_bivar_expected_awmae,5,1.0,0.1,0.5,0.25,0.0,2.9372908709936514,1.0077430820005078,0.11411525767961411,0.5958365067275958,0.22315308453922314
dixon_bivar_expected_awmae,4,0.25,0.15,0.0,0.0,0.1,2.9374196607661185,1.0104722010662606,0.11367098248286367,0.586062452399086,0.23914699162223915
dixon_bivar_expected_awmae,5,0.25,0.0,0.0,0.0,-0.15,2.937495465415725,1.00491876110688,0.11367098248286367,0.5799060675298299,0.2376237623762376
dixon_bivar_expected_awmae,5,0.25,0.03,0.0,0.0,-0.1,2.9374972681969282,1.006156384869256,0.1136075145976136,0.5821909113988322,0.23794110180248795
dixon_bivar_expected_awmae,4,1.0,0.15,0.0,0.25,0.0,2.9375006493869256,1.0117732927138867,0.1191926884996192,0.5843488194973343,0.24212998222899212
dixon_bivar_expected_awmae,5,1.0,0.0,0.0,0.0,0.15,2.937626523413479,1.017072861132267,0.10497588220360497,0.5968519928915968,0.2291190657527291
dixon_bivar_expected_awmae,4,0.5,0.15,0.0,0.25,0.15,2.937667804436096,1.0139629347550139,0.1177963950241178,0.5857451129728357,0.24054328509774053
dixon_bivar_expected_awmae,5,0.25,0.0,0.0,0.0,-0.1,2.9376759129536714,1.0068227976643818,0.11398832190911398,0.5835237369890836,0.2381949733434882
dixon_bivar_expected_awmae,4,1.0,0.0,0.0,0.25,-0.05,2.937736677118434,1.0141533384107642,0.11912922061436913,0.5858085808580858,0.24384361513074385
dixon_bivar_expected_awmae,5,1.0,0.03,0.5,0.25,-0.05,2.937740590982492,1.0081238893120081,0.11411525767961411,0.5957730388423458,0.2234069560802234
dixon_bivar_expected_awmae,4,1.0,0.0,0.5,0.25,-0.1,2.937751690597067,1.0106308707793856,0.11455953287636456,0.5954556994160954,0.22467631378522468
dixon_bivar_expected_awmae,5,0.25,0.1,0.0,0.0,-0.1,2.93777310335688,1.0031099263772532,0.11398832190911398,0.5784463061690784,0.23717948717948717
dixon_bivar_expected_awmae,5,1.0,0.03,0.5,0.25,-0.1,2.9377813376907325,1.0077430820005078,0.1151942117288652,0.5956461030718456,0.224993653211475
dixon_bivar_expected_awmae,5,0.75,0.06,0.0,0.25,-0.1,2.937811639431579,1.0080921553693831,0.11906575272911907,0.5804138106118304,0.24206651434374207
dixon_bivar_expected_awmae,5,0.5,0.0,0.0,0.25,-0.05,2.9378198387437675,1.0092663112465092,0.11855800964711856,0.5807311500380807,0.242003046458492
dixon_bivar_expected_awmae,5,1.0,0.15,0.5,0.25,0.05,2.937828866180617,1.0080921553693831,0.1136075145976136,0.5958365067275958,0.22245493780147246
dixon_bivar_expected_awmae,4,0.75,0.03,0.0,0.25,0.05,2.937877005093103,1.0157400355420156,0.11824067022086825,0.5870779385630871,0.24212998222899212
dixon_bivar_expected_awmae,5,0.25,0.06,0.0,0.25,0.1,2.937907465789814,1.0103769992383853,0.11785986290936785,0.5835237369890836,0.24054328509774053
dixon_bivar_expected_awmae,4,1.0,0.1,0.5,0.25,0.05,2.9379582692383965,1.011995430312262,0.11233815689261234,0.5963442498095963,0.2218202589489718
dixon_bivar_expected_awmae,5,0.75,0.06,0.5,0.25,0.05,2.9379803068587496,1.0095201827875095,0.11443259710586444,0.5969154607768469,0.2225818735719726
dixon_bivar_expected_awmae,5,0.25,0.1,0.0,0.25,0.15,2.9380407934886126,1.0113607514597613,0.11716171617161716,0.5851739020055852,0.23997207413048996
dixon_bivar_expected_awmae,4,1.0,0.0,0.5,0.25,0.0,2.938067031057223,1.0125031733942624,0.11246509266311247,0.5969154607768469,0.2225818735719726
dixon_bivar_expected_awmae,4,0.75,0.1,0.0,0.25,0.15,2.938105270490179,1.0154226961157655,0.11703478040111703,0.5886011678090886,0.23952779893373952
dixon_bivar_expected_awmae,5,1.0,0.15,0.5,0.25,-0.05,2.9381525222118072,1.0068545316070068,0.11589235846661589,0.5947575526783447,0.224993653211475
dixon_bivar_expected_awmae,4,1.0,0.06,0.5,0.25,0.05,2.938216080171107,1.0123127697385124,0.11214775323686214,0.5969154607768469,0.2215029195227215
dixon_bivar_expected_awmae,4,0.75,0.06,0.0,0.25,0.1,2.938246090591635,1.016089108910891,0.11722518405686723,0.5878395531860878,0.24073368875349074
dixon_bivar_expected_awmae,5,1.0,0.06,0.5,0.25,-0.1,2.93837021907022,1.007076669205382,0.11551155115511551,0.5948210205635949,0.22493018532622494
dixon_bivar_expected_awmae,4,0.75,0.1,0.0,0.25,0.1,2.938374850920871,1.0153274942878903,0.1177963950241178,0.5873318101040873,0.24136836760599137
dixon_bivar_expected_awmae,4,1.0,0.1,0.0,0.25,0.0,2.938457068813674,1.0132965219598884,0.11925615638486925,0.5857451129728357,0.24282812896674283
dixon_bivar_expected_awmae,4,0.75,0.0,0.5,0.25,0.05,2.938505564611127,1.0132330540746382,0.11341711094186342,0.597105864432597,0.22232800203097233
dixon_bivar_expected_awmae,4,0.75,0.15,0.0,0.25,0.05,2.9385807296377506,1.0124397055090124,0.11893881695861894,0.5838410764153339,0.24130489972074132
dixon_bivar_expected_awmae,5,1.0,0.15,0.5,0.25,-0.1,2.9386142994730426,1.0052678344757553,0.11722518405686723,0.5927265803503428,0.22524752475247525
dixon_bivar_expected_awmae,5,0.5,0.1,0.0,0.25,0.0,2.938651612536851,1.0083142929677582,0.11874841330286875,0.57996953541508,0.2414953033764915
dixon_bivar_expected_awmae,4,0.5,0.0,0.0,0.0,-0.15,2.9386864352421025,1.0081873571972582,0.1151942117288652,0.5804138106118304,0.23978167047473978
dixon_bivar_expected_awmae,4,0.75,0.06,0.0,0.25,0.05,2.938692844705694,1.0152322924600152,0.1177963950241178,0.5862528560548362,0.2414953033764915
dixon_bivar_expected_awmae,4,0.5,0.15,0.0,0.25,0.1,2.9387088378015607,1.0132330540746382,0.11951002792586951,0.5844757552678345,0.24263772531099265
dixon_bivar_expected_awmae,5,0.25,0.06,0.0,0.25,0.15,2.93877584222044,1.0115194211728866,0.11735211982736735,0.5858085808580858,0.23965473470423965
dixon_bivar_expected_awmae,5,0.25,0.0,0.0,0.25,0.1,2.9388341716165516,1.0118367605991367,0.1177963950241178,0.584983498349835,0.24067022086824066
dixon_bivar_expected_awmae,5,1.0,0.1,0.5,0.25,0.1,2.9388905708749493,1.0091076415333842,0.11214775323686214,0.5967885250063468,0.22023356181772025
dixon_bivar_expected_awmae,5,0.25,0.0,0.0,0.25,0.05,2.939032812513457,1.011075145976136,0.11824067022086825,0.5828890581365829,0.24155877126174155
dixon_bivar_expected_awmae,5,1.0,0.03,0.5,0.25,0.05,2.9390621399264485,1.0095519167301346,0.11202081746636203,0.5968519928915968,0.2208047727849708
dixon_bivar_expected_awmae,5,0.75,0.03,0.5,0.25,0.05,2.9390916430589913,1.0102183295252603,0.11398832190911398,0.597105864432597,0.2222010662604722
dixon_bivar_expected_awmae,4,0.25,0.1,0.0,0.0,0.1,2.9391273689163127,1.0128839807057628,0.11278243208936278,0.5873318101040873,0.23825844122873827
dixon_bivar_expected_awmae,4,0.75,0.1,0.0,0.25,0.05,2.9392639886131655,1.0144072099517645,0.11874841330286875,0.5853643056613353,0.2421934501142422
dixon_bivar_expected_awmae,4,0.25,0.1,0.0,0.0,0.15,2.9392660805171302,1.0138677329271388,0.11284589997461285,0.5895531860878396,0.23781416603198782
dixon_bivar_expected_awmae,4,1.0,0.15,0.5,0.25,0.05,2.939279639298702,1.0114242193450114,0.11386138613861387,0.5962173140390962,0.22302614876872304
dixon_bivar_expected_awmae,5,1.0,0.1,0.5,0.25,-0.1,2.9392869630903933,1.007108403148007,0.11601929423711602,0.5943132774815943,0.2253109926377253
dixon_bivar_expected_awmae,5,0.25,0.03,0.0,0.0,-0.15,2.9393153176043736,1.0037128712871286,0.11449606499111449,0.5781289667428281,0.238004569687738
dixon_bivar_expected_awmae,4,1.0,0.06,0.5,0.25,0.0,2.9393360013457657,1.012027164254887,0.11290936785986291,0.5962173140390962,0.22239146991622238
dixon_bivar_expected_awmae,5,1.0,0.0,0.5,0.25,-0.15,2.9393767230796772,1.0075209444021325,0.1151942117288652,0.5946940847930947,0.2248032495557248
dixon_bivar_expected_awmae,4,0.75,0.03,0.5,0.25,0.05,2.9393935144094145,1.0128522467631378,0.11411525767961411,0.5964711855800965,0.2227088093424727
dixon_bivar_expected_awmae,5,1.0,0.1,0.5,0.25,-0.05,2.9394082615032926,1.0080604214267581,0.115003808073115,0.5952652957603453,0.22467631378522468
dixon_bivar_expected_awmae,4,0.75,0.0,0.5,0.25,0.0,2.9394555891456684,1.011900228484387,0.11494034018786493,0.596026910383346,0.22366082762122366
dixon_bivar_expected_awmae,4,1.0,0.03,0.5,0.25,-0.1,2.9394969267483533,1.0104722010662606,0.11494034018786493,0.5946940847930947,0.22435897435897437
dixon_bivar_expected_awmae,4,1.0,0.06,0.5,0.25,-0.05,2.9395288939074193,1.0105991368367606,0.11462300076161462,0.5952018278750952,0.2237877633917238
dixon_bivar_expected_awmae,5,0.0,0.1,0.0,0.0,0.15,2.939536245562744,1.0117732927138867,0.11164001015486164,0.5904417364813405,0.23603706524498605
dixon_bivar_expected_awmae,4,1.0,0.03,0.5,0.25,0.05,2.939543349916529,1.0128839807057628,0.11157654226961157,0.5967885250063468,0.22112211221122113
dixon_bivar_expected_awmae,4,0.75,0.06,0.5,0.25,0.05,2.9395875221169057,1.0123762376237624,0.11405178979436405,0.5961538461538461,0.2225818735719726
dixon_bivar_expected_awmae,5,0.25,0.15,0.0,0.0,-0.1,2.939622195861458,1.0016501650165017,0.11449606499111449,0.5767961411525768,0.23724295506473725
dixon_bivar_expected_awmae,5,0.75,0.0,0.5,0.25,0.0,2.93969167192861,1.0092663112465092,0.115003808073115,0.5962173140390962,0.22302614876872304
dixon_bivar_expected_awmae,4,0.25,0.06,0.0,0.0,0.05,2.9397109821218144,1.0118367605991367,0.11386138613861387,0.5858085808580858,0.23844884488448845
dixon_bivar_expected_awmae,4,1.0,0.03,0.5,0.25,-0.05,2.9397632947878267,1.0113290175171363,0.11417872556486418,0.5954556994160954,0.2237242955064737
dixon_bivar_expected_awmae,5,1.0,0.15,0.0,0.25,-0.15,2.939794743602843,1.0053313023610053,0.11963696369636964,0.5777481594313277,0.23965473470423965
dixon_bivar_expected_awmae,4,0.75,0.1,0.5,0.25,0.1,2.9398819146292188,1.0131378522467631,0.11348057882711349,0.597042396547347,0.22213759837522215
dixon_bivar_expected_awmae,5,0.75,0.1,0.5,0.25,0.1,2.9399138587132665,1.0105991368367606,0.11367098248286367,0.5968519928915968,0.22162985529322163
dixon_bivar_expected_awmae,5,0.5,0.03,0.0,0.25,-0.05,2.9399194935338793,1.0086316323940085,0.11906575272911907,0.5792079207920792,0.24143183549124142
dixon_bivar_expected_awmae,5,1.0,0.03,0.5,0.25,-0.15,2.939919648777224,1.0073305407463824,0.11525767961411526,0.593932470170094,0.22493018532622494
dixon_bivar_expected_awmae,4,0.25,0.03,0.0,0.0,0.05,2.939930397895981,1.012947448591013,0.11322670728611323,0.5864432597105864,0.2385123127697385
dixon_bivar_expected_awmae,4,1.0,0.0,0.5,0.25,-0.05,2.939933773524311,1.0122175679106373,0.1130997715156131,0.5958365067275958,0.2234069560802234
dixon_bivar_expected_awmae,4,0.75,0.03,0.0,0.25,-0.05,2.9399662804295206,1.0137407971566388,0.11995430312261995,0.5834602691038334,0.24416095455699416
dixon_bivar_expected_awmae,4,1.0,0.15,0.5,0.25,0.1,2.9399903408877446,1.0126618431073877,0.11208428535161208,0.5965981213505966,0.22137598375222137
dixon_bivar_expected_awmae,5,0.75,0.1,0.0,0.25,-0.1,2.9400107010206478,1.0073622746890074,0.11912922061436913,0.5780654988575781,0.24136836760599137
dixon_bivar_expected_awmae,4,1.0,0.1,0.5,0.25,0.0,2.940013208586448,1.0114876872302614,0.11411525767961411,0.5958999746128459,0.22353389185072353
dixon_bivar_expected_awmae,5,1.0,0.1,0.5,0.25,-0.15,2.9400203076818507,1.0057755775577557,0.11684437674536684,0.5923457730388424,0.22518405686722517
dixon_bivar_expected_awmae,5,1.0,0.0,0.5,0.25,0.05,2.940041527557211,1.00990099009901,0.11151307438436152,0.596978928662097,0.22017009393247017
dixon_bivar_expected_awmae,4,0.75,0.1,0.5,0.25,0.05,2.940046676913969,1.0117415587712617,0.115003808073115,0.5960903782685961,0.2234069560802234
dixon_bivar_expected_awmae,4,0.75,0.0,0.0,0.25,0.05,2.940175070221911,1.0173267326732673,0.11671744097486672,0.5872048743335873,0.24155877126174155
dixon_bivar_expected_awmae,4,1.0,0.03,0.0,0.25,-0.05,2.94018304897981,1.0143437420665145,0.11912922061436913,0.5854277735465854,0.24371667936024372
dixon_bivar_expected_awmae,5,0.25,0.06,0.0,0.0,-0.15,2.940237263956078,1.0032368621477532,0.11398832190911398,0.5771134805788272,0.2374968266057375
dixon_bivar_expected_awmae,5,1.0,0.06,0.5,0.25,-0.15,2.9402581876977694,1.0066323940086317,0.11595582635186595,0.5931073876618431,0.22486671744097486
dixon_bivar_expected_awmae,4,1.0,0.0,0.5,0.25,0.15,2.9402750541003657,1.0146928154353896,0.10897435897435898,0.5982482863670983,0.21934501142421933
dixon_bivar_expected_awmae,4,0.25,0.06,0.0,0.0,0.15,2.9402933254533155,1.0153909621731403,0.11195734958111196,0.5908860116780909,0.23686214775323686
dixon_bivar_expected_awmae,5,0.75,0.03,0.5,0.25,-0.05,2.940298457625182,1.0083777608530085,0.11652703731911652,0.5952018278750952,0.22416857070322416
dixon_bivar_expected_awmae,5,0.25,0.1,0.0,0.0,-0.15,2.9403279527167894,1.0014914953033764,0.11462300076161462,0.5756537192180756,0.23667174409748667
dixon_bivar_expected_awmae,5,0.75,0.15,0.5,0.25,0.05,2.9403487031796236,1.0082825590251332,0.11627316577811628,0.5955191673013455,0.2237877633917238
dixon_bivar_expected_awmae,4,0.75,0.1,0.0,0.25,0.0,2.9404605375382333,1.0128522467631378,0.11982736735211982,0.5833333333333334,0.24320893627824322
dixon_bivar_expected_awmae,4,1.0,0.1,0.5,0.25,-0.05,2.940558550031353,1.0105039350088856,0.11481340441736482,0.5946940847930947,0.22416857070322416
dixon_bivar_expected_awmae,4,1.0,0.06,0.5,0.25,-0.15,2.9405696039378713,1.0086951002792588,0.11595582635186595,0.5924727088093424,0.2248032495557248
dixon_bivar_expected_awmae,4,1.0,0.1,0.5,0.25,0.1,2.940660717409233,1.013042650418888,0.11087839553186088,0.5968519928915968,0.2202970297029703
dixon_bivar_expected_awmae,4,0.75,0.03,0.5,0.25,0.0,2.9406915423975613,1.0116780908860117,0.11544808326986544,0.5955826351865956,0.22404163493272405
dixon_bivar_expected_awmae,5,0.0,0.06,0.0,0.0,0.15,2.9407426445837976,1.0136138613861385,0.11075145976136075,0.5911398832190912,0.23514851485148514
dixon_bivar_expected_awmae,5,0.75,0.06,0.5,0.25,0.0,2.9408463331744357,1.0090759075907592,0.11608276212236608,0.596026910383346,0.22391469916222392
dixon_bivar_expected_awmae,4,1.0,0.0,0.5,0.25,-0.15,2.9408623975359083,1.0097740543285099,0.11494034018786493,0.5930439197765931,0.22416857070322416
dixon_bivar_expected_awmae,4,0.5,0.03,0.0,0.0,-0.15,2.9409035490935267,1.0075844122873825,0.11538461538461539,0.5785732419395786,0.2394008631632394
dixon_bivar_expected_awmae,4,1.0,0.1,0.5,0.25,0.15,2.9409324021428302,1.0126301091647627,0.11068799187611068,0.596978928662097,0.21883726834221884
dixon_bivar_expected_awmae,4,1.0,0.03,0.5,0.25,-0.15,2.9409617912316723,1.0095201827875095,0.11563848692561564,0.592980451891343,0.22473978167047473
dixon_bivar_expected_awmae,5,1.0,0.1,0.5,0.25,0.15,2.94097247322093,1.0101865955826352,0.11043412033511044,0.5967885250063468,0.2187103325717187
dixon_bivar_expected_awmae,5,0.75,0.0,0.5,0.25,-0.05,2.941009426846154,1.0085998984513835,0.11652703731911652,0.5957730388423458,0.2248032495557248
dixon_bivar_expected_awmae,4,0.75,0.06,0.5,0.25,0.1,2.9410201088214234,1.0138042650418888,0.11290936785986291,0.5967885250063468,0.2215029195227215
dixon_bivar_expected_awmae,5,1.0,0.15,0.5,0.25,0.15,2.941044102922626,1.0096471185580096,0.11132267072861132,0.5964711855800965,0.21947194719471946
dixon_bivar_expected_awmae,4,1.0,0.03,0.5,0.25,0.15,2.9410521875559557,1.0139312008123889,0.10967250571210967,0.5975501396293476,0.21883726834221884
dixon_bivar_expected_awmae,5,0.75,0.15,0.5,0.25,0.15,2.941104316493602,1.0105991368367606,0.11284589997461285,0.5965346534653465,0.22105864432597105
dixon_bivar_expected_awmae,4,0.25,0.0,0.0,0.0,0.15,2.9411054406534554,1.0182470170093934,0.11119573495811119,0.5928535161208428,0.23711601929423712
dixon_bivar_expected_awmae,4,1.0,0.06,0.5,0.25,0.15,2.9411204736423016,1.0132965219598884,0.11024371667936024,0.5968519928915968,0.2187103325717187
dixon_bivar_expected_awmae,5,0.75,0.0,0.5,0.25,0.1,2.941122609713575,1.0104722010662606,0.11284589997461285,0.596978928662097,0.2202970297029703
dixon_bivar_expected_awmae,5,0.75,0.1,0.5,0.25,0.15,2.9411317341874783,1.0102500634678853,0.11252856054836252,0.5966615892358467,0.22004315816197004
dixon_bivar_expected_awmae,5,0.75,0.15,0.5,0.25,0.1,2.9411326592033946,1.0098375222137599,0.11424219345011424,0.5963442498095963,0.22232800203097233
dixon_bivar_expected_awmae,5,0.75,0.1,0.5,0.25,0.0,2.9411478652160867,1.0083142929677582,0.1164001015486164,0.5950748921045951,0.22385123127697384
dixon_bivar_expected_awmae,4,0.25,0.06,0.0,0.0,0.1,2.941160346722522,1.0145341457222645,0.1124016247778624,0.5886011678090886,0.238004569687738
dixon_bivar_expected_awmae,5,1.0,0.15,0.5,0.25,0.0,2.941169065388425,1.0086951002792588,0.11455953287636456,0.5953287636455953,0.22385123127697384
dixon_bivar_expected_awmae,4,1.0,0.15,0.0,0.25,-0.05,2.9411749940350065,1.0113290175171363,0.12046204620462046,0.581937039857832,0.24289159685199288
dixon_bivar_expected_awmae,4,0.5,0.1,0.0,0.0,-0.15,2.9412067436708,1.0047600913937547,0.11608276212236608,0.5753363797918253,0.23927392739273928
dixon_bivar_expected_awmae,4,1.0,0.06,0.5,0.25,0.1,2.941208117748826,1.013074384361513,0.11119573495811119,0.596978928662097,0.22010662604722012
dixon_bivar_expected_awmae,5,0.25,0.03,0.0,0.25,0.05,2.941269672699268,1.0105674028941356,0.11862147753236862,0.5818735719725818,0.24155877126174155
dixon_bivar_expected_awmae,5,1.0,0.06,0.5,0.25,0.15,2.9413034635637207,1.011106879918761,0.10992637725310993,0.5974866717440975,0.21902767199796902
dixon_bivar_expected_awmae,5,0.0,0.15,0.0,0.0,0.1,2.941363189606063,1.0077113480578828,0.11329017517136329,0.5846026910383346,0.23743335872048743
dixon_bivar_expected_awmae,5,1.0,0.06,0.5,0.25,0.1,2.94143023122906,1.0098375222137599,0.11164001015486164,0.5966615892358467,0.21966235085046967
dixon_bivar_expected_awmae,5,0.25,0.0,0.0,0.25,0.15,2.9414365395011255,1.0135821274435135,0.11678090886011679,0.587014470677837,0.23876618431073876
dixon_bivar_expected_awmae,4,0.75,0.1,0.5,0.0,-0.15,2.941487945288376,1.0087585681645088,0.11259202843361259,0.5945671490225946,0.22366082762122366
dixon_bivar_expected_awmae,5,0.0,0.15,0.0,0.0,0.15,2.9415150946122015,1.0103452652957603,0.11195734958111196,0.5879030210713379,0.23635440467123636
dixon_bivar_expected_awmae,4,1.0,0.03,0.5,0.25,0.1,2.9415381776444725,1.0132965219598884,0.11068799187611068,0.596978928662097,0.21972581873571972
dixon_bivar_expected_awmae,5,1.0,0.0,0.5,0.25,0.1,2.9415441567191447,1.010916476263011,0.1103071845646103,0.597042396547347,0.21902767199796902
dixon_bivar_expected_awmae,4,1.0,0.15,0.5,0.25,0.0,2.9415817217581948,1.010853008377761,0.11481340441736482,0.5952018278750952,0.2241051028179741
dixon_bivar_expected_awmae,4,0.5,0.0,0.0,0.25,0.1,2.941596855714759,1.0172949987306423,0.1170982482863671,0.5863797918253364,0.2406067529829906
dixon_bivar_expected_awmae,5,0.5,0.0,0.5,0.25,0.15,2.9416472000506744,1.012185833968012,0.11367098248286367,0.5981213505965981,0.22042396547347043
dixon_bivar_expected_awmae,5,0.75,0.15,0.0,0.25,-0.1,2.941657196358409,1.0056169078446306,0.11957349581111958,0.5762249301853263,0.2402894135567403
dixon_bivar_expected_awmae,5,0.75,0.1,0.5,0.25,0.05,2.941659816438629,1.0094249809596345,0.11487687230261488,0.5956461030718456,0.22232800203097233
dixon_bivar_expected_awmae,4,1.0,0.15,0.5,0.25,0.15,2.9417322354070694,1.013010916476263,0.11119573495811119,0.5969154607768469,0.22036049758822035
dixon_bivar_expected_awmae,5,0.25,0.15,0.0,0.25,0.1,2.9419053459895363,1.0087585681645088,0.11874841330286875,0.5803503427265804,0.24124143183549124
dixon_bivar_expected_awmae,4,1.0,0.1,0.0,0.25,-0.05,2.9419506623859704,1.0126618431073877,0.11925615638486925,0.5833968012185834,0.24244732165524244
dixon_bivar_expected_awmae,5,0.5,0.06,0.5,0.25,0.15,2.9419867062493767,1.0115511551155116,0.11411525767961411,0.5973597359735974,0.22036049758822035
dixon_bivar_expected_awmae,4,1.0,0.15,0.5,0.0,-0.15,2.9420122331323055,1.0077748159431328,0.11271896420411272,0.5943767453668444,0.22207413048997207
dixon_bivar_expected_awmae,4,1.0,0.06,0.0,0.25,-0.05,2.942016930979038,1.0135821274435135,0.119002284843869,0.5840949479563341,0.24257425742574257
dixon_bivar_expected_awmae,4,0.75,0.0,0.5,0.25,-0.05,2.942042525748858,1.011900228484387,0.11544808326986544,0.5948844884488449,0.2242955064737243
dixon_bivar_expected_awmae,4,0.75,0.0,0.0,0.25,0.1,2.9420613354653677,1.0177392739273927,0.1164001015486164,0.5882838283828383,0.24016247778624017
dixon_bivar_expected_awmae,4,1.0,0.0,0.5,0.25,0.1,2.9420636314980935,1.0138359989845138,0.1104975882203605,0.597105864432597,0.2194084793094694
dixon_bivar_expected_awmae,4,0.75,0.15,0.0,0.25,0.0,2.9420948751804,1.011963696369637,0.1202081746636202,0.5817466362020818,0.24251078954049252
dixon_bivar_expected_awmae,5,0.75,0.0,0.5,0.25,0.05,2.9421326088129036,1.010884742320386,0.11348057882711349,0.5967885250063468,0.22156638740797158
dixon_bivar_expected_awmae,5,0.75,0.06,0.5,0.25,0.1,2.9421370914145104,1.0107578065498857,0.11297283574511298,0.5964711855800965,0.22055090124397056
dixon_bivar_expected_awmae,5,1.0,0.0,0.5,0.25,0.15,2.9421393792938417,1.0126618431073877,0.10941863417110942,0.5988194973343488,0.21947194719471946
dixon_bivar_expected_awmae,5,0.0,0.1,0.0,0.0,0.05,2.942204564525145,1.0072036049758821,0.11335364305661336,0.5831429296775832,0.23724295506473725
dixon_bivar_expected_awmae,5,0.5,0.03,0.5,0.25,0.15,2.9422355302874985,1.0117732927138867,0.1137979182533638,0.5972962680883473,0.2199162223914699
dixon_bivar_expected_awmae,4,0.25,0.03,0.0,0.0,0.15,2.9422430078278223,1.017104595074892,0.11106879918761108,0.5915841584158416,0.2361005331302361
dixon_bivar_expected_awmae,5,0.75,0.03,0.5,0.25,-0.15,2.9422590090844927,1.0074257425742574,0.11760599136836761,0.5931708555470931,0.2256917999492257
dixon_bivar_expected_awmae,5,1.0,0.03,0.5,0.25,0.15,2.942273856059866,1.011931962427012,0.10967250571210967,0.5979944148260979,0.21928154353896928
dixon_bivar_expected_awmae,4,0.25,0.1,0.0,0.0,0.0,2.942316404398404,1.0086951002792588,0.11417872556486418,0.5797791317593298,0.238004569687738
dixon_bivar_expected_awmae,5,0.75,0.03,0.5,0.25,0.0,2.9423218100517037,1.0093615130743843,0.11551155115511551,0.5955826351865956,0.2230896166539731
dixon_bivar_expected_awmae,5,0.75,0.0,0.0,0.25,-0.15,2.94235940378338,1.0094884488448845,0.11855800964711856,0.578954049251079,0.24263772531099265
dixon_bivar_expected_awmae,5,1.0,0.03,0.5,0.25,0.1,2.942375837381639,1.0105039350088856,0.11094186341711094,0.5967250571210967,0.2190911398832191
dixon_bivar_expected_awmae,5,0.0,0.03,0.0,0.0,0.15,2.942413049197285,1.0145976136075145,0.11024371667936024,0.5913937547600914,0.2347042396547347
dixon_bivar_expected_awmae,4,0.5,0.0,0.0,0.25,0.15,2.9424363968926137,1.0183422188372684,0.11646356943386646,0.5884742320385885,0.2394008631632394
dixon_bivar_expected_awmae,4,0.25,0.03,0.0,0.0,0.1,2.9424626013601314,1.01494668697639,0.11202081746636203,0.5886011678090886,0.23673521198273673
dixon_bivar_expected_awmae,4,1.0,0.0,0.5,0.25,0.05,2.9425846345795486,1.0138042650418888,0.11062452399086062,0.5968519928915968,0.22042396547347043
dixon_bivar_expected_awmae,4,0.75,0.03,0.0,0.25,0.1,2.942601654140952,1.0167872556486417,0.11735211982736735,0.5875222137598375,0.2400990099009901
dixon_bivar_expected_awmae,5,0.0,0.1,0.0,0.0,0.1,2.9426155531039395,1.010059659812135,0.11303630363036303,0.5872683422188373,0.23705255140898704
dixon_bivar_expected_awmae,5,0.75,0.03,0.5,0.25,0.1,2.94261725063495,1.0105356689515106,0.11265549631886265,0.5964077176948465,0.21997969027671999
dixon_bivar_expected_awmae,5,0.5,0.15,0.5,0.25,0.15,2.9426277796340754,1.0115511551155116,0.115003808073115,0.5969154607768469,0.22213759837522215
dixon_bivar_expected_awmae,4,0.75,0.0,0.0,0.25,-0.05,2.942646896388426,1.0148197512058899,0.11951002792586951,0.5833333333333334,0.24378014724549377
dixon_bivar_expected_awmae,5,0.75,0.06,0.5,0.25,0.15,2.942665224421742,1.010916476263011,0.11202081746636203,0.5967250571210967,0.21928154353896928
dixon_bivar_expected_awmae,4,0.5,0.1,0.0,0.25,0.1,2.942693393034459,1.0154544300583905,0.1177963950241178,0.5847296268088348,0.24162223914699163
dixon_bivar_expected_awmae,5,0.25,0.06,0.0,0.25,0.05,2.9427835161733555,1.009932724041635,0.1184945417618685,0.5807946179233308,0.24124143183549124
dixon_bivar_expected_awmae,5,0.75,0.06,0.5,0.25,-0.05,2.9427845484218116,1.0088537699923839,0.11627316577811628,0.5948210205635949,0.22391469916222392
dixon_bivar_expected_awmae,5,0.25,0.03,0.0,0.25,0.15,2.9427888952825163,1.0127253109926377,0.11722518405686723,0.5858720487433359,0.2395912668189896
dixon_bivar_expected_awmae,4,1.0,0.15,0.5,0.0,0.0,2.9427952024598976,1.01002792586951,0.10922823051535922,0.5957095709570958,0.21864686468646866
dixon_bivar_expected_awmae,4,0.5,0.03,0.0,0.25,0.15,2.9427991465578462,1.0176758060421427,0.11684437674536684,0.587966488956588,0.2392104595074892
dixon_bivar_expected_awmae,4,1.0,0.1,0.5,0.0,-0.1,2.942799215387504,1.009932724041635,0.11068799187611068,0.5956461030718456,0.22042396547347043
dixon_bivar_expected_awmae,4,0.75,0.03,0.0,0.25,0.0,2.9428779036773127,1.015866971312516,0.11843107387661843,0.5848565625793348,0.243018532622493
dixon_bivar_expected_awmae,4,0.5,0.1,0.0,0.25,0.15,2.942937320137064,1.0164699162223916,0.11703478040111703,0.5861893881695862,0.23997207413048996
dixon_bivar_expected_awmae,4,1.0,0.06,0.5,0.25,-0.1,2.942981169082797,1.0106308707793856,0.11525767961411526,0.5938690022848438,0.2241051028179741
dixon_bivar_expected_awmae,4,1.0,0.0,0.0,0.25,-0.1,2.942984490278424,1.0143437420665145,0.11887534907336887,0.5835872048743336,0.24378014724549377
dixon_bivar_expected_awmae,5,0.75,0.0,0.5,0.25,0.15,2.942994643946718,1.011931962427012,0.1118938816958619,0.5978040111703478,0.2199162223914699
dixon_bivar_expected_awmae,4,0.75,0.06,0.5,0.25,0.0,2.9430142661540333,1.0122810357958874,0.11494034018786493,0.5952018278750952,0.2237877633917238
dixon_bivar_expected_awmae,5,1.0,0.0,0.5,0.5,0.05,2.943022771769496,1.0138042650418888,0.11817720233561818,0.5954556994160954,0.22581873571972583
dixon_bivar_expected_awmae,4,0.75,0.15,0.5,0.25,0.15,2.9430251103450678,1.0140264026402641,0.11227468900736227,0.5968519928915968,0.22086824067022087
dixon_bivar_expected_awmae,5,0.0,0.0,0.0,0.0,0.15,2.9430297004264196,1.0157083015993906,0.10992637725310993,0.5922188372683422,0.2345773038842346
dixon_bivar_expected_awmae,5,0.75,0.1,0.5,0.25,-0.1,2.943055303683772,1.0074892104595075,0.1177963950241178,0.5932343234323433,0.22581873571972583
dixon_bivar_expected_awmae,4,0.75,0.03,0.5,0.25,0.15,2.9431187262396805,1.0148832190911399,0.11183041381061183,0.5974866717440975,0.22017009393247017
dixon_bivar_expected_awmae,5,0.5,0.06,0.0,0.25,-0.05,2.943124651445904,1.0087903021071338,0.11931962427011931,0.5782559025133283,0.24212998222899212
dixon_bivar_expected_awmae,5,1.0,0.0,0.5,0.5,0.15,2.943127503342677,1.0150736227468902,0.1169078446306169,0.5976770753998477,0.2237877633917238
dixon_bivar_expected_awmae,5,1.0,0.0,0.0,0.5,0.15,2.9431687503623083,1.0191038334602691,0.12014470677837015,0.587966488956588,0.24098756029449098
dixon_bivar_expected_awmae,4,1.0,0.15,0.0,0.25,-0.1,2.9431799478893304,1.0101548616400102,0.12084285351612084,0.5790809850215791,0.24232038588474233
dixon_bivar_expected_awmae,5,0.75,0.03,0.5,0.25,0.15,2.943192507306083,1.0117415587712617,0.11176694592536177,0.5971693323178472,0.21934501142421933
dixon_bivar_expected_awmae,5,0.0,0.03,0.0,0.0,0.1,2.943193197499285,1.013074384361513,0.11195734958111196,0.5896801218583397,0.23622746890073623
dixon_bivar_expected_awmae,4,0.75,0.0,0.0,0.25,0.0,2.943193760225334,1.0165333841076416,0.11811373445036812,0.5851104341203351,0.2427011931962427
dixon_bivar_expected_awmae,5,0.75,0.15,0.5,0.25,0.0,2.9432229367820293,1.0087903021071338,0.1164001015486164,0.5945671490225946,0.2242955064737243
dixon_bivar_expected_awmae,4,0.5,0.06,0.0,0.25,0.05,2.9432696963901144,1.0153592282305153,0.11912922061436913,0.5839680121858339,0.24295506473724296
dixon_bivar_expected_awmae,5,0.5,0.15,0.0,0.25,0.0,2.9433024306679183,1.0080604214267581,0.1191926884996192,0.5783193703985783,0.24105102817974106
dixon_bivar_expected_awmae,4,0.75,0.15,0.5,0.25,0.1,2.943306838611848,1.0123762376237624,0.1136075145976136,0.5956461030718456,0.22162985529322163
dixon_bivar_expected_awmae,4,0.75,0.06,0.5,0.25,0.15,2.9433319172333237,1.0143754760091395,0.11208428535161208,0.597042396547347,0.22017009393247017
dixon_bivar_expected_awmae,4,1.0,0.1,0.5,0.25,-0.1,2.943342913418779,1.010059659812135,0.11551155115511551,0.5927900482355928,0.22442244224422442
dixon_bivar_expected_awmae,4,0.75,0.15,0.5,0.0,-0.1,2.9433610905587546,1.0092980451891342,0.11227468900736227,0.5946940847930947,0.22334348819497335
dixon_bivar_expected_awmae,4,0.75,0.0,0.5,0.25,-0.1,2.9433959063124866,1.0117415587712617,0.11646356943386646,0.5941863417110942,0.22537446052297538
dixon_bivar_expected_awmae,5,0.75,0.0,0.5,0.25,-0.1,2.943440620126266,1.0083460269103834,0.11697131251586697,0.5942498095963442,0.2242955064737243
dixon_bivar_expected_awmae,4,1.0,0.15,0.5,0.0,-0.05,2.943484090026766,1.0095519167301346,0.11037065244986037,0.5955191673013455,0.21934501142421933
dixon_bivar_expected_awmae,4,0.25,0.1,0.0,0.0,0.05,2.943517124804711,1.011043412033511,0.11392485402386393,0.5839680121858339,0.23857578065498858
dixon_bivar_expected_awmae,5,0.75,0.15,0.5,0.25,-0.05,2.9435226808510966,1.0078700177710078,0.11760599136836761,0.5936151307438436,0.22550139629347551
dixon_bivar_expected_awmae,5,0.5,0.03,0.5,0.25,0.1,2.9435420792279854,1.0118050266565117,0.11494034018786493,0.5968519928915968,0.22124904798172124
dixon_bivar_expected_awmae,5,0.75,0.03,0.0,0.25,-0.15,2.9436095329223115,1.0089172378776339,0.1183041381061183,0.5773673521198274,0.24168570703224168
dixon_bivar_expected_awmae,5,0.5,0.06,0.5,0.25,0.1,2.943618988625474,1.0117098248286367,0.11513074384361513,0.5967250571210967,0.22131251586697132
dixon_bivar_expected_awmae,4,0.75,0.06,0.5,0.0,-0.15,2.943619600503883,1.0098057882711349,0.1118938816958619,0.5946940847930947,0.22245493780147246
dixon_bivar_expected_awmae,4,0.25,0.0,0.0,0.0,0.0,2.943636182570279,1.0125349073368874,0.1137979182533638,0.5845392231530845,0.2388931200812389
dixon_bivar_expected_awmae,4,0.25,0.15,0.0,0.0,0.05,2.9437768306105294,1.0089489718202589,0.11373445036811373,0.5807946179233308,0.238004569687738
dixon_bivar_expected_awmae,5,1.0,0.0,0.5,0.5,-0.1,2.9438000096285566,1.0102183295252603,0.11944656004061945,0.5912033511043412,0.22746890073622747
dixon_bivar_expected_awmae,4,0.25,0.06,0.0,0.0,0.0,2.9438137258382584,1.0101548616400102,0.11462300076161462,0.5823813150545823,0.23895658796648897
dixon_bivar_expected_awmae,5,0.0,0.0,0.0,0.0,0.05,2.9438412298699412,1.0107578065498857,0.11316323940086316,0.5872048743335873,0.2366082762122366
dixon_bivar_expected_awmae,4,0.25,0.15,0.0,0.25,0.15,2.9438623130653103,1.0138042650418888,0.11893881695861894,0.5832698654480832,0.24225691799949226
dixon_bivar_expected_awmae,5,0.5,0.1,0.5,0.25,0.1,2.943891571612984,1.0113607514597613,0.11608276212236608,0.5966615892358467,0.2230896166539731
dixon_bivar_expected_awmae,5,0.25,0.15,0.0,0.0,-0.15,2.943897704749022,1.000158669713125,0.11494034018786493,0.5730515359228231,0.2361005331302361
dixon_bivar_expected_awmae,4,1.0,0.03,0.5,0.0,-0.15,2.943904561411592,1.0106308707793856,0.11056105610561057,0.5958365067275958,0.22048743335872048
dixon_bivar_expected_awmae,4,1.0,0.15,0.5,0.25,-0.15,2.9439595206778497,1.0087268342218838,0.11557501904036557,0.590949479563341,0.22537446052297538
dixon_bivar_expected_awmae,4,1.0,0.1,0.5,0.0,0.05,2.9439652004883428,1.0123762376237624,0.1082127443513582,0.5975501396293476,0.2182025894897182
dixon_bivar_expected_awmae,5,0.75,0.03,0.5,0.25,-0.1,2.9439667045541,1.0088537699923839,0.11652703731911652,0.5938055343995938,0.22442244224422442
dixon_bivar_expected_awmae,4,0.25,0.0,0.0,0.0,0.05,2.9440276172303323,1.014978420919015,0.11252856054836252,0.5873318101040873,0.238004569687738
dixon_bivar_expected_awmae,5,0.75,0.06,0.0,0.25,-0.15,2.944043142738511,1.0077113480578828,0.11855800964711856,0.5762249301853263,0.2407971566387408
dixon_bivar_expected_awmae,4,1.0,0.15,0.5,0.0,-0.1,2.944052928777889,1.0093297791317593,0.11151307438436152,0.595011424219345,0.2208047727849708
dixon_bivar_expected_awmae,4,0.75,0.03,0.5,0.25,-0.1,2.944065077342443,1.0112338156892613,0.11646356943386646,0.5933612592028433,0.22543792840822544
dixon_bivar_expected_awmae,4,1.0,0.15,0.5,0.0,0.1,2.9440813140333324,1.0122175679106373,0.10795887281035796,0.5978040111703478,0.21788525006346787
dixon_bivar_expected_awmae,4,0.5,0.06,0.0,0.25,0.15,2.944117055077633,1.017961411525768,0.1164001015486164,0.5873318101040873,0.23965473470423965
dixon_bivar_expected_awmae,5,1.0,0.03,0.0,0.5,0.15,2.944144907263246,1.0184374206651434,0.1210967250571211,0.5874587458745875,0.2414953033764915
dixon_bivar_expected_awmae,4,0.75,0.06,0.0,0.25,0.0,2.9441515177379936,1.0149149530337649,0.11893881695861894,0.5835237369890836,0.2427011931962427
dixon_bivar_expected_awmae,5,0.5,0.03,0.5,0.25,0.05,2.944151845341192,1.0113607514597613,0.11627316577811628,0.5966615892358467,0.22283574511297283
dixon_bivar_expected_awmae,5,0.0,0.03,0.0,0.0,0.05,2.9441700862264635,1.01002792586951,0.11348057882711349,0.5866336633663366,0.23717948717948717
dixon_bivar_expected_awmae,4,0.5,0.06,0.0,0.25,0.1,2.944183573132975,1.0164699162223916,0.11773292713886774,0.5851739020055852,0.2411779639502412
dixon_bivar_expected_awmae,5,0.0,0.0,0.0,0.0,0.1,2.9442547245689283,1.013994668697639,0.11144960649911145,0.58999746128459,0.2357197258187357
dixon_bivar_expected_awmae,4,0.75,0.03,0.5,0.25,0.1,2.944270183192984,1.0144072099517645,0.11259202843361259,0.5964711855800965,0.2208047727849708
dixon_bivar_expected_awmae,5,0.0,0.06,0.0,0.0,0.1,2.9443097696036222,1.0114876872302614,0.1124016247778624,0.587966488956588,0.23584666158923584
dixon_bivar_expected_awmae,4,0.75,0.0,0.5,0.25,-0.15,2.944315939721963,1.0106943386646356,0.1164001015486164,0.5926631124650926,0.22543792840822544
dixon_bivar_expected_awmae,4,0.75,0.15,0.5,0.0,0.0,2.94432611827556,1.0102500634678853,0.11106879918761108,0.5957095709570958,0.22042396547347043
dixon_bivar_expected_awmae,4,1.0,0.1,0.5,0.0,-0.15,2.9443500025474183,1.0098375222137599,0.11151307438436152,0.5948844884488449,0.22169332317847168
dixon_bivar_expected_awmae,4,0.25,0.03,0.0,0.0,0.0,2.944401610424628,1.0116146230007617,0.11430566133536431,0.5837141406448337,0.23895658796648897
dixon_bivar_expected_awmae,4,0.75,0.0,0.5,0.25,0.15,2.944424840512299,1.0152640264026402,0.11138613861386139,0.5974232038588474,0.21972581873571972
dixon_bivar_expected_awmae,5,1.0,0.15,0.5,0.25,-0.15,2.9444331483657304,1.005997715156131,0.11684437674536684,0.5913302868748413,0.22562833206397562
dixon_bivar_expected_awmae,4,1.0,0.15,0.5,0.0,0.05,2.9444664317744156,1.0117098248286367,0.10814927646610815,0.5965981213505966,0.218012185833968
dixon_bivar_expected_awmae,5,0.75,0.0,0.5,0.25,-0.15,2.94451562902164,1.0083777608530085,0.1169078446306169,0.5931073876618431,0.22524752475247525
dixon_bivar_expected_awmae,4,1.0,0.15,0.5,0.25,-0.05,2.9445252126649213,1.0106308707793856,0.11532114749936533,0.5936151307438436,0.22423203858847424
dixon_bivar_expected_awmae,4,0.75,0.0,0.5,0.25,0.1,2.9445452588942986,1.0149149530337649,0.11183041381061183,0.5965346534653465,0.2202970297029703
dixon_bivar_expected_awmae,5,1.0,0.15,0.0,0.5,0.1,2.9445887508938067,1.0143754760091395,0.12401624777862402,0.5844122873825844,0.24378014724549377
dixon_bivar_expected_awmae,5,0.75,0.06,0.5,0.25,-0.1,2.9446219364780153,1.0086316323940085,0.11671744097486672,0.5934881949733435,0.22473978167047473
dixon_bivar_expected_awmae,5,0.5,0.0,0.5,0.25,0.05,2.944668310582918,1.011900228484387,0.11589235846661589,0.5964711855800965,0.22213759837522215
dixon_bivar_expected_awmae,4,0.75,0.06,0.0,0.25,-0.05,2.944677837611595,1.0135186595582635,0.12046204620462046,0.5816197004315816,0.24371667936024372
dixon_bivar_expected_awmae,5,0.75,0.1,0.5,0.25,-0.05,2.9447014729149736,1.0087268342218838,0.11684437674536684,0.593932470170094,0.22454937801472455
dixon_bivar_expected_awmae,4,1.0,0.06,0.5,0.0,-0.15,2.9447265841180803,1.0102500634678853,0.11132267072861132,0.5953922315308454,0.22105864432597105
dixon_bivar_expected_awmae,4,0.5,0.03,0.0,0.25,0.1,2.9447746752129373,1.0175806042142677,0.11697131251586697,0.5854912414318355,0.24054328509774053
dixon_bivar_expected_awmae,4,1.0,0.15,0.5,0.25,-0.1,2.9447944163492097,1.0092663112465092,0.11544808326986544,0.5915841584158416,0.22416857070322416
dixon_bivar_expected_awmae,4,0.75,0.03,0.5,0.25,-0.05,2.9448644194496554,1.0124079715663874,0.11551155115511551,0.5943767453668444,0.2242955064737243
dixon_bivar_expected_awmae,5,0.0,0.06,0.0,0.0,0.05,2.9448887942279054,1.0091393754760092,0.11392485402386393,0.5854277735465854,0.2376872302614877
dixon_bivar_expected_awmae,4,0.75,0.0,0.5,0.0,-0.15,2.9449361139682537,1.0114559532876364,0.11113226707286113,0.5955191673013455,0.22162985529322163
dixon_bivar_expected_awmae,4,1.0,0.03,0.5,0.0,-0.05,2.9449595326202544,1.0122175679106373,0.1084031480071084,0.5961538461538461,0.21775831429296777
dixon_bivar_expected_awmae,4,1.0,0.06,0.5,0.0,-0.1,2.9450141796976124,1.010948210205636,0.1103071845646103,0.596026910383346,0.21997969027671999
dixon_bivar_expected_awmae,4,1.0,0.1,0.5,0.0,-0.05,2.945039939754925,1.0107895404925107,0.10948210205635948,0.5954556994160954,0.2189007362274689
dixon_bivar_expected_awmae,4,0.25,0.0,0.0,0.0,0.1,2.9450410033598016,1.016882457476517,0.11164001015486164,0.5893627824320894,0.2373064229499873
dixon_bivar_expected_awmae,5,0.75,0.1,0.0,0.25,-0.15,2.9450808319878674,1.005870779385631,0.11938309215536938,0.5746382330540747,0.2400990099009901
dixon_bivar_expected_awmae,4,0.75,0.0,0.5,0.0,-0.1,2.9452027307483237,1.012185833968012,0.1104975882203605,0.5962807819243463,0.220995176440721
dixon_bivar_expected_awmae,4,0.5,0.15,0.0,0.0,-0.15,2.9452126259951785,1.0033955318608785,0.11678090886011679,0.5728611322670729,0.23756029449098756
dixon_bivar_expected_awmae,5,0.5,0.0,0.5,0.25,0.1,2.945228357078841,1.0122493018532623,0.11462300076161462,0.5969154607768469,0.22105864432597105
dixon_bivar_expected_awmae,4,0.75,0.15,0.5,0.0,-0.05,2.945264984423317,1.010059659812135,0.11132267072861132,0.5949479563340949,0.22156638740797158
dixon_bivar_expected_awmae,5,1.0,0.1,0.0,0.5,-0.05,2.9452783758992354,1.0102500634678853,0.12528560548362527,0.5768596090378268,0.24447829398324447
dixon_bivar_expected_awmae,4,1.0,0.1,0.5,0.0,0.0,2.945348109347357,1.0116463569433867,0.10814927646610815,0.5958999746128459,0.2175044427519675
dixon_bivar_expected_awmae,5,1.0,0.15,0.5,0.5,-0.1,2.945384863568113,1.0088220360497588,0.12122366082762122,0.5888550393500889,0.22835745112972836
dixon_bivar_expected_awmae,5,0.5,0.06,0.5,0.25,0.05,2.9454002522674188,1.0118367605991367,0.11608276212236608,0.5965346534653465,0.22347042396547348
dixon_bivar_expected_awmae,4,0.75,0.15,0.5,0.0,0.15,2.9454183265844733,1.0129157146483878,0.10770500126935771,0.5975501396293476,0.21788525006346787
dixon_bivar_expected_awmae,5,0.5,0.0,0.5,0.25,0.0,2.9454230354002053,1.0112655496318863,0.11659050520436659,0.596026910383346,0.22366082762122366
dixon_bivar_expected_awmae,5,1.0,0.03,0.5,0.5,0.05,2.9455177275094706,1.0132647880172632,0.1188118811881188,0.5945671490225946,0.22562833206397562
dixon_bivar_expected_awmae,5,0.25,0.1,0.0,0.25,0.05,2.945540267309739,1.0087903021071338,0.11811373445036812,0.5779385630870779,0.2406067529829906
dixon_bivar_expected_awmae,4,1.0,0.03,0.0,0.25,-0.1,2.9455568253269235,1.0142802741812642,0.1184945417618685,0.5825082508250825,0.24327240416349327
dixon_bivar_expected_awmae,5,1.0,0.03,0.5,0.5,0.15,2.9456023162264637,1.0155496318862656,0.1169078446306169,0.597042396547347,0.2237242955064737
dixon_bivar_expected_awmae,4,0.75,0.06,0.5,0.0,0.0,2.94560621216289,1.0124714394516374,0.10897435897435898,0.596026910383346,0.21864686468646866
dixon_bivar_expected_awmae,4,0.75,0.15,0.5,0.0,0.05,2.945621119586551,1.0112655496318863,0.10916476263010917,0.596026910383346,0.21851992891596853
dixon_bivar_expected_awmae,5,1.0,0.0,0.5,0.5,-0.15,2.9456353525622063,1.0102183295252603,0.11951002792586951,0.58999746128459,0.2284209190149784
dixon_bivar_expected_awmae,4,0.75,0.1,0.5,0.0,-0.05,2.9456422699348557,1.0107895404925107,0.11119573495811119,0.5958365067275958,0.22086824067022087
dixon_bivar_expected_awmae,5,0.5,0.1,0.5,0.25,0.05,2.945642502664989,1.010948210205636,0.1170982482863671,0.5958365067275958,0.22404163493272405
dixon_bivar_expected_awmae,5,0.5,0.1,0.5,0.25,0.15,2.9456868755786108,1.012090632140137,0.11405178979436405,0.5960903782685961,0.2206143691292206
dixon_bivar_expected_awmae,5,0.75,0.06,0.5,0.25,-0.15,2.9456880390673947,1.0078065498857578,0.11703478040111703,0.5921553693830921,0.22543792840822544
dixon_bivar_expected_awmae,4,0.5,0.0,0.0,0.25,0.05,2.945690706968239,1.017072861132267,0.11792333079461792,0.5847296268088348,0.24206651434374207
dixon_bivar_expected_awmae,5,1.0,0.06,0.5,0.5,0.1,2.94569662064231,1.0146928154353896,0.11805026656511805,0.595963442498096,0.22467631378522468
dixon_bivar_expected_awmae,4,0.75,0.1,0.5,0.25,0.15,2.9456980955717214,1.0148514851485149,0.11151307438436152,0.5962173140390962,0.21972581873571972
dixon_bivar_expected_awmae,5,0.5,0.15,0.5,0.25,0.1,2.9457043661484414,1.0112338156892613,0.1164001015486164,0.5962173140390962,0.2237877633917238
dixon_bivar_expected_awmae,4,1.0,0.06,0.5,0.0,-0.05,2.945714966074051,1.0115828890581366,0.10884742320385885,0.5955826351865956,0.2182025894897182
dixon_bivar_expected_awmae,5,0.75,0.1,0.0,0.5,0.15,2.945720237296481,1.0174219345011424,0.12261995430312261,0.5859355166285859,0.24397055090124398
dixon_bivar_expected_awmae,4,0.25,0.06,0.0,0.0,-0.05,2.9457204511587913,1.0089489718202589,0.11449606499111449,0.5781289667428281,0.2388931200812389
dixon_bivar_expected_awmae,5,1.0,0.15,0.0,0.5,0.0,2.9457286110754772,1.0104722010662606,0.12515866971312517,0.578002030972328,0.24384361513074385
dixon_bivar_expected_awmae,5,1.0,0.03,0.5,0.5,0.1,2.9457440101077155,1.0145976136075145,0.11785986290936785,0.595963442498096,0.2246128458999746
dixon_bivar_expected_awmae,4,0.75,0.15,0.5,0.0,-0.15,2.9457549182740266,1.0084412287382585,0.11278243208936278,0.592980451891343,0.2235973597359736
dixon_bivar_expected_awmae,5,1.0,0.06,0.0,0.5,0.1,2.9457641414287896,1.017041127189642,0.12198527545062199,0.5855547093170855,0.243018532622493
dixon_bivar_expected_awmae,5,1.0,0.15,0.0,0.5,0.15,2.9457712701345113,1.0165333841076416,0.12268342218837268,0.586062452399086,0.24232038588474233
dixon_bivar_expected_awmae,4,0.5,0.1,0.0,0.25,0.05,2.9458223222872166,1.0143120081238892,0.11912922061436913,0.5816197004315816,0.24206651434374207
dixon_bivar_expected_awmae,4,0.25,0.15,0.0,0.0,0.0,2.9458628991303515,1.0076796141152577,0.11462300076161462,0.5774942878903275,0.23825844122873827
dixon_bivar_expected_awmae,5,0.5,0.15,0.5,0.25,0.05,2.9458833927768566,1.0095836506727596,0.1177963950241178,0.5946940847930947,0.2244859101294745
dixon_bivar_expected_awmae,4,0.75,0.06,0.5,0.0,-0.1,2.945930327681674,1.011043412033511,0.11157654226961157,0.595963442498096,0.2218202589489718
dixon_bivar_expected_awmae,5,1.0,0.0,0.5,0.5,0.1,2.9459784740326014,1.0147880172632648,0.11754252348311754,0.5961538461538461,0.22435897435897437
dixon_bivar_expected_awmae,5,1.0,0.1,0.5,0.5,-0.15,2.9459788026854468,1.0083777608530085,0.12052551408987053,0.587966488956588,0.22854785478547854
dixon_bivar_expected_awmae,4,0.25,0.0,0.0,0.0,-0.05,2.9459825688406704,1.0105674028941356,0.11468646864686469,0.5811754252348311,0.23927392739273928
dixon_bivar_expected_awmae,4,1.0,0.06,0.5,0.0,0.0,2.9460643504037867,1.0125983752221377,0.10865701954810866,0.597042396547347,0.21858339680121858
dixon_bivar_expected_awmae,4,0.25,0.03,0.0,0.0,-0.05,2.9460832385530455,1.0097423203858849,0.11398832190911398,0.579017517136329,0.23832190911398832
dixon_bivar_expected_awmae,5,1.0,0.0,0.5,0.5,-0.05,2.9460874875508596,1.0117732927138867,0.11931962427011931,0.5925996445798426,0.22645341457222645
dixon_bivar_expected_awmae,4,1.0,0.1,0.5,0.0,0.1,2.946162951101911,1.0132330540746382,0.10795887281035796,0.5983752221375984,0.21756791063721756
dixon_bivar_expected_awmae,5,0.5,0.0,0.0,0.25,-0.1,2.946188639952285,1.0094249809596345,0.11868494541761869,0.576986544808327,0.24187611068799186
dixon_bivar_expected_awmae,5,1.0,0.06,0.5,0.5,-0.15,2.946196087826553,1.0092028433612592,0.12033511043412033,0.5888550393500889,0.22816704747397817
dixon_bivar_expected_awmae,4,1.0,0.1,0.5,0.25,-0.15,2.946200656677785,1.0097423203858849,0.11538461538461539,0.5912668189895912,0.2248032495557248
dixon_bivar_expected_awmae,5,1.0,0.1,0.5,0.5,-0.1,2.946223004875265,1.0096471185580096,0.12027164254887027,0.5896801218583397,0.22746890073622747
dixon_bivar_expected_awmae,4,1.0,0.06,0.0,0.25,-0.1,2.9462284321349244,1.0137407971566388,0.1188118811881188,0.5814292967758314,0.24251078954049252
dixon_bivar_expected_awmae,5,0.0,0.15,0.0,0.0,0.05,2.9462480586684956,1.0057755775577557,0.11335364305661336,0.5797791317593298,0.23629093678598628
dixon_bivar_expected_awmae,4,0.5,0.15,0.5,0.0,-0.05,2.9462648079094333,1.0106943386646356,0.11151307438436152,0.5945671490225946,0.22251840568672251
dixon_bivar_expected_awmae,5,0.5,0.15,0.0,0.25,-0.05,2.9463351846099157,1.007108403148007,0.11893881695861894,0.5743843615130744,0.2402894135567403
dixon_bivar_expected_awmae,5,0.5,0.0,0.5,0.25,-0.05,2.9463423790953853,1.0102500634678853,0.11760599136836761,0.5946940847930947,0.22435897435897437
dixon_bivar_expected_awmae,4,0.75,0.06,0.5,0.25,-0.1,2.946348605713116,1.0113290175171363,0.11608276212236608,0.5929169840060929,0.2248032495557248
dixon_bivar_expected_awmae,5,0.0,0.06,0.0,0.0,0.0,2.946365984533126,1.0079652195988829,0.11290936785986291,0.5809215536938309,0.23654480832698654
dixon_bivar_expected_awmae,4,0.5,0.06,0.5,0.0,-0.05,2.9463697998331835,1.012122366082762,0.11087839553186088,0.596026910383346,0.22143945163747145
dixon_bivar_expected_awmae,4,0.75,0.03,0.5,0.0,-0.05,2.946383475496332,1.0123445036811374,0.10986290936785986,0.596026910383346,0.21985275450621986
dixon_bivar_expected_awmae,5,0.5,0.06,0.5,0.25,0.0,2.9464024031869136,1.0104404671236353,0.11735211982736735,0.5950748921045951,0.22397816704747397
dixon_bivar_expected_awmae,4,0.75,0.1,0.5,0.0,0.0,2.946478604041398,1.0114242193450114,0.10992637725310993,0.5957730388423458,0.2194084793094694
dixon_bivar_expected_awmae,5,1.0,0.15,0.5,0.5,-0.15,2.9465473259433335,1.0075209444021325,0.12185833968012186,0.5875222137598375,0.22969027671997969
dixon_bivar_expected_awmae,4,0.5,0.15,0.5,0.0,0.1,2.9465747748603675,1.0133599898451384,0.1082127443513582,0.5967250571210967,0.2194084793094694
dixon_bivar_expected_awmae,5,1.0,0.03,0.0,0.5,0.1,2.946612179221844,1.0175488702716426,0.12211221122112212,0.5858085808580858,0.24320893627824322
dixon_bivar_expected_awmae,4,0.75,0.1,0.5,0.0,0.1,2.946626028551226,1.0134869256156385,0.1082127443513582,0.5972962680883473,0.2182025894897182
dixon_bivar_expected_awmae,4,0.25,0.03,0.0,0.25,0.15,2.946629805617345,1.0175806042142677,0.11716171617161716,0.5856816450875857,0.24136836760599137
dixon_bivar_expected_awmae,5,1.0,0.0,0.0,0.5,0.05,2.946715066728545,1.0162795125666413,0.12268342218837268,0.5844757552678345,0.2442878903274943
dixon_bivar_expected_awmae,4,0.75,0.15,0.5,0.25,0.05,2.9467752008955013,1.0124079715663874,0.11494034018786493,0.5948210205635949,0.22321655242447322
dixon_bivar_expected_awmae,4,1.0,0.03,0.5,0.0,-0.1,2.9468181546655217,1.0117415587712617,0.10954556994160955,0.5957730388423458,0.21921807565371923
dixon_bivar_expected_awmae,4,1.0,0.0,0.5,0.0,-0.15,2.946826985357236,1.011900228484387,0.10998984513835999,0.595963442498096,0.2199162223914699
dixon_bivar_expected_awmae,5,1.0,0.0,0.0,0.5,0.1,2.946828168095971,1.017993145468393,0.12198527545062199,0.5861893881695862,0.24295506473724296
dixon_bivar_expected_awmae,5,0.75,0.0,0.5,0.5,0.05,2.946830416304542,1.0152640264026402,0.11805026656511805,0.5943767453668444,0.22537446052297538
dixon_bivar_expected_awmae,5,0.75,0.06,0.5,0.5,-0.05,2.94691842511185,1.011138613861386,0.12014470677837015,0.5907590759075908,0.22645341457222645
dixon_bivar_expected_awmae,5,0.5,0.15,0.5,0.25,-0.15,2.9469366621413613,1.0072036049758821,0.1169078446306169,0.5882838283828383,0.22556486417872557
dixon_bivar_expected_awmae,4,0.5,0.1,0.5,0.0,-0.05,2.9469969611030455,1.0117098248286367,0.11113226707286113,0.5951383599898451,0.2218837268342219
dixon_bivar_expected_awmae,5,0.0,0.03,0.0,0.0,0.0,2.94700966913155,1.0090759075907592,0.11341711094186342,0.5827621223660827,0.23736989083523738
dixon_bivar_expected_awmae,5,0.5,0.06,0.0,0.25,-0.1,2.947013317684388,1.0079017517136328,0.1184945417618685,0.5744478293983244,0.24092409240924093
dixon_bivar_expected_awmae,5,0.5,0.06,0.5,0.25,-0.05,2.9470193494881087,1.00996445798426,0.11785986290936785,0.5934881949733435,0.22493018532622494
dixon_bivar_expected_awmae,4,0.75,0.15,0.5,0.25,-0.15,2.947020254478799,1.009869256156385,0.11646356943386646,0.5903148007108403,0.22588220360497588
dixon_bivar_expected_awmae,4,0.75,0.03,0.5,0.0,-0.1,2.94706808685532,1.0115194211728866,0.11106879918761108,0.595963442498096,0.22131251586697132
dixon_bivar_expected_awmae,4,0.5,0.03,0.5,0.25,0.05,2.9470709274184665,1.0145976136075145,0.11627316577811628,0.5965981213505966,0.22397816704747397
dixon_bivar_expected_awmae,5,0.5,0.03,0.0,0.25,-0.15,2.9470946716806274,1.007044935262757,0.11906575272911907,0.5733688753490733,0.24168570703224168
dixon_bivar_expected_awmae,5,1.0,0.1,0.0,0.5,0.1,2.947113475789034,1.0163112465092663,0.12287382584412287,0.5848565625793348,0.24320893627824322
dixon_bivar_expected_awmae,4,0.5,0.03,0.0,0.25,0.05,2.9471376655457666,1.0167555217060167,0.11843107387661843,0.5843488194973343,0.2427011931962427
dixon_bivar_expected_awmae,4,0.25,0.1,0.0,0.25,0.15,2.947142522557594,1.015962173140391,0.11773292713886774,0.5837141406448337,0.2414953033764915
dixon_bivar_expected_awmae,4,0.75,0.06,0.5,0.25,-0.05,2.9471518046176284,1.0125983752221377,0.11563848692561564,0.5942498095963442,0.2246128458999746
dixon_bivar_expected_awmae,5,0.5,0.15,0.5,0.25,0.0,2.9471760826257674,1.0097105864432596,0.11747905559786748,0.5932343234323433,0.224993653211475
dixon_bivar_expected_awmae,4,0.5,0.1,0.5,0.25,0.15,2.947189417738777,1.0155813658288906,0.11443259710586444,0.597105864432597,0.22207413048997207
dixon_bivar_expected_awmae,4,0.75,0.1,0.5,0.0,-0.1,2.947201364844509,1.0105356689515106,0.1117034780401117,0.5946940847930947,0.22194719471947194
dixon_bivar_expected_awmae,5,0.5,0.1,0.0,0.25,-0.05,2.947204719994372,1.0087268342218838,0.11887534907336887,0.5762249301853263,0.24105102817974106
dixon_bivar_expected_awmae,5,0.75,0.15,0.5,0.5,-0.1,2.947226285605098,1.0084094947956335,0.12128712871287128,0.5876491495303376,0.22797664381822796
dixon_bivar_expected_awmae,5,0.75,0.0,0.5,0.5,0.0,2.947239476791235,1.0140264026402641,0.11906575272911907,0.5932977913175933,0.22626301091647627
dixon_bivar_expected_awmae,5,1.0,0.03,0.0,0.5,0.05,2.9472529732654134,1.0162160446813913,0.12325463315562325,0.5842218837268343,0.24473216552424473
dixon_bivar_expected_awmae,5,0.75,0.15,0.0,0.5,0.15,2.9472634952905197,1.0157083015993906,0.12350850469662351,0.5847296268088348,0.24346280781924345
dixon_bivar_expected_awmae,5,0.75,0.0,0.5,0.5,0.1,2.947279398567638,1.0173584666158924,0.11684437674536684,0.5955826351865956,0.22467631378522468
dixon_bivar_expected_awmae,4,0.75,0.1,0.0,0.25,-0.05,2.947286156871515,1.0127253109926377,0.1203985783193704,0.5796521959888297,0.24295506473724296
dixon_bivar_expected_awmae,4,0.5,0.03,0.5,0.25,0.1,2.9473323946940995,1.0153592282305153,0.11481340441736482,0.5967250571210967,0.2218837268342219
dixon_bivar_expected_awmae,5,0.75,0.0,0.5,0.5,-0.05,2.9473522436024426,1.0122175679106373,0.1191926884996192,0.5912668189895912,0.22594567149022596
dixon_bivar_expected_awmae,4,0.75,0.03,0.5,0.0,0.0,2.947384168426965,1.0132965219598884,0.10872048743335871,0.5961538461538461,0.21883726834221884
dixon_bivar_expected_awmae,4,0.5,0.15,0.5,0.0,0.05,2.9474012066774296,1.0128839807057628,0.10884742320385885,0.5962173140390962,0.22017009393247017
dixon_bivar_expected_awmae,5,0.5,0.03,0.5,0.25,0.0,2.947406444367085,1.0112338156892613,0.1170982482863671,0.5955191673013455,0.22391469916222392
dixon_bivar_expected_awmae,4,0.5,0.15,0.5,0.0,0.0,2.9474241549060656,1.0118367605991367,0.1103071845646103,0.5953287636455953,0.22162985529322163
dixon_bivar_expected_awmae,4,0.5,0.03,0.5,0.25,0.15,2.9474250515569667,1.0155178979436406,0.1137979182533638,0.5972962680883473,0.2208047727849708
dixon_bivar_expected_awmae,5,1.0,0.06,0.5,0.5,0.15,2.947449924259659,1.0155496318862656,0.11754252348311754,0.5967250571210967,0.2237877633917238
dixon_bivar_expected_awmae,5,0.75,0.15,0.5,0.5,-0.15,2.947473451227427,1.0068227976643818,0.12166793602437166,0.5857451129728357,0.22854785478547854
dixon_bivar_expected_awmae,5,0.0,0.0,0.0,0.0,0.0,2.947515260686046,1.00996445798426,0.11386138613861387,0.5847296268088348,0.23787763391723787
dixon_bivar_expected_awmae,4,0.5,0.1,0.5,0.0,0.05,2.9475154793165883,1.0139312008123889,0.10853008377760853,0.5967885250063468,0.21972581873571972
dixon_bivar_expected_awmae,4,0.5,0.0,0.5,0.25,0.1,2.9475499611356257,1.0156765676567656,0.11443259710586444,0.596978928662097,0.22169332317847168
dixon_bivar_expected_awmae,4,0.5,0.0,0.5,0.0,-0.1,2.9475591788535227,1.012979182533638,0.11094186341711094,0.5960903782685961,0.2218202589489718
dixon_bivar_expected_awmae,5,1.0,0.06,0.0,0.5,-0.05,2.9475663974162094,1.0115194211728866,0.12477786240162478,0.5779385630870779,0.2446052297537446
dixon_bivar_expected_awmae,4,0.75,0.15,0.5,0.0,0.1,2.947669687646463,1.0124397055090124,0.10802234069560802,0.5964077176948465,0.21794871794871795
dixon_bivar_expected_awmae,4,1.0,0.0,0.5,0.5,0.05,2.9476697684264326,1.0164699162223916,0.11798679867986799,0.5956461030718456,0.22473978167047473
dixon_bivar_expected_awmae,5,0.5,0.1,0.5,0.25,-0.15,2.94767289485263,1.0082190911398832,0.11716171617161716,0.5894897182025894,0.22562833206397562
dixon_bivar_expected_awmae,5,0.25,0.0,0.0,0.25,0.0,2.94768755449406,1.010884742320386,0.11862147753236862,0.5790809850215791,0.24206651434374207
dixon_bivar_expected_awmae,4,0.5,0.03,0.5,0.0,-0.1,2.947705351738299,1.0123445036811374,0.11144960649911145,0.5955191673013455,0.22213759837522215
dixon_bivar_expected_awmae,4,0.75,0.1,0.5,0.25,0.0,2.947705853104881,1.0127887788778878,0.11513074384361513,0.5945671490225946,0.22366082762122366
dixon_bivar_expected_awmae,5,0.75,0.03,0.5,0.5,-0.05,2.9477062974308144,1.0117098248286367,0.11944656004061945,0.5907590759075908,0.22575526783447575
dixon_bivar_expected_awmae,5,0.5,0.03,0.5,0.25,-0.05,2.9477260074242797,1.0102500634678853,0.11747905559786748,0.5938055343995938,0.2241051028179741
dixon_bivar_expected_awmae,5,0.5,0.06,0.5,0.25,-0.15,2.9477336254762276,1.0088855039350089,0.1170982482863671,0.5908860116780909,0.2256917999492257
dixon_bivar_expected_awmae,5,1.0,0.15,0.0,0.5,0.05,2.9477599484162096,1.0129157146483878,0.12465092663112465,0.5813023610053313,0.2442878903274943
dixon_bivar_expected_awmae,5,1.0,0.03,0.5,0.5,-0.15,2.9477678238624496,1.0101548616400102,0.1197004315816197,0.5892358466615892,0.22835745112972836
dixon_bivar_expected_awmae,5,1.0,0.15,0.5,0.5,-0.05,2.9477711954204966,1.0102500634678853,0.12077938563087078,0.5901878649403401,0.2268976897689769
dixon_bivar_expected_awmae,4,0.25,0.03,0.0,0.25,0.1,2.9477761231561193,1.0167555217060167,0.11805026656511805,0.5831429296775832,0.2427011931962427
dixon_bivar_expected_awmae,4,1.0,0.15,0.5,0.0,0.15,2.947786280362273,1.0135186595582635,0.10745112972835745,0.5983752221375984,0.21686976389946688
dixon_bivar_expected_awmae,4,0.5,0.06,0.0,0.25,0.0,2.947788210464722,1.0138042650418888,0.11995430312261995,0.5797156638740797,0.24232038588474233
dixon_bivar_expected_awmae,5,0.5,0.06,0.0,0.25,-0.15,2.947808312841897,1.0064419903528814,0.11951002792586951,0.5726072607260726,0.24168570703224168
dixon_bivar_expected_awmae,5,1.0,0.1,0.0,0.5,0.15,2.9478466508302787,1.018183549124143,0.12211221122112212,0.5864432597105864,0.24212998222899212
dixon_bivar_expected_awmae,5,1.0,0.1,0.5,0.5,-0.05,2.947851130192781,1.011075145976136,0.12008123889312008,0.591076415333841,0.22664381822797663
dixon_bivar_expected_awmae,4,1.0,0.06,0.5,0.0,0.05,2.9478647973872323,1.0139629347550139,0.1078954049251079,0.5979309469408479,0.21813912160446813
dixon_bivar_expected_awmae,4,0.5,0.0,0.5,0.25,0.15,2.947868571298413,1.0162477786240163,0.11335364305661336,0.5976136075145976,0.2206778370144707
dixon_bivar_expected_awmae,4,1.0,0.03,0.5,0.0,0.0,2.947880890191944,1.0138994668697638,0.10795887281035796,0.5974866717440975,0.218012185833968
dixon_bivar_expected_awmae,4,0.75,0.0,0.5,0.0,0.0,2.9478897000375825,1.0139629347550139,0.1084031480071084,0.5965346534653465,0.21858339680121858
dixon_bivar_expected_awmae,5,0.5,0.0,0.5,0.25,-0.1,2.9479551218753994,1.0102183295252603,0.11766945925361767,0.5931708555470931,0.22493018532622494
dixon_bivar_expected_awmae,4,0.75,0.15,0.5,0.25,-0.05,2.947956987092176,1.0111703478040113,0.1164001015486164,0.5927265803503428,0.2244859101294745
dixon_bivar_expected_awmae,4,0.75,0.1,0.5,0.0,0.15,2.9479614392536875,1.0140898705255141,0.10783193703985783,0.5979944148260979,0.2176948464077177
dixon_bivar_expected_awmae,4,1.0,0.0,0.0,0.25,-0.15,2.9479876904766704,1.0145024117796395,0.1184945417618685,0.5803503427265804,0.24352627570449353
dixon_bivar_expected_awmae,4,0.0,0.03,0.0,0.0,0.15,2.9480065582747965,1.0168189895912667,0.11278243208936278,0.5884107641533384,0.2376872302614877
dixon_bivar_expected_awmae,5,1.0,0.03,0.5,0.5,-0.1,2.9480151528037424,1.011075145976136,0.11957349581111958,0.5903782685960903,0.2272784970804773
dixon_bivar_expected_awmae,4,0.5,0.06,0.5,0.25,0.1,2.948037506493417,1.0152957603452653,0.11506727595836506,0.5965981213505966,0.22251840568672251
dixon_bivar_expected_awmae,5,0.5,0.15,0.5,0.25,-0.1,2.9480450578559703,1.0082508250825082,0.1169078446306169,0.5900609291698401,0.2253109926377253
dixon_bivar_expected_awmae,4,0.5,0.0,0.0,0.25,0.0,2.9480520471548046,1.0161208428535162,0.11843107387661843,0.582063975628332,0.24257425742574257
dixon_bivar_expected_awmae,4,0.25,0.1,0.0,0.0,-0.05,2.948065140677265,1.007996953541508,0.11474993653211475,0.5763518659558263,0.2383853769992384
dixon_bivar_expected_awmae,4,0.75,0.1,0.5,0.25,-0.05,2.9480679308965456,1.0118050266565117,0.1164001015486164,0.5932343234323433,0.22454937801472455
dixon_bivar_expected_awmae,4,0.25,0.0,0.0,0.25,0.1,2.948092654940372,1.0176440720995177,0.11760599136836761,0.5841584158415841,0.242003046458492
dixon_bivar_expected_awmae,4,1.0,0.1,0.5,0.0,0.15,2.948101504273584,1.0143437420665145,0.10694338664635694,0.5986290936785986,0.21655242447321654
dixon_bivar_expected_awmae,5,0.5,0.0,0.5,0.5,0.05,2.9481108933244027,1.0152322924600152,0.11925615638486925,0.593932470170094,0.22524752475247525
dixon_bivar_expected_awmae,4,1.0,0.1,0.0,0.25,-0.1,2.94811399430817,1.0127887788778878,0.11938309215536938,0.5796521959888297,0.242003046458492
dixon_bivar_expected_awmae,5,0.5,0.1,0.5,0.25,0.0,2.948115649524405,1.0103135313531353,0.11773292713886774,0.593932470170094,0.2244859101294745
dixon_bivar_expected_awmae,4,0.0,0.06,0.0,0.0,0.15,2.9481161558334077,1.01494668697639,0.11348057882711349,0.5871414064483371,0.23832190911398832
dixon_bivar_expected_awmae,4,0.75,0.0,0.0,0.25,-0.1,2.9481720608067916,1.0144706778370145,0.12001777100787002,0.58009647118558,0.2439070830159939
dixon_bivar_expected_awmae,5,1.0,0.15,0.0,0.5,-0.05,2.9481724101532216,1.0095836506727596,0.12572988068037572,0.5748921045950749,0.24378014724549377
dixon_bivar_expected_awmae,5,0.75,0.0,0.5,0.5,-0.1,2.948174466489705,1.011106879918761,0.11912922061436913,0.5894897182025894,0.2267072861132267
dixon_bivar_expected_awmae,4,1.0,0.0,0.5,0.0,-0.05,2.9481902631856927,1.0135821274435135,0.10757806549885758,0.5965346534653465,0.21756791063721756
dixon_bivar_expected_awmae,4,0.5,0.06,0.5,0.0,-0.1,2.9482159345873673,1.0122493018532623,0.11132267072861132,0.595011424219345,0.22226453414572225
dixon_bivar_expected_awmae,4,0.5,0.03,0.5,0.0,0.0,2.9482576823534368,1.0147562833206398,0.1082127443513582,0.597042396547347,0.21978928662096978
dixon_bivar_expected_awmae,5,1.0,0.06,0.5,0.5,-0.1,2.9482614020665037,1.0105356689515106,0.11957349581111958,0.5899339933993399,0.22702462553947703
dixon_bivar_expected_awmae,5,0.75,0.1,0.5,0.5,0.05,2.948286316072501,1.0133599898451384,0.12014470677837015,0.5932343234323433,0.2253109926377253
dixon_bivar_expected_awmae,4,0.0,0.1,0.0,0.0,0.15,2.948287592135449,1.0137725310992638,0.11411525767961411,0.5861893881695862,0.23908352373698907
dixon_bivar_expected_awmae,5,0.5,0.03,0.0,0.25,-0.1,2.94832543508364,1.0086951002792588,0.1184945417618685,0.5752729119065753,0.2407971566387408
dixon_bivar_expected_awmae,5,1.0,0.06,0.0,0.5,0.15,2.948347201218429,1.0185008885503934,0.12154100025387155,0.5864432597105864,0.24168570703224168
dixon_bivar_expected_awmae,4,0.5,0.1,0.5,0.25,0.1,2.9483504304715407,1.01494668697639,0.11576542269611577,0.5965981213505966,0.2235973597359736
dixon_bivar_expected_awmae,4,1.0,0.0,0.5,0.5,0.15,2.9484671868392223,1.017897943640518,0.11684437674536684,0.5975501396293476,0.22296268088347296
dixon_bivar_expected_awmae,5,0.5,0.0,0.5,0.5,0.0,2.9484684530774894,1.0143437420665145,0.11887534907336887,0.5919014978420919,0.22588220360497588
dixon_bivar_expected_awmae,4,0.25,0.15,0.0,0.0,-0.05,2.9484686215795244,1.0058073115003807,0.11589235846661589,0.5743208936278243,0.2376872302614877
dixon_bivar_expected_awmae,4,0.25,0.06,0.0,0.25,0.15,2.948476175213516,1.0173267326732673,0.11735211982736735,0.5846661589235846,0.24130489972074132
dixon_bivar_expected_awmae,4,0.75,0.03,0.5,0.0,-0.15,2.94847914977815,1.0112655496318863,0.11157654226961157,0.5945671490225946,0.22201066260472202
dixon_bivar_expected_awmae,4,0.75,0.06,0.5,0.0,0.05,2.948489666760188,1.0140264026402641,0.10814927646610815,0.5967885250063468,0.21845646103071845
dixon_bivar_expected_awmae,5,0.75,0.1,0.5,0.5,-0.15,2.9485302800982334,1.0078382838283828,0.12096978928662097,0.5863797918253364,0.22746890073622747
dixon_bivar_expected_awmae,4,0.75,0.0,0.5,0.0,-0.05,2.948537874033604,1.0133599898451384,0.10922823051535922,0.596026910383346,0.21972581873571972
dixon_bivar_expected_awmae,5,0.75,0.06,0.5,0.5,0.0,2.9485580736791968,1.0127887788778878,0.11951002792586951,0.5917745620715917,0.22512058898197512
dixon_bivar_expected_awmae,4,0.5,0.0,0.5,0.25,0.05,2.9485619618109293,1.0152322924600152,0.11551155115511551,0.5965346534653465,0.22328002030972327
dixon_bivar_expected_awmae,4,0.5,0.06,0.5,0.0,0.0,2.948576753593651,1.0142168062960142,0.10878395531860878,0.5967250571210967,0.2202970297029703
dixon_bivar_expected_awmae,5,0.75,0.15,0.5,0.25,-0.15,2.9485871820058853,1.0074257425742574,0.11735211982736735,0.5903148007108403,0.22575526783447575
dixon_bivar_expected_awmae,4,1.0,0.0,0.5,0.0,-0.1,2.9486165928613177,1.0127253109926377,0.1085935516628586,0.5957095709570958,0.218012185833968
dixon_bivar_expected_awmae,4,0.75,0.06,0.5,0.0,-0.05,2.948621536984718,1.012185833968012,0.1103071845646103,0.5958999746128459,0.2199162223914699
dixon_bivar_expected_awmae,5,0.75,0.06,0.5,0.5,-0.15,2.9486387983222095,1.0092028433612592,0.12071591774562071,0.5877760853008378,0.2281035795887281
dixon_bivar_expected_awmae,5,1.0,0.1,0.5,0.5,0.1,2.948672424890783,1.0156130997715156,0.1177963950241178,0.5953287636455953,0.22512058898197512
dixon_bivar_expected_awmae,4,0.5,0.15,0.0,0.25,0.05,2.9486882009837214,1.0138042650418888,0.11906575272911907,0.5793348565625793,0.2418126428027418
dixon_bivar_expected_awmae,5,0.5,0.15,0.0,0.25,-0.1,2.9486939000231382,1.0057438436151307,0.11989083523736989,0.5720995176440721,0.2406067529829906
dixon_bivar_expected_awmae,5,0.5,0.0,0.5,0.5,0.1,2.9487914322904114,1.017104595074892,0.1177963950241178,0.5952652957603453,0.2244859101294745
dixon_bivar_expected_awmae,5,0.75,0.03,0.5,0.5,0.1,2.948827080535491,1.0171997969027673,0.1170982482863671,0.5952018278750952,0.2248032495557248
dixon_bivar_expected_awmae,5,0.5,0.1,0.0,0.25,-0.1,2.9488336463754714,1.0075209444021325,0.11893881695861894,0.5738766184310738,0.24105102817974106
dixon_bivar_expected_awmae,5,1.0,0.06,0.0,0.5,-0.1,2.9488451959280724,1.0107578065498857,0.12496826605737497,0.575019040365575,0.24485910129474486
dixon_bivar_expected_awmae,5,1.0,0.03,0.5,0.5,0.0,2.948904052290638,1.0134869256156385,0.119002284843869,0.5933612592028433,0.2261995430312262
dixon_bivar_expected_awmae,4,0.5,0.03,0.0,0.25,0.0,2.9489244412716373,1.0152957603452653,0.11931962427011931,0.5808580858085809,0.243018532622493
dixon_bivar_expected_awmae,4,0.5,0.0,0.5,0.0,0.0,2.948935484891598,1.0153592282305153,0.10764153338410765,0.597105864432597,0.21953541507996954
dixon_bivar_expected_awmae,5,0.75,0.15,0.0,0.5,0.1,2.948950602252554,1.0144389438943895,0.12388931200812389,0.5814927646610815,0.2440974866717441
dixon_bivar_expected_awmae,4,0.75,0.03,0.5,0.25,-0.15,2.9489690208987698,1.011011678090886,0.11652703731911652,0.5916476263010917,0.22550139629347551
dixon_bivar_expected_awmae,5,1.0,0.03,0.5,0.5,-0.05,2.9490117365994455,1.0122810357958874,0.1191926884996192,0.5918380299568419,0.2265168824574765
dixon_bivar_expected_awmae,4,1.0,0.06,0.5,0.0,0.15,2.949018246635655,1.0153592282305153,0.10694338664635694,0.5995176440720995,0.2171871033257172
dixon_bivar_expected_awmae,5,0.75,0.0,0.5,0.5,0.15,2.9490195044208485,1.017897943640518,0.11671744097486672,0.5963442498095963,0.2234069560802234
dixon_bivar_expected_awmae,4,0.0,0.15,0.0,0.0,0.15,2.9490581336639896,1.011900228484387,0.11411525767961411,0.582952526021833,0.2392104595074892
dixon_bivar_expected_awmae,5,1.0,0.1,0.0,0.5,0.05,2.9490666947635784,1.0146928154353896,0.12414318354912414,0.5828255902513328,0.2440974866717441
dixon_bivar_expected_awmae,5,0.5,0.0,0.0,0.25,-0.15,2.949076621075025,1.0084094947956335,0.11874841330286875,0.5738131505458238,0.24174917491749176
dixon_bivar_expected_awmae,4,0.75,0.1,0.5,0.0,0.05,2.9490984549018,1.0128522467631378,0.10846661589235847,0.5962807819243463,0.2182025894897182
dixon_bivar_expected_awmae,5,1.0,0.06,0.0,0.5,0.0,2.9491675049871406,1.0132013201320131,0.12471439451637471,0.5805407463823306,0.24454176186849455
dixon_bivar_expected_awmae,4,0.5,0.15,0.5,0.25,0.15,2.949204234245276,1.01501015486164,0.11538461538461539,0.5965981213505966,0.22296268088347296
dixon_bivar_expected_awmae,4,0.0,0.1,0.0,0.0,0.1,2.9492326413213075,1.0115828890581366,0.11392485402386393,0.5813023610053313,0.2387027164254887
dixon_bivar_expected_awmae,5,0.75,0.15,0.0,0.5,0.05,2.949252094664632,1.012154100025387,0.12534907336887535,0.5784463061690784,0.2446052297537446
dixon_bivar_expected_awmae,5,0.0,0.03,0.0,0.0,-0.05,2.9492740385016667,1.007108403148007,0.11303630363036303,0.5785732419395786,0.2366082762122366
dixon_bivar_expected_awmae,5,0.75,0.15,0.5,0.25,-0.1,2.9492870772199495,1.0079652195988829,0.11760599136836761,0.5913302868748413,0.22512058898197512
dixon_bivar_expected_awmae,5,1.0,0.15,0.0,0.5,-0.1,2.949308587674913,1.0086316323940085,0.12566641279512566,0.5728611322670729,0.2446052297537446
dixon_bivar_expected_awmae,5,0.5,0.15,0.0,0.5,0.15,2.949316445932352,1.0161208428535162,0.12382584412287383,0.5818735719725818,0.24447829398324447
dixon_bivar_expected_awmae,4,0.75,0.0,0.5,0.5,-0.1,2.949318331403005,1.0137725310992638,0.1197004315816197,0.5902513328255903,0.22708809342472708
dixon_bivar_expected_awmae,5,0.75,0.1,0.5,0.5,0.15,2.949319052298953,1.0173584666158924,0.11735211982736735,0.5954556994160954,0.22391469916222392
dixon_bivar_expected_awmae,5,0.75,0.06,0.5,0.5,0.1,2.949325504470108,1.0166920538207667,0.11766945925361767,0.5949479563340949,0.2248032495557248
dixon_bivar_expected_awmae,5,1.0,0.15,0.5,0.5,0.15,2.949360823924616,1.015993907083016,0.11766945925361767,0.5958999746128459,0.22435897435897437
dixon_bivar_expected_awmae,5,1.0,0.06,0.5,0.5,0.0,2.9493628523285738,1.0137090632140138,0.11912922061436913,0.5933612592028433,0.22677075399847677
dixon_bivar_expected_awmae,5,0.75,0.1,0.0,0.5,0.05,2.949394846537421,1.0138994668697638,0.12427011931962427,0.5801599390708302,0.24454176186849455
dixon_bivar_expected_awmae,5,1.0,0.0,0.5,0.5,0.0,2.9494258791629653,1.0134869256156385,0.11855800964711856,0.5929169840060929,0.2256917999492257
dixon_bivar_expected_awmae,4,0.5,0.06,0.5,0.25,0.05,2.94942730376589,1.0142802741812642,0.11678090886011679,0.5958365067275958,0.22397816704747397
dixon_bivar_expected_awmae,4,0.75,0.03,0.5,0.0,0.15,2.949434646855554,1.015835237369891,0.10795887281035796,0.5994541761868495,0.2189007362274689
dixon_bivar_expected_awmae,4,0.5,0.1,0.5,0.0,-0.1,2.94945223386291,1.0114876872302614,0.11176694592536177,0.5942498095963442,0.2228992129982229
dixon_bivar_expected_awmae,4,0.75,0.06,0.5,0.0,0.15,2.9494622136809903,1.0151053566895152,0.10783193703985783,0.5985656257933486,0.218012185833968
dixon_bivar_expected_awmae,5,0.0,0.0,0.0,0.25,0.15,2.949512367190066,1.0149149530337649,0.11773292713886774,0.584920030464585,0.24092409240924093
dixon_bivar_expected_awmae,4,0.25,0.06,0.0,0.25,0.1,2.9495146907093917,1.016089108910891,0.1183041381061183,0.5822543792840823,0.24251078954049252
dixon_bivar_expected_awmae,5,0.75,0.1,0.5,0.25,-0.15,2.949523004298981,1.0076796141152577,0.11754252348311754,0.5905686722518406,0.22518405686722517
dixon_bivar_expected_awmae,5,0.5,0.1,0.5,0.25,-0.05,2.94953486619705,1.0097105864432596,0.11766945925361767,0.5924092409240924,0.224993653211475
dixon_bivar_expected_awmae,4,1.0,0.03,0.5,0.0,0.05,2.9495440096681214,1.0145976136075145,0.10808580858085809,0.5985021579080985,0.21788525006346787
dixon_bivar_expected_awmae,4,0.5,0.03,0.5,0.0,-0.15,2.9495478590203454,1.011995430312262,0.11132267072861132,0.5945671490225946,0.22302614876872304
dixon_bivar_expected_awmae,5,0.0,0.15,0.0,0.0,-0.05,2.9495685115212225,1.0016501650165017,0.11525767961411526,0.572988068037573,0.23591012947448592
dixon_bivar_expected_awmae,5,0.0,0.0,0.0,0.0,-0.05,2.9495749291374245,1.0086951002792588,0.1130997715156131,0.5802868748413302,0.23717948717948717
dixon_bivar_expected_awmae,5,0.5,0.03,0.5,0.25,-0.1,2.949575759249227,1.0102183295252603,0.11741558771261741,0.5926631124650926,0.22518405686722517
dixon_bivar_expected_awmae,5,0.0,0.06,0.0,0.25,0.15,2.9495986978082214,1.0125031733942624,0.11868494541761869,0.5825717187103325,0.24105102817974106
dixon_bivar_expected_awmae,4,0.5,0.06,0.5,0.0,0.05,2.949606919681806,1.0155178979436406,0.10732419395785732,0.5967885250063468,0.21915460776846915
dixon_bivar_expected_awmae,4,0.5,0.1,0.5,0.0,0.0,2.9496164795210724,1.0129157146483878,0.10986290936785986,0.5957730388423458,0.22042396547347043
dixon_bivar_expected_awmae,4,0.25,0.0,0.0,0.25,0.15,2.9496194017513115,1.0191990352881442,0.11646356943386646,0.5863797918253364,0.24098756029449098
dixon_bivar_expected_awmae,4,1.0,0.03,0.5,0.0,0.15,2.9496523084110047,1.0162795125666413,0.10681645087585681,0.6002157908098502,0.21775831429296777
dixon_bivar_expected_awmae,4,0.5,0.0,0.5,0.0,-0.15,2.949654872093035,1.0128522467631378,0.11100533130236101,0.5951383599898451,0.22251840568672251
dixon_bivar_expected_awmae,4,1.0,0.0,0.0,0.5,0.15,2.9496575609748064,1.0242447321655241,0.12008123889312008,0.5886646356943387,0.24162223914699163
dixon_bivar_expected_awmae,5,0.25,0.15,0.0,0.25,0.05,2.9496747064971425,1.0082508250825082,0.1183041381061183,0.5750825082508251,0.23971820258948973
dixon_bivar_expected_awmae,4,0.25,0.06,0.0,0.0,-0.1,2.9496844624614584,1.007013201320132,0.11582889058136583,0.5746382330540747,0.23832190911398832
dixon_bivar_expected_awmae,4,1.0,0.03,0.0,0.25,-0.15,2.9496870853783683,1.0141850723533892,0.1188118811881188,0.5797791317593298,0.24314546839299314
dixon_bivar_expected_awmae,5,0.25,0.0,0.5,0.25,0.15,2.9496910047371654,1.0152005585173902,0.11474993653211475,0.5974866717440975,0.2202970297029703
dixon_bivar_expected_awmae,5,0.25,0.15,0.5,0.25,0.15,2.949717402820906,1.0138359989845138,0.1164001015486164,0.5967885250063468,0.22213759837522215
dixon_bivar_expected_awmae,5,0.75,0.03,0.5,0.5,0.0,2.9497401780248347,1.0134551916730135,0.11931962427011931,0.5922823051535923,0.22537446052297538
dixon_bivar_expected_awmae,5,0.0,0.0,0.0,0.0,-0.1,2.949755197242786,1.006124650926631,0.11411525767961411,0.5768596090378268,0.23705255140898704
dixon_bivar_expected_awmae,5,0.75,0.06,0.0,0.5,0.15,2.9497743814943393,1.0194211728865195,0.12160446813912161,0.5861259202843361,0.24333587204874332
dixon_bivar_expected_awmae,5,0.5,0.03,0.5,0.5,0.1,2.949782511212915,1.0171997969027673,0.1184945417618685,0.5951383599898451,0.22512058898197512
dixon_bivar_expected_awmae,4,1.0,0.0,0.5,0.5,-0.05,2.949809648697827,1.0145976136075145,0.1191926884996192,0.5927265803503428,0.22613607514597614
dixon_bivar_expected_awmae,5,0.25,0.15,0.5,0.25,0.1,2.9498452043413823,1.0122810357958874,0.11659050520436659,0.5946306169078446,0.22232800203097233
dixon_bivar_expected_awmae,5,0.0,0.1,0.0,0.0,0.0,2.9498467598881093,1.0068545316070068,0.1130997715156131,0.5787636455953288,0.23667174409748667
dixon_bivar_expected_awmae,5,0.75,0.0,0.5,0.5,-0.15,2.949853811750397,1.0104087331810103,0.11938309215536938,0.5880934247270881,0.22772277227722773
dixon_bivar_expected_awmae,4,0.5,0.06,0.5,0.25,0.15,2.949858511938088,1.0163747143945163,0.1136075145976136,0.5969154607768469,0.2208047727849708
dixon_bivar_expected_awmae,4,1.0,0.0,0.5,0.0,0.05,2.949861670920814,1.0150736227468902,0.10795887281035796,0.5986290936785986,0.21788525006346787
dixon_bivar_expected_awmae,4,1.0,0.0,0.5,0.0,0.15,2.9498930309550047,1.017041127189642,0.1063087077938563,0.6004696623508504,0.21744097486671743
dixon_bivar_expected_awmae,4,0.75,0.15,0.0,0.25,-0.05,2.949912337136609,1.011868494541762,0.1202081746636202,0.5771769484640772,0.24212998222899212
dixon_bivar_expected_awmae,5,0.5,0.03,0.5,0.5,0.05,2.9499267802443394,1.0153592282305153,0.11957349581111958,0.5933612592028433,0.22581873571972583
dixon_bivar_expected_awmae,4,0.25,0.0,0.0,0.25,0.05,2.9499547187571156,1.0163429804518913,0.1188118811881188,0.5815562325463316,0.24346280781924345
dixon_bivar_expected_awmae,4,0.5,0.1,0.5,0.25,0.05,2.9499662805003197,1.0139312008123889,0.11703478040111703,0.5951383599898451,0.2242955064737243
dixon_bivar_expected_awmae,5,0.0,0.15,0.0,0.0,0.0,2.9499780381999052,1.0047283574511297,0.1136075145976136,0.5764788017263265,0.23635440467123636
dixon_bivar_expected_awmae,5,0.0,0.06,0.0,0.0,-0.05,2.9499841726910767,1.006092916984006,0.1136075145976136,0.5771134805788272,0.23667174409748667
dixon_bivar_expected_awmae,4,0.5,0.15,0.5,0.25,0.1,2.9499842667526157,1.0137090632140138,0.11671744097486672,0.5955826351865956,0.2234069560802234
dixon_bivar_expected_awmae,5,0.5,0.03,0.5,0.5,0.0,2.9500057851610695,1.0144706778370145,0.119002284843869,0.5913937547600914,0.22626301091647627
dixon_bivar_expected_awmae,4,0.5,0.03,0.5,0.0,-0.05,2.9500096439169856,1.0137725310992638,0.10998984513835999,0.595963442498096,0.22074130489972074
dixon_bivar_expected_awmae,5,0.0,0.03,0.0,0.25,0.15,2.950019511960237,1.013106118304138,0.11836760599136836,0.582952526021833,0.24067022086824066
dixon_bivar_expected_awmae,5,0.25,0.0,0.5,0.25,0.05,2.9500342475529973,1.0143754760091395,0.11633663366336634,0.5964711855800965,0.22264534145722265
dixon_bivar_expected_awmae,5,0.75,0.15,0.5,0.5,0.0,2.950054584791581,1.0123762376237624,0.1202081746636202,0.5904417364813405,0.22581873571972583
dixon_bivar_expected_awmae,4,1.0,0.03,0.5,0.5,0.15,2.9500569823062563,1.0185008885503934,0.1169078446306169,0.5973597359735974,0.22328002030972327
dixon_bivar_expected_awmae,4,1.0,0.15,0.0,0.5,0.1,2.950060102675144,1.0175488702716426,0.12427011931962427,0.5846026910383346,0.24346280781924345
dixon_bivar_expected_awmae,4,1.0,0.06,0.0,0.25,-0.15,2.9500817646339,1.013042650418888,0.11944656004061945,0.5787636455953288,0.24257425742574257
dixon_bivar_expected_awmae,4,0.75,0.0,0.5,0.0,0.15,2.9500822108477225,1.0164381822797663,0.10770500126935771,0.5997715156130998,0.2190911398832191
dixon_bivar_expected_awmae,5,0.5,0.03,0.5,0.5,-0.15,2.9501163239876163,1.0093615130743843,0.12071591774562071,0.5862528560548362,0.2282939832444783
dixon_bivar_expected_awmae,5,1.0,0.1,0.0,0.5,0.0,2.9501281826800354,1.0126618431073877,0.12446052297537447,0.579017517136329,0.24397055090124398
dixon_bivar_expected_awmae,5,1.0,0.1,0.5,0.5,0.15,2.9501561540983547,1.0162477786240163,0.11754252348311754,0.5964077176948465,0.22391469916222392
dixon_bivar_expected_awmae,5,0.75,0.15,0.0,0.25,-0.15,2.950201810526571,1.0055534399593806,0.11912922061436913,0.5724168570703224,0.23908352373698907
dixon_bivar_expected_awmae,4,0.75,0.15,0.5,0.25,0.0,2.9502173725780234,1.0129157146483878,0.11544808326986544,0.5936785986290937,0.22397816704747397
dixon_bivar_expected_awmae,4,0.75,0.06,0.5,0.0,0.1,2.950241229005343,1.0148197512058899,0.10802234069560802,0.5978040111703478,0.21845646103071845
dixon_bivar_expected_awmae,5,0.5,0.0,0.5,0.5,-0.15,2.950259299128449,1.0103769992383853,0.11982736735211982,0.5867605991368368,0.2279131759329779
dixon_bivar_expected_awmae,5,1.0,0.0,0.0,0.5,0.0,2.950271855833254,1.0158035034272659,0.12344503681137345,0.5822543792840823,0.24511297283574512
dixon_bivar_expected_awmae,4,0.5,0.0,0.5,0.0,-0.05,2.950278173453642,1.0143120081238892,0.10954556994160955,0.5964077176948465,0.2206778370144707
dixon_bivar_expected_awmae,4,0.75,0.06,0.5,0.5,-0.05,2.9502873697177994,1.0144389438943895,0.11989083523736989,0.590949479563341,0.22581873571972583
dixon_bivar_expected_awmae,4,0.75,0.0,0.5,0.5,-0.05,2.9503129279705,1.0156130997715156,0.11912922061436913,0.5917745620715917,0.22632647880172632
dixon_bivar_expected_awmae,4,1.0,0.0,0.5,0.0,0.1,2.950323426295186,1.015835237369891,0.10732419395785732,0.5992637725310993,0.21737750698146738
dixon_bivar_expected_awmae,5,0.5,0.03,0.5,0.25,-0.15,2.950341855417396,1.0095519167301346,0.11747905559786748,0.5912668189895912,0.22594567149022596
dixon_bivar_expected_awmae,5,1.0,0.06,0.0,0.5,0.05,2.950345241958014,1.0155496318862656,0.12376237623762376,0.5828890581365829,0.24422442244224424
dixon_bivar_expected_awmae,4,0.5,0.1,0.5,0.25,-0.15,2.9503486735898794,1.011106879918761,0.11601929423711602,0.5885376999238385,0.22556486417872557
dixon_bivar_expected_awmae,5,1.0,0.1,0.5,0.5,0.0,2.950366203548664,1.0134869256156385,0.11887534907336887,0.5924727088093424,0.22594567149022596
dixon_bivar_expected_awmae,4,1.0,0.0,0.5,0.5,-0.1,2.9503674346859228,1.0137725310992638,0.1191926884996192,0.5913302868748413,0.2265168824574765
dixon_bivar_expected_awmae,5,0.5,0.06,0.5,0.5,0.05,2.950371142639437,1.0151370906321402,0.11938309215536938,0.5927265803503428,0.22556486417872557
dixon_bivar_expected_awmae,5,0.25,0.03,0.5,0.25,0.05,2.9504017268055995,1.0135503935008885,0.1170982482863671,0.5961538461538461,0.22328002030972327
dixon_bivar_expected_awmae,5,1.0,0.06,0.5,0.5,-0.05,2.9504046456377546,1.0128205128205128,0.119002284843869,0.5915841584158416,0.22683422188372684
dixon_bivar_expected_awmae,4,0.5,0.03,0.5,0.25,0.0,2.9504255655323957,1.0138994668697638,0.1172886519421173,0.5948844884488449,0.2242955064737243
dixon_bivar_expected_awmae,5,0.0,0.03,0.0,0.0,-0.1,2.9504443353116274,1.0052043665905053,0.11411525767961411,0.5753998476770754,0.2364813404417365
dixon_bivar_expected_awmae,5,1.0,0.03,0.0,0.5,0.0,2.950473759888251,1.0142802741812642,0.12446052297537447,0.5811119573495811,0.24485910129474486
dixon_bivar_expected_awmae,5,0.75,0.06,0.5,0.5,0.15,2.950486995360453,1.018120081238893,0.11659050520436659,0.5954556994160954,0.22353389185072353
dixon_bivar_expected_awmae,4,0.25,0.1,0.0,0.25,0.1,2.950500290998205,1.0152640264026402,0.11868494541761869,0.5813023610053313,0.24238385376999239
dixon_bivar_expected_awmae,5,0.25,0.03,0.0,0.25,0.0,2.950520433704577,1.0104404671236353,0.11798679867986799,0.5766692053820767,0.24054328509774053
dixon_bivar_expected_awmae,4,0.75,0.03,0.5,0.0,0.1,2.9505324234674664,1.0154544300583905,0.10808580858085809,0.5983117542523483,0.2189007362274689
dixon_bivar_expected_awmae,5,0.75,0.1,0.5,0.5,0.0,2.95054996665682,1.0132330540746382,0.11925615638486925,0.5912033511043412,0.22486671744097486
dixon_bivar_expected_awmae,4,1.0,0.0,0.5,0.5,0.1,2.950556983630771,1.018024879411018,0.11722518405686723,0.5964711855800965,0.2237877633917238
dixon_bivar_expected_awmae,4,1.0,0.03,0.5,0.5,0.1,2.950561094454326,1.0175488702716426,0.11785986290936785,0.5962173140390962,0.2241051028179741
dixon_bivar_expected_awmae,5,0.5,0.1,0.5,0.5,0.05,2.9506084466233893,1.0147245493780148,0.11976389946686976,0.5918380299568419,0.22594567149022596
dixon_bivar_expected_awmae,5,0.75,0.03,0.5,0.5,-0.1,2.950669702123053,1.011043412033511,0.11951002792586951,0.5887281035795887,0.2267072861132267
dixon_bivar_expected_awmae,4,1.0,0.03,0.5,0.0,0.1,2.9506714661293203,1.0152640264026402,0.10770500126935771,0.5988194973343488,0.2171871033257172
dixon_bivar_expected_awmae,4,0.5,0.03,0.5,0.25,-0.05,2.950676962604834,1.0137725310992638,0.11697131251586697,0.5934247270880935,0.2248032495557248
dixon_bivar_expected_awmae,4,0.75,0.1,0.5,0.25,-0.1,2.950708263743478,1.0113607514597613,0.11652703731911652,0.5917745620715917,0.22435897435897437
dixon_bivar_expected_awmae,4,0.5,0.1,0.5,0.0,0.1,2.9507094389774378,1.0151688245747652,0.10713379030210714,0.5965346534653465,0.2182025894897182
dixon_bivar_expected_awmae,5,0.75,0.0,0.0,0.5,0.1,2.950719003090721,1.018976897689769,0.12166793602437166,0.584920030464585,0.24365321147499366
dixon_bivar_expected_awmae,5,0.75,0.03,0.5,0.5,0.05,2.950720235714893,1.0157400355420156,0.11798679867986799,0.5935516628585935,0.22524752475247525
dixon_bivar_expected_awmae,4,1.0,0.0,0.5,0.0,0.0,2.9507209515414274,1.0151688245747652,0.10757806549885758,0.5976136075145976,0.218012185833968
dixon_bivar_expected_awmae,5,1.0,0.0,0.0,0.5,-0.1,2.950723045238565,1.0124079715663874,0.12471439451637471,0.5766057374968266,0.24504950495049505
dixon_bivar_expected_awmae,4,0.25,0.0,0.0,0.0,-0.1,2.9507315624527206,1.0101865955826352,0.11424219345011424,0.5769230769230769,0.23844884488448845
dixon_bivar_expected_awmae,5,0.25,0.1,0.0,0.25,0.0,2.950733523668193,1.0086316323940085,0.11817720233561818,0.5745112972835745,0.24016247778624017
dixon_bivar_expected_awmae,5,0.75,0.15,0.5,0.5,0.1,2.9507518968403597,1.0144389438943895,0.11989083523736989,0.5936151307438436,0.22423203858847424
dixon_bivar_expected_awmae,5,0.25,0.06,0.5,0.25,0.05,2.9507647470604135,1.0132330540746382,0.11684437674536684,0.5952018278750952,0.22302614876872304
dixon_bivar_expected_awmae,5,0.5,0.06,0.5,0.25,-0.1,2.9507682616768793,1.0097740543285099,0.11760599136836761,0.5918380299568419,0.22524752475247525
dixon_bivar_expected_awmae,4,1.0,0.06,0.5,0.0,0.1,2.950776131595775,1.0145658796648895,0.10795887281035796,0.5983752221375984,0.21756791063721756
dixon_bivar_expected_awmae,4,0.75,0.03,0.5,0.5,-0.05,2.9507764348582706,1.0146610814927646,0.11957349581111958,0.590949479563341,0.22562833206397562
dixon_bivar_expected_awmae,4,1.0,0.15,0.0,0.5,0.15,2.950777979206131,1.0201827875095202,0.12261995430312261,0.5863797918253364,0.24212998222899212
dixon_bivar_expected_awmae,4,0.5,0.06,0.5,0.25,0.0,2.950796788358636,1.0138042650418888,0.1170982482863671,0.5941228738258442,0.22423203858847424
dixon_bivar_expected_awmae,4,0.5,0.0,0.5,0.25,0.0,2.950802659594236,1.0142485402386392,0.11678090886011679,0.5952652957603453,0.22391469916222392
dixon_bivar_expected_awmae,5,1.0,0.06,0.5,0.5,0.05,2.9508226868123795,1.0145976136075145,0.11836760599136836,0.5938690022848438,0.22537446052297538
dixon_bivar_expected_awmae,5,0.0,0.06,0.0,0.0,-0.1,2.9508240264000865,1.004061944656004,0.11449606499111449,0.573940086316324,0.23597359735973597
dixon_bivar_expected_awmae,4,1.0,0.15,0.5,0.5,-0.1,2.950843875228502,1.012122366082762,0.1210967250571211,0.5891723787763392,0.22753236862147752
dixon_bivar_expected_awmae,5,0.75,0.06,0.0,0.5,0.1,2.950849785434617,1.016945925361767,0.12357197258187357,0.5838410764153339,0.24422442244224424
dixon_bivar_expected_awmae,5,0.75,0.06,0.5,0.5,0.05,2.950853672301598,1.0145024117796395,0.11925615638486925,0.5934247270880935,0.224993653211475
dixon_bivar_expected_awmae,4,0.75,0.03,0.5,0.0,0.05,2.9508899258826116,1.0149149530337649,0.10802234069560802,0.597105864432597,0.21858339680121858
dixon_bivar_expected_awmae,4,0.25,0.0,0.5,0.25,0.05,2.950896594914767,1.0165333841076416,0.11684437674536684,0.5963442498095963,0.22385123127697384
dixon_bivar_expected_awmae,4,0.0,0.06,0.0,0.0,0.1,2.950932400655375,1.0137725310992638,0.11373445036811373,0.5838410764153339,0.23876618431073876
dixon_bivar_expected_awmae,4,0.0,0.0,0.0,0.0,0.05,2.9509405893601217,1.0137725310992638,0.11398832190911398,0.5827621223660827,0.23876618431073876
dixon_bivar_expected_awmae,5,0.0,0.1,0.0,0.25,0.15,2.950947643048537,1.0114242193450114,0.11944656004061945,0.5808580858085809,0.2418126428027418
dixon_bivar_expected_awmae,5,0.25,0.06,0.5,0.25,0.1,2.9509484643563533,1.0146610814927646,0.11589235846661589,0.5964711855800965,0.22175679106372176
dixon_bivar_expected_awmae,5,0.25,0.06,0.5,0.25,0.15,2.9509494264486302,1.0148197512058899,0.11481340441736482,0.5963442498095963,0.22010662604722012
dixon_bivar_expected_awmae,4,1.0,0.06,0.5,0.5,0.15,2.950967825645742,1.0184056867225184,0.11722518405686723,0.5972328002030972,0.22328002030972327
dixon_bivar_expected_awmae,4,0.75,0.03,0.0,0.25,-0.1,2.950979464459201,1.0140264026402641,0.12014470677837015,0.5787001777100786,0.24384361513074385
dixon_bivar_expected_awmae,4,0.5,0.0,0.5,0.25,-0.05,2.9509847191188165,1.0135186595582635,0.11741558771261741,0.5938055343995938,0.22454937801472455
dixon_bivar_expected_awmae,4,0.5,0.1,0.5,0.25,0.0,2.9509890301901938,1.0140581365828891,0.11665397308961666,0.5937420665143437,0.22442244224422442
dixon_bivar_expected_awmae,4,1.0,0.03,0.5,0.5,-0.1,2.9510280652470335,1.0140264026402641,0.11944656004061945,0.5912033511043412,0.2268976897689769
dixon_bivar_expected_awmae,4,0.5,0.03,0.5,0.0,0.05,2.9510372115976304,1.015993907083016,0.10713379030210714,0.5966615892358467,0.2187103325717187
dixon_bivar_expected_awmae,5,0.25,0.03,0.5,0.25,0.15,2.9510947885621595,1.01501015486164,0.11487687230261488,0.5966615892358467,0.22023356181772025
dixon_bivar_expected_awmae,4,0.5,0.15,0.5,0.0,-0.15,2.951108564513287,1.0103452652957603,0.11151307438436152,0.592028433612592,0.22334348819497335
dixon_bivar_expected_awmae,5,1.0,0.15,0.5,0.5,0.0,2.95112250770292,1.0124714394516374,0.1202081746636202,0.5916476263010917,0.22645341457222645
dixon_bivar_expected_awmae,5,0.5,0.0,0.5,0.25,-0.15,2.951137920677647,1.0097105864432596,0.1177963950241178,0.5913937547600914,0.22556486417872557
dixon_bivar_expected_awmae,4,0.5,0.03,0.5,0.25,-0.15,2.95114177684794,1.0122810357958874,0.11671744097486672,0.5905686722518406,0.22588220360497588
dixon_bivar_expected_awmae,4,0.0,0.03,0.0,0.0,0.1,2.9511472427933936,1.0146928154353896,0.11386138613861387,0.5851739020055852,0.23857578065498858
dixon_bivar_expected_awmae,5,0.5,0.1,0.5,0.5,0.1,2.9511836481267677,1.015930439197766,0.11963696369636964,0.5938055343995938,0.22524752475247525
dixon_bivar_expected_awmae,5,0.75,0.03,0.5,0.5,0.15,2.951199832575411,1.0182152830667681,0.11646356943386646,0.5955191673013455,0.22321655242447322
dixon_bivar_expected_awmae,5,1.0,0.03,0.0,0.5,-0.1,2.9512158988743793,1.0114876872302614,0.12477786240162478,0.5751459761360751,0.24435135821274434
dixon_bivar_expected_awmae,4,1.0,0.1,0.5,0.5,-0.15,2.951237437142871,1.011931962427012,0.1205889819751206,0.5883472962680883,0.22816704747397817
dixon_bivar_expected_awmae,4,1.0,0.03,0.5,0.5,0.05,2.9512668247165843,1.017072861132267,0.11843107387661843,0.595011424219345,0.22512058898197512
dixon_bivar_expected_awmae,5,0.25,0.03,0.0,0.25,-0.05,2.951269687260176,1.0093297791317593,0.11747905559786748,0.574003554201574,0.2402894135567403
dixon_bivar_expected_awmae,4,0.25,0.1,0.0,0.0,-0.1,2.951270129494231,1.005965981213506,0.11620969789286621,0.572988068037573,0.23787763391723787
dixon_bivar_expected_awmae,5,1.0,0.15,0.5,0.5,0.05,2.951278287322898,1.0141533384107642,0.11938309215536938,0.5933612592028433,0.22607260726072606
dixon_bivar_expected_awmae,4,1.0,0.1,0.0,0.25,-0.15,2.9512852571006394,1.011106879918761,0.12071591774562071,0.577050012693577,0.24257425742574257
dixon_bivar_expected_awmae,5,0.5,0.1,0.5,0.25,-0.1,2.9512930267191404,1.009932724041635,0.11722518405686723,0.5912668189895912,0.22556486417872557
dixon_bivar_expected_awmae,5,0.5,0.15,0.5,0.5,0.05,2.9513079355900653,1.0136773292713888,0.12001777100787002,0.590949479563341,0.22588220360497588
dixon_bivar_expected_awmae,5,0.5,0.1,0.5,0.5,-0.15,2.9513568045908745,1.0088220360497588,0.12116019294237117,0.5851739020055852,0.2282939832444783
dixon_bivar_expected_awmae,4,0.75,0.15,0.5,0.5,-0.1,2.951368544433262,1.011075145976136,0.12192180756537192,0.5881568926123382,0.22854785478547854
dixon_bivar_expected_awmae,4,0.0,0.0,0.0,0.0,0.1,2.9514040139166178,1.0161843107387662,0.11367098248286367,0.5864432597105864,0.2388931200812389
dixon_bivar_expected_awmae,5,0.75,0.03,0.5,0.5,-0.15,2.951411511324448,1.0105356689515106,0.11963696369636964,0.5879030210713379,0.22784970804772786
dixon_bivar_expected_awmae,5,0.0,0.1,0.0,0.0,-0.05,2.9514434783701393,1.0044427519675045,0.1137979182533638,0.5748921045950749,0.23527545062198527
dixon_bivar_expected_awmae,4,0.75,0.15,0.5,0.5,-0.15,2.9514962343892392,1.0093297791317593,0.12211221122112212,0.585998984513836,0.22861132267072862
dixon_bivar_expected_awmae,5,0.25,0.15,0.0,0.25,0.0,2.9515185887110347,1.0082825590251332,0.11868494541761869,0.5738766184310738,0.24092409240924093
dixon_bivar_expected_awmae,5,0.25,0.0,0.5,0.5,-0.15,2.9515634193912312,1.0103452652957603,0.1210967250571211,0.585998984513836,0.2284843869002285
dixon_bivar_expected_awmae,5,0.25,0.0,0.5,0.25,0.1,2.9515803887913417,1.0148514851485149,0.11532114749936533,0.5961538461538461,0.22086824067022087
dixon_bivar_expected_awmae,4,0.75,0.06,0.5,0.25,-0.15,2.9515981572190455,1.0113924854023864,0.11608276212236608,0.5908860116780909,0.22467631378522468
dixon_bivar_expected_awmae,4,0.75,0.06,0.5,0.5,0.0,2.951604253162611,1.0157083015993906,0.11982736735211982,0.5922188372683422,0.22524752475247525
dixon_bivar_expected_awmae,4,0.5,0.1,0.5,0.25,-0.1,2.951611685154973,1.0125031733942624,0.11633663366336634,0.590949479563341,0.22524752475247525
dixon_bivar_expected_awmae,5,0.25,0.1,0.5,0.25,0.15,2.951672167770461,1.0145024117796395,0.11506727595836506,0.5958999746128459,0.2206143691292206
dixon_bivar_expected_awmae,4,0.75,0.1,0.5,0.5,0.0,2.9516773528899694,1.0153592282305153,0.12008123889312008,0.5915841584158416,0.22524752475247525
dixon_bivar_expected_awmae,4,0.25,0.1,0.5,0.25,0.1,2.951685807917627,1.016089108910891,0.11678090886011679,0.5955191673013455,0.22366082762122366
dixon_bivar_expected_awmae,5,0.5,0.15,0.5,0.5,-0.15,2.951687435607428,1.0080604214267581,0.12204874333587205,0.5842218837268343,0.22873825844122875
dixon_bivar_expected_awmae,5,0.25,0.1,0.5,0.25,0.1,2.951692934815396,1.0137407971566388,0.11697131251586697,0.5961538461538461,0.22302614876872304
dixon_bivar_expected_awmae,5,0.0,0.06,0.5,0.25,0.15,2.9517034347120763,1.0151370906321402,0.11665397308961666,0.5965981213505966,0.2218837268342219
dixon_bivar_expected_awmae,4,0.5,0.15,0.5,0.0,-0.1,2.951704182514722,1.010916476263011,0.11202081746636203,0.5934881949733435,0.22366082762122366
dixon_bivar_expected_awmae,5,0.5,0.15,0.5,0.25,-0.05,2.951735398525359,1.0098057882711349,0.11722518405686723,0.5913302868748413,0.22524752475247525
dixon_bivar_expected_awmae,4,1.0,0.0,0.5,0.5,0.0,2.951756532245169,1.015866971312516,0.11862147753236862,0.5934247270880935,0.22518405686722517
dixon_bivar_expected_awmae,5,0.75,0.1,0.5,0.5,-0.1,2.9517753816847825,1.011075145976136,0.11989083523736989,0.5880934247270881,0.2272150291952272
dixon_bivar_expected_awmae,4,0.5,0.1,0.5,0.0,0.15,2.9517779904045685,1.0163112465092663,0.1066895151053567,0.5974866717440975,0.21756791063721756
dixon_bivar_expected_awmae,5,0.5,0.06,0.5,0.5,0.0,2.9517873152927527,1.0140898705255141,0.11944656004061945,0.5908225437928408,0.22658035034272658
dixon_bivar_expected_awmae,4,0.25,0.03,0.0,0.0,-0.1,2.9518029770068477,1.0092028433612592,0.11443259710586444,0.5755902513328256,0.23794110180248795
dixon_bivar_expected_awmae,5,1.0,0.03,0.0,0.5,-0.05,2.9518397419858244,1.0135821274435135,0.1242066514343742,0.5783193703985783,0.24473216552424473
dixon_bivar_expected_awmae,5,0.5,0.1,0.5,0.5,-0.1,2.951843766629215,1.0097740543285099,0.12084285351612084,0.5865701954810866,0.22740543285097742
dixon_bivar_expected_awmae,4,1.0,0.03,0.0,0.5,0.15,2.95188841966195,1.0233244478293984,0.12096978928662097,0.5877760853008378,0.24143183549124142
dixon_bivar_expected_awmae,5,0.25,0.03,0.5,0.25,0.1,2.9518940731909,1.0148832190911399,0.11544808326986544,0.595963442498096,0.22124904798172124
dixon_bivar_expected_awmae,4,1.0,0.15,0.0,0.5,0.05,2.951931694797714,1.0154226961157655,0.12528560548362527,0.5813658288905814,0.24358974358974358
dixon_bivar_expected_awmae,5,0.25,0.06,0.0,0.25,0.0,2.95196549969981,1.009932724041635,0.11760599136836761,0.5753363797918253,0.2399086062452399
dixon_bivar_expected_awmae,5,0.5,0.1,0.0,0.25,-0.15,2.95199261300291,1.0062515866971313,0.12008123889312008,0.571020563594821,0.24130489972074132
dixon_bivar_expected_awmae,4,0.75,0.03,0.5,0.5,-0.1,2.9519985159332296,1.0136455953287637,0.11957349581111958,0.5891089108910891,0.22632647880172632
dixon_bivar_expected_awmae,4,0.75,0.1,0.5,0.25,-0.15,2.952006169327041,1.0112972835745113,0.1157019548108657,0.5901878649403401,0.2244859101294745
dixon_bivar_expected_awmae,5,0.75,0.15,0.5,0.5,0.15,2.9520078069961526,1.0167872556486417,0.1183041381061183,0.5949479563340949,0.2237242955064737
dixon_bivar_expected_awmae,4,0.0,0.0,0.0,0.0,0.15,2.952018858703689,1.0187864940340188,0.11259202843361259,0.5891723787763392,0.2376872302614877
dixon_bivar_expected_awmae,5,0.0,0.1,0.5,0.25,0.15,2.9520520558086467,1.0148832190911399,0.11697131251586697,0.5965346534653465,0.22296268088347296
dixon_bivar_expected_awmae,5,0.75,0.15,0.5,0.5,-0.05,2.9521099399761233,1.0114242193450114,0.11976389946686976,0.5881568926123382,0.2261995430312262
dixon_bivar_expected_awmae,5,0.25,0.03,0.5,0.5,-0.15,2.9521142990617832,1.01002792586951,0.12141406448337141,0.5854912414318355,0.22905559786747906
dixon_bivar_expected_awmae,4,0.5,0.15,0.5,0.25,-0.15,2.952137508030109,1.01002792586951,0.11620969789286621,0.5869510027925869,0.2253109926377253
dixon_bivar_expected_awmae,5,0.5,0.03,0.5,0.5,-0.1,2.952145185465809,1.011995430312262,0.11982736735211982,0.5880934247270881,0.22797664381822796
dixon_bivar_expected_awmae,4,0.25,0.03,0.5,0.25,0.15,2.9521539953215377,1.0174854023863924,0.11538461538461539,0.5965981213505966,0.22156638740797158
dixon_bivar_expected_awmae,5,0.75,0.1,0.5,0.5,0.1,2.9521805073457763,1.0154861640010155,0.11868494541761869,0.5938055343995938,0.2244859101294745
dixon_bivar_expected_awmae,5,0.5,0.15,0.5,0.5,0.1,2.952212850706266,1.015041888804265,0.11951002792586951,0.5921553693830921,0.22442244224422442
dixon_bivar_expected_awmae,5,0.5,0.06,0.5,0.5,0.1,2.9522159148060836,1.016882457476517,0.11906575272911907,0.5941863417110942,0.22518405686722517
dixon_bivar_expected_awmae,4,1.0,0.03,0.5,0.5,-0.15,2.95222697469032,1.012947448591013,0.11951002792586951,0.5894262503173394,0.22708809342472708
dixon_bivar_expected_awmae,5,0.5,0.06,0.5,0.5,0.15,2.95223686726108,1.017929677583143,0.11785986290936785,0.5947575526783447,0.2237877633917238
dixon_bivar_expected_awmae,4,0.0,0.15,0.0,0.0,0.1,2.9522446628971952,1.0094249809596345,0.11468646864686469,0.5782559025133283,0.23857578065498858
dixon_bivar_expected_awmae,4,0.25,0.1,0.5,0.0,0.1,2.9522642368994276,1.0163747143945163,0.1082127443513582,0.5973597359735974,0.2199162223914699
dixon_bivar_expected_awmae,4,1.0,0.1,0.0,0.5,-0.05,2.9522801279904147,1.0145658796648895,0.1257933485656258,0.5773038842345773,0.24517644072099518
dixon_bivar_expected_awmae,5,1.0,0.1,0.0,0.5,-0.1,2.952311835509453,1.009996191926885,0.12572988068037572,0.5733054074638233,0.2446052297537446
dixon_bivar_expected_awmae,4,1.0,0.1,0.5,0.5,-0.1,2.952317211162727,1.0132013201320131,0.1203985783193704,0.5898705255140899,0.2268976897689769
dixon_bivar_expected_awmae,5,1.0,0.0,0.0,0.5,-0.05,2.952320236038684,1.0138042650418888,0.1243970550901244,0.5786367098248286,0.24492256917999491
dixon_bivar_expected_awmae,4,0.5,0.15,0.5,0.25,-0.1,2.952334155811739,1.0116780908860117,0.1157019548108657,0.5887281035795887,0.22486671744097486
dixon_bivar_expected_awmae,4,0.5,0.0,0.5,0.25,-0.1,2.9524046150994048,1.0137090632140138,0.1164001015486164,0.5925361766945926,0.224993653211475
dixon_bivar_expected_awmae,5,0.25,0.06,0.5,0.25,-0.15,2.9524051166796994,1.0092345773038842,0.11703478040111703,0.5884742320385885,0.22524752475247525
dixon_bivar_expected_awmae,5,0.5,0.06,0.5,0.5,-0.1,2.9524337972496553,1.010884742320386,0.12065244986037066,0.5871414064483371,0.2279131759329779
dixon_bivar_expected_awmae,4,0.25,0.03,0.5,0.25,0.05,2.9524359883162865,1.016089108910891,0.11697131251586697,0.5951383599898451,0.22391469916222392
dixon_bivar_expected_awmae,5,0.5,0.0,0.5,0.5,0.15,2.952444067748983,1.019008631632394,0.11678090886011679,0.5955826351865956,0.22334348819497335
dixon_bivar_expected_awmae,4,0.5,0.15,0.5,0.0,0.15,2.9524693493744154,1.0155813658288906,0.10694338664635694,0.5966615892358467,0.21788525006346787
dixon_bivar_expected_awmae,5,0.75,0.0,0.0,0.5,0.0,2.952476201279919,1.0154544300583905,0.12350850469662351,0.5797791317593298,0.24479563340949478
dixon_bivar_expected_awmae,5,0.5,0.03,0.5,0.5,0.15,2.9524938587418785,1.0183422188372684,0.1172886519421173,0.5949479563340949,0.22321655242447322
dixon_bivar_expected_awmae,4,0.5,0.0,0.5,0.0,0.05,2.9524971183741853,1.0164699162223916,0.10675298299060676,0.5964711855800965,0.21813912160446813
dixon_bivar_expected_awmae,4,1.0,0.06,0.0,0.5,0.1,2.952500610774199,1.0214521452145215,0.1223026148768723,0.5859355166285859,0.24346280781924345
dixon_bivar_expected_awmae,5,0.0,0.0,0.5,0.25,0.15,2.9525163177393163,1.0161525767961412,0.11544808326986544,0.5968519928915968,0.22042396547347043
dixon_bivar_expected_awmae,4,0.5,0.06,0.5,0.25,-0.05,2.9525199914393565,1.0140581365828891,0.1164001015486164,0.5928535161208428,0.22486671744097486
dixon_bivar_expected_awmae,4,0.75,0.1,0.5,0.5,0.05,2.952574995499908,1.0164381822797663,0.1202081746636202,0.5932343234323433,0.224993653211475
dixon_bivar_expected_awmae,4,0.25,0.15,0.5,0.0,0.1,2.9525782713019186,1.0148197512058899,0.10865701954810866,0.596026910383346,0.2199162223914699
dixon_bivar_expected_awmae,5,0.75,0.06,0.0,0.5,0.0,2.9526010051042353,1.0138042650418888,0.12458745874587458,0.5781289667428281,0.24479563340949478
dixon_bivar_expected_awmae,4,0.75,0.0,0.5,0.5,0.1,2.9526209005884625,1.0204683929931455,0.11678090886011679,0.5958365067275958,0.22467631378522468
dixon_bivar_expected_awmae,5,0.75,0.03,0.0,0.5,0.15,2.952627409656006,1.0205318608783955,0.12046204620462046,0.5853643056613353,0.24168570703224168
dixon_bivar_expected_awmae,5,0.5,0.1,0.5,0.5,0.15,2.952651074128147,1.0177075399847677,0.11874841330286875,0.595011424219345,0.22454937801472455
dixon_bivar_expected_awmae,4,1.0,0.06,0.5,0.5,0.1,2.9526540824862515,1.0182787509520184,0.11792333079461792,0.5961538461538461,0.2242955064737243
dixon_bivar_expected_awmae,5,0.25,0.06,0.0,0.25,-0.05,2.9526703347996905,1.0085681645087585,0.11868494541761869,0.5736862147753237,0.24130489972074132
dixon_bivar_expected_awmae,5,0.25,0.0,0.5,0.25,0.0,2.9526736914162086,1.0132965219598884,0.11703478040111703,0.5944402132520944,0.22321655242447322
dixon_bivar_expected_awmae,4,1.0,0.0,0.5,0.5,-0.15,2.9526740012514727,1.0135503935008885,0.119002284843869,0.5897435897435898,0.22715156130997716
dixon_bivar_expected_awmae,4,0.5,0.0,0.0,0.25,-0.05,2.9526823886138374,1.0148197512058899,0.11989083523736989,0.5785097740543285,0.24327240416349327
dixon_bivar_expected_awmae,4,0.5,0.06,0.5,0.0,-0.15,2.9527383855125207,1.011995430312262,0.11157654226961157,0.5934881949733435,0.2230896166539731
dixon_bivar_expected_awmae,5,0.25,0.0,0.5,0.5,-0.1,2.9527778612709152,1.0114876872302614,0.12084285351612084,0.5871414064483371,0.22734196496572734
dixon_bivar_expected_awmae,5,0.5,0.0,0.5,0.5,-0.05,2.952785353911888,1.0136138613861385,0.11874841330286875,0.5897435897435898,0.22664381822797663
dixon_bivar_expected_awmae,5,0.5,0.0,0.5,0.5,-0.1,2.952786212505807,1.012979182533638,0.11912922061436913,0.588981975120589,0.22835745112972836
dixon_bivar_expected_awmae,4,1.0,0.03,0.5,0.5,-0.05,2.95279641204519,1.0153592282305153,0.11893881695861894,0.5924727088093424,0.22594567149022596
dixon_bivar_expected_awmae,4,0.75,0.0,0.5,0.0,0.1,2.9528036100099966,1.0162477786240163,0.10802234069560802,0.5984386900228484,0.21896420411271897
dixon_bivar_expected_awmae,5,0.5,0.1,0.0,0.5,0.1,2.9528103203225395,1.015930439197766,0.12427011931962427,0.58003300330033,0.24511297283574512
dixon_bivar_expected_awmae,4,0.75,0.0,0.5,0.0,0.05,2.952823905524937,1.0153592282305153,0.10776846915460776,0.596978928662097,0.2183929931454684
dixon_bivar_expected_awmae,4,1.0,0.06,0.5,0.5,-0.15,2.9528389896263887,1.013074384361513,0.11976389946686976,0.5891089108910891,0.2272784970804773
dixon_bivar_expected_awmae,5,0.75,0.1,0.0,0.5,0.1,2.9528563749324617,1.0166603198781416,0.12338156892612338,0.5826986544808327,0.24447829398324447
dixon_bivar_expected_awmae,4,0.25,0.03,0.5,0.25,0.1,2.952874500536882,1.017041127189642,0.11608276212236608,0.595963442498096,0.22251840568672251
dixon_bivar_expected_awmae,5,0.5,0.15,0.5,0.5,-0.1,2.95287856592921,1.0094249809596345,0.12128712871287128,0.5855547093170855,0.2279131759329779
dixon_bivar_expected_awmae,4,0.75,0.0,0.5,0.5,0.05,2.9528976309949,1.019072099517644,0.11741558771261741,0.5945671490225946,0.22550139629347551
dixon_bivar_expected_awmae,4,1.0,0.15,0.5,0.5,-0.15,2.9529359347353625,1.011075145976136,0.12166793602437166,0.5875856816450876,0.22861132267072862
dixon_bivar_expected_awmae,5,0.5,0.06,0.5,0.5,-0.05,2.9529697298573234,1.013010916476263,0.11982736735211982,0.5894262503173394,0.22765930439197765
dixon_bivar_expected_awmae,5,0.75,0.15,0.0,0.5,0.0,2.952980465164685,1.0114876872302614,0.12503173394262504,0.575019040365575,0.24422442244224424
dixon_bivar_expected_awmae,4,0.75,0.15,0.0,0.5,0.15,2.953012345442602,1.0193577050012694,0.12407971566387407,0.585046966235085,0.24397055090124398
dixon_bivar_expected_awmae,4,0.75,0.15,0.5,0.5,0.0,2.953013970241777,1.0143437420665145,0.12077938563087078,0.591076415333841,0.22607260726072606
dixon_bivar_expected_awmae,5,0.5,0.06,0.5,0.5,-0.15,2.953029960162313,1.0094249809596345,0.12071591774562071,0.5852373698908352,0.22797664381822796
dixon_bivar_expected_awmae,5,0.75,0.0,0.0,0.5,0.15,2.9530425141155807,1.0213886773292713,0.11982736735211982,0.5854912414318355,0.2411779639502412
dixon_bivar_expected_awmae,4,0.5,0.06,0.5,0.0,0.1,2.953045060362236,1.016089108910891,0.107006854531607,0.5965981213505966,0.2176948464077177
dixon_bivar_expected_awmae,5,0.75,0.1,0.5,0.5,-0.05,2.9530484201652554,1.0123445036811374,0.1197004315816197,0.5891723787763392,0.22594567149022596
dixon_bivar_expected_awmae,4,0.5,0.15,0.5,0.25,0.05,2.9530488278405476,1.0139312008123889,0.1169078446306169,0.5937420665143437,0.22404163493272405
dixon_bivar_expected_awmae,4,1.0,0.1,0.5,0.5,0.1,2.953052813377914,1.0184691546077684,0.11760599136836761,0.5956461030718456,0.22416857070322416
dixon_bivar_expected_awmae,4,0.75,0.03,0.5,0.5,0.0,2.9530680793823136,1.0167872556486417,0.11951002792586951,0.5929169840060929,0.22594567149022596
dixon_bivar_expected_awmae,4,0.25,0.06,0.5,0.25,0.1,2.9530714163614555,1.017168062960142,0.11633663366336634,0.5963442498095963,0.2230896166539731
dixon_bivar_expected_awmae,4,0.25,0.1,0.5,0.25,0.15,2.9530835846275973,1.0172632647880173,0.1157019548108657,0.5960903782685961,0.22213759837522215
dixon_bivar_expected_awmae,5,0.25,0.06,0.5,0.5,-0.15,2.953088534814407,1.010059659812135,0.12160446813912161,0.5852373698908352,0.22937293729372937
dixon_bivar_expected_awmae,4,0.5,0.03,0.5,0.0,0.15,2.9530951621413326,1.0176440720995177,0.10694338664635694,0.598946433104849,0.2182025894897182
dixon_bivar_expected_awmae,5,0.75,0.15,0.5,0.5,0.05,2.9531036854261417,1.0143120081238892,0.11976389946686976,0.5917110941863417,0.22473978167047473
dixon_bivar_expected_awmae,5,0.25,0.15,0.5,0.25,-0.1,2.953108174843592,1.0089172378776339,0.11722518405686723,0.5876491495303376,0.22493018532622494
dixon_bivar_expected_awmae,5,0.75,0.06,0.5,0.5,-0.1,2.9531195633262004,1.0117415587712617,0.11938309215536938,0.5882838283828383,0.22658035034272658
dixon_bivar_expected_awmae,5,0.25,0.0,0.5,0.25,-0.05,2.9531278011658855,1.0124079715663874,0.11665397308961666,0.5926631124650926,0.22334348819497335
dixon_bivar_expected_awmae,4,0.0,0.03,0.0,0.0,0.05,2.9531490724652425,1.0128839807057628,0.11354404671236354,0.5808580858085809,0.23806803757298806
dixon_bivar_expected_awmae,5,0.5,0.1,0.5,0.5,-0.05,2.9531501965770786,1.0124079715663874,0.11995430312261995,0.5886011678090886,0.2272150291952272
dixon_bivar_expected_awmae,4,0.5,0.0,0.5,0.5,0.1,2.95318878414953,1.0196433104848945,0.11792333079461792,0.595011424219345,0.22423203858847424
dixon_bivar_expected_awmae,5,0.5,0.06,0.0,0.5,0.1,2.9532032852312655,1.0172315308453923,0.12331810104087332,0.5809215536938309,0.2442878903274943
dixon_bivar_expected_awmae,5,0.0,0.0,0.0,0.25,0.1,2.953213021605142,1.0135821274435135,0.1183041381061183,0.5813023610053313,0.24124143183549124
dixon_bivar_expected_awmae,4,0.25,0.03,0.5,0.0,0.05,2.9532299368881425,1.0172632647880173,0.10833968012185834,0.5974866717440975,0.22010662604722012
dixon_bivar_expected_awmae,4,0.75,0.0,0.5,0.5,-0.15,2.9532410618480927,1.0134551916730135,0.11957349581111958,0.5880934247270881,0.22753236862147752
dixon_bivar_expected_awmae,5,0.25,0.0,0.0,0.25,-0.05,2.9532486033840906,1.0107895404925107,0.11766945925361767,0.5748921045950749,0.24067022086824066
dixon_bivar_expected_awmae,5,0.0,0.03,0.5,0.25,0.15,2.953251104471942,1.015962173140391,0.11582889058136583,0.5964711855800965,0.2206143691292206
dixon_bivar_expected_awmae,5,0.5,0.03,0.0,0.5,0.1,2.9532644974146196,1.017929677583143,0.12274689007362274,0.5814927646610815,0.2439070830159939
dixon_bivar_expected_awmae,5,0.5,0.15,0.0,0.5,0.1,2.9532923431206233,1.0145024117796395,0.12484133028687484,0.5781924346280782,0.24435135821274434
dixon_bivar_expected_awmae,5,0.25,0.1,0.5,0.25,0.05,2.9533110766770827,1.0128205128205128,0.1169078446306169,0.5938055343995938,0.2227088093424727
dixon_bivar_expected_awmae,4,0.0,0.1,0.0,0.0,0.05,2.95332004104448,1.0095519167301346,0.11557501904036557,0.5772404163493272,0.23908352373698907
dixon_bivar_expected_awmae,4,0.75,0.0,0.5,0.5,0.0,2.9533287851412053,1.0177710078700177,0.1184945417618685,0.5933612592028433,0.22594567149022596
dixon_bivar_expected_awmae,4,0.5,0.0,0.5,0.0,0.1,2.953332922362266,1.016850723533892,0.10707032241685707,0.5978040111703478,0.21788525006346787
dixon_bivar_expected_awmae,4,1.0,0.15,0.0,0.5,0.0,2.953392445234142,1.0144706778370145,0.1250952018278751,0.5780654988575781,0.24365321147499366
dixon_bivar_expected_awmae,5,0.75,0.06,0.0,0.5,0.05,2.953442489504881,1.0155813658288906,0.12344503681137345,0.5807311500380807,0.2442878903274943
dixon_bivar_expected_awmae,4,0.5,0.06,0.5,0.0,0.15,2.953459206140052,1.016914191419142,0.10745112972835745,0.5982482863670983,0.21813912160446813
dixon_bivar_expected_awmae,4,0.75,0.03,0.5,0.5,0.1,2.95346076131658,1.0206270627062706,0.11697131251586697,0.5954556994160954,0.22467631378522468
dixon_bivar_expected_awmae,5,1.0,0.15,0.5,0.5,0.1,2.9534687043026064,1.0156448337141406,0.11836760599136836,0.5941228738258442,0.2253109926377253
dixon_bivar_expected_awmae,5,0.5,0.03,0.0,0.5,0.05,2.9535078984706034,1.015866971312516,0.12414318354912414,0.5787001777100786,0.24504950495049505
dixon_bivar_expected_awmae,5,0.75,0.03,0.0,0.5,0.0,2.953515547088894,1.0143437420665145,0.12407971566387407,0.5787636455953288,0.24447829398324447
dixon_bivar_expected_awmae,5,0.25,0.03,0.5,0.25,-0.15,2.953548997118372,1.0101231276973852,0.11652703731911652,0.5887281035795887,0.2246128458999746
dixon_bivar_expected_awmae,4,1.0,0.03,0.5,0.5,0.0,2.953565938862135,1.0164381822797663,0.11906575272911907,0.5934881949733435,0.22575526783447575
dixon_bivar_expected_awmae,4,1.0,0.15,0.0,0.5,-0.05,2.953592566628776,1.013106118304138,0.1261741558771262,0.5753998476770754,0.2440974866717441
dixon_bivar_expected_awmae,5,0.5,0.06,0.0,0.5,0.05,2.9536251470419974,1.0154861640010155,0.12458745874587458,0.5783193703985783,0.24543031226199544
dixon_bivar_expected_awmae,5,0.25,0.06,0.5,0.25,-0.1,2.9536485823522236,1.0106626047220106,0.11678090886011679,0.5896166539730896,0.22442244224422442
dixon_bivar_expected_awmae,5,0.0,0.0,0.5,0.25,0.1,2.95365423753215,1.0154861640010155,0.11633663366336634,0.5962807819243463,0.22162985529322163
dixon_bivar_expected_awmae,5,0.5,0.15,0.5,0.0,-0.1,2.953657051167032,1.0104087331810103,0.10929169840060929,0.5948844884488449,0.22137598375222137
dixon_bivar_expected_awmae,4,0.5,0.06,0.5,0.25,-0.15,2.9536717030589994,1.0124714394516374,0.11576542269611577,0.5891089108910891,0.22486671744097486
dixon_bivar_expected_awmae,4,0.25,0.15,0.5,0.0,0.05,2.9536976327111373,1.0142802741812642,0.10929169840060929,0.5948844884488449,0.2208047727849708
dixon_bivar_expected_awmae,4,1.0,0.06,0.5,0.5,-0.1,2.953721677501361,1.0137725310992638,0.11963696369636964,0.5902513328255903,0.2261995430312262
dixon_bivar_expected_awmae,4,0.75,0.06,0.5,0.5,0.1,2.953724360442513,1.0192942371160192,0.11811373445036812,0.5950748921045951,0.2248032495557248
dixon_bivar_expected_awmae,4,0.5,0.03,0.5,0.5,-0.15,2.95372878312601,1.0122175679106373,0.12096978928662097,0.5868240670220868,0.22867479055597867
dixon_bivar_expected_awmae,5,1.0,0.1,0.5,0.5,0.05,2.9537403019744897,1.0152322924600152,0.11817720233561818,0.5933612592028433,0.22524752475247525
dixon_bivar_expected_awmae,4,1.0,0.15,0.5,0.5,0.15,2.9537509848496355,1.0186278243208937,0.11773292713886774,0.5960903782685961,0.22353389185072353
dixon_bivar_expected_awmae,4,0.5,0.0,0.5,0.25,-0.15,2.9537805334517504,1.0131695861893881,0.11646356943386646,0.590949479563341,0.22543792840822544
dixon_bivar_expected_awmae,5,0.25,0.06,0.5,0.5,0.15,2.953786802915255,1.0196115765422695,0.11868494541761869,0.5950748921045951,0.2244859101294745
dixon_bivar_expected_awmae,5,0.25,0.0,0.5,0.5,0.1,2.9537889257261147,1.0185960903782687,0.1188118811881188,0.5948210205635949,0.22493018532622494
dixon_bivar_expected_awmae,4,0.5,0.03,0.5,0.25,-0.1,2.9538175852019064,1.0134869256156385,0.11671744097486672,0.5917745620715917,0.22550139629347551
dixon_bivar_expected_awmae,4,0.5,0.03,0.5,0.0,0.1,2.9538271142183485,1.0166603198781416,0.10713379030210714,0.5972328002030972,0.21775831429296777
dixon_bivar_expected_awmae,5,0.5,0.15,0.5,0.0,0.0,2.9538388067740637,1.012090632140137,0.10764153338410765,0.5964711855800965,0.21953541507996954
dixon_bivar_expected_awmae,5,0.0,0.15,0.0,0.25,0.15,2.9538499991518306,1.0107260726072607,0.1183041381061183,0.5778750952018279,0.23984513835998986
dixon_bivar_expected_awmae,5,0.75,0.1,0.0,0.5,0.0,2.953875660426973,1.012979182533638,0.12458745874587458,0.576034526529576,0.24416095455699416
dixon_bivar_expected_awmae,5,1.0,0.03,0.0,0.5,-0.15,2.953876964267671,1.0111703478040113,0.12433358720487434,0.5727341964965728,0.24492256917999491
dixon_bivar_expected_awmae,4,0.5,0.0,0.5,0.5,0.05,2.9538945584476903,1.0187547600913938,0.11855800964711856,0.594059405940594,0.22543792840822544
dixon_bivar_expected_awmae,5,0.5,0.15,0.5,0.5,0.15,2.953922171971892,1.0172949987306423,0.11944656004061945,0.5944402132520944,0.224993653211475
dixon_bivar_expected_awmae,5,0.25,0.15,0.5,0.25,0.0,2.95396834129523,1.0116146230007617,0.11678090886011679,0.5912668189895912,0.22397816704747397
dixon_bivar_expected_awmae,4,1.0,0.15,0.5,0.5,-0.05,2.9539854861190102,1.0135503935008885,0.12065244986037066,0.5901243970550901,0.22613607514597614
dixon_bivar_expected_awmae,5,0.25,0.1,0.5,0.25,-0.15,2.9539944680077923,1.0088855039350089,0.11684437674536684,0.5870779385630871,0.22473978167047473
dixon_bivar_expected_awmae,5,0.5,0.03,0.5,0.5,-0.05,2.954026215767755,1.0133917237877634,0.11925615638486925,0.5893627824320894,0.22702462553947703
dixon_bivar_expected_awmae,4,0.75,0.0,0.5,0.5,0.15,2.9540458187423324,1.0210713379030212,0.1164001015486164,0.5965346534653465,0.22334348819497335
dixon_bivar_expected_awmae,4,0.5,0.1,0.0,0.25,0.0,2.9540757591085383,1.0152005585173902,0.11957349581111958,0.5783193703985783,0.24320893627824322
dixon_bivar_expected_awmae,5,0.25,0.0,0.0,0.25,-0.1,2.954095225441711,1.008980705762884,0.11836760599136836,0.5723533891850724,0.24124143183549124
dixon_bivar_expected_awmae,5,0.25,0.1,0.5,0.25,-0.05,2.954126484748572,1.0112655496318863,0.11697131251586697,0.5906956080223407,0.22442244224422442
dixon_bivar_expected_awmae,4,0.75,0.15,0.5,0.25,-0.1,2.9541363187342555,1.0116780908860117,0.11563848692561564,0.5901243970550901,0.2241051028179741
dixon_bivar_expected_awmae,5,0.75,0.03,0.0,0.5,0.1,2.95413975270808,1.0191355674028941,0.12261995430312261,0.5843488194973343,0.2442878903274943
dixon_bivar_expected_awmae,4,0.75,0.03,0.5,0.5,0.05,2.954146513795678,1.0182152830667681,0.11836760599136836,0.5937420665143437,0.2253109926377253
dixon_bivar_expected_awmae,5,0.25,0.15,0.5,0.25,0.05,2.954164856723066,1.0124714394516374,0.1164001015486164,0.5925996445798426,0.22296268088347296
dixon_bivar_expected_awmae,5,0.25,0.15,0.5,0.25,-0.05,2.9541857577725743,1.0102500634678853,0.11614623000761615,0.5887915714648387,0.22366082762122366
dixon_bivar_expected_awmae,4,0.75,0.06,0.0,0.25,-0.1,2.9541954678988915,1.0144072099517645,0.11963696369636964,0.5772404163493272,0.24327240416349327
dixon_bivar_expected_awmae,5,0.25,0.1,0.5,0.25,-0.1,2.9542077217672613,1.0102500634678853,0.11627316577811628,0.5886011678090886,0.2241051028179741
dixon_bivar_expected_awmae,5,0.0,0.03,0.5,0.25,0.1,2.9542134378377187,1.0152640264026402,0.11678090886011679,0.5957095709570958,0.22213759837522215
dixon_bivar_expected_awmae,5,0.25,0.03,0.5,0.25,-0.1,2.954299284303097,1.0114876872302614,0.1169078446306169,0.5906321401370906,0.22467631378522468
dixon_bivar_expected_awmae,5,0.0,0.03,0.0,0.25,0.1,2.954300900096223,1.0124714394516374,0.11843107387661843,0.5795252602183295,0.24092409240924093
dixon_bivar_expected_awmae,4,0.25,0.0,0.5,0.25,0.1,2.9543031082801146,1.0177392739273927,0.11532114749936533,0.5957095709570958,0.2218202589489718
dixon_bivar_expected_awmae,4,0.5,0.06,0.5,0.25,-0.1,2.954306890049912,1.0132647880172632,0.11646356943386646,0.5911398832190912,0.22537446052297538
dixon_bivar_expected_awmae,5,0.5,0.15,0.5,0.5,0.0,2.9543155894672166,1.0128839807057628,0.12077938563087078,0.5894897182025894,0.22734196496572734
dixon_bivar_expected_awmae,4,1.0,0.15,0.0,0.25,-0.15,2.954329266735669,1.009869256156385,0.12147753236862148,0.5746382330540747,0.24092409240924093
dixon_bivar_expected_awmae,4,0.25,0.06,0.5,0.25,0.0,2.9543334194489286,1.015041888804265,0.1164001015486164,0.5925361766945926,0.22397816704747397
dixon_bivar_expected_awmae,5,0.25,0.03,0.5,0.5,0.1,2.9543366566691107,1.0176440720995177,0.11963696369636964,0.5938055343995938,0.2248032495557248
dixon_bivar_expected_awmae,4,0.5,0.0,0.5,0.5,0.0,2.9543473599997863,1.0171997969027673,0.119002284843869,0.5919014978420919,0.2256917999492257
dixon_bivar_expected_awmae,4,0.25,0.06,0.5,0.0,0.05,2.9543529058405906,1.0166603198781416,0.1091012947448591,0.5971693323178472,0.22086824067022087
dixon_bivar_expected_awmae,5,0.75,0.15,0.5,0.0,-0.15,2.954367399809248,1.0091076415333842,0.10998984513835999,0.5948210205635949,0.22017009393247017
dixon_bivar_expected_awmae,4,0.25,0.06,0.5,0.25,0.15,2.954389285263832,1.0178027418126427,0.1151942117288652,0.596026910383346,0.22156638740797158
dixon_bivar_expected_awmae,4,0.5,0.03,0.5,0.5,0.0,2.9543896347192056,1.0171997969027673,0.11931962427011931,0.5915206905305915,0.22632647880172632
dixon_bivar_expected_awmae,5,0.25,0.1,0.5,0.25,0.0,2.9543978427612134,1.0126935770500127,0.11627316577811628,0.5922823051535923,0.22315308453922314
dixon_bivar_expected_awmae,5,0.5,0.15,0.0,0.25,-0.15,2.9544029769536753,1.0046648895658796,0.12096978928662097,0.5695608022340696,0.24092409240924093
dixon_bivar_expected_awmae,4,0.25,0.15,0.5,0.25,0.15,2.9544144465384528,1.0166920538207667,0.11684437674536684,0.596026910383346,0.2235973597359736
dixon_bivar_expected_awmae,4,0.75,0.1,0.5,0.5,-0.15,2.9544196730017895,1.010979944148261,0.12103325717187104,0.5866336633663366,0.22753236862147752
dixon_bivar_expected_awmae,5,0.5,0.15,0.5,0.5,-0.05,2.954446954724921,1.0113290175171363,0.1209063214013709,0.5873318101040873,0.22778624016247778
dixon_bivar_expected_awmae,4,0.5,0.0,0.5,0.0,0.15,2.9544954737161957,1.0183104848946434,0.10675298299060676,0.5991368367605991,0.2183929931454684
dixon_bivar_expected_awmae,5,0.5,0.1,0.0,0.5,0.15,2.9545145761822966,1.0182470170093934,0.12306422949987307,0.5825717187103325,0.24384361513074385
dixon_bivar_expected_awmae,4,0.0,0.06,0.0,0.0,0.05,2.954520867535595,1.0115511551155116,0.11430566133536431,0.5788271134805788,0.23832190911398832
dixon_bivar_expected_awmae,4,1.0,0.06,0.5,0.5,0.05,2.954537082246075,1.0177710078700177,0.11798679867986799,0.5945036811373445,0.22467631378522468
dixon_bivar_expected_awmae,5,0.75,0.0,0.0,0.5,0.05,2.954557595344879,1.017961411525768,0.12281035795887281,0.582063975628332,0.24441482609799442
dixon_bivar_expected_awmae,5,0.25,0.03,0.5,0.25,-0.05,2.954581166893985,1.0127253109926377,0.11652703731911652,0.5919649657273419,0.22353389185072353
dixon_bivar_expected_awmae,4,0.5,0.03,0.5,0.5,0.1,2.9545816329836776,1.0200241177963951,0.11836760599136836,0.5951383599898451,0.2253109926377253
dixon_bivar_expected_awmae,5,0.25,0.06,0.5,0.25,0.0,2.954589882412392,1.013074384361513,0.11652703731911652,0.592980451891343,0.22296268088347296
dixon_bivar_expected_awmae,4,0.25,0.03,0.0,0.25,0.05,2.9546102029963603,1.0161843107387662,0.11887534907336887,0.58003300330033,0.24327240416349327
dixon_bivar_expected_awmae,4,0.0,0.0,0.5,0.25,0.15,2.9546234752673364,1.0185326224930185,0.11684437674536684,0.5964711855800965,0.22245493780147246
dixon_bivar_expected_awmae,4,0.25,0.03,0.5,0.25,0.0,2.954625093040085,1.0157717694846409,0.1164001015486164,0.5932977913175933,0.22391469916222392
dixon_bivar_expected_awmae,5,0.25,0.06,0.5,0.5,-0.1,2.9546282384663676,1.011106879918761,0.12141406448337141,0.5858085808580858,0.2282939832444783
dixon_bivar_expected_awmae,4,0.25,0.06,0.5,0.0,0.1,2.954670075763881,1.016882457476517,0.10757806549885758,0.5967885250063468,0.2187738004569688
dixon_bivar_expected_awmae,4,0.5,0.1,0.5,0.25,-0.05,2.954685773870107,1.0134869256156385,0.1164001015486164,0.5916476263010917,0.2246128458999746
dixon_bivar_expected_awmae,4,0.5,0.15,0.5,0.25,0.0,2.9546981352511557,1.0138359989845138,0.11627316577811628,0.5924092409240924,0.22435897435897437
dixon_bivar_expected_awmae,4,1.0,0.1,0.5,0.5,0.0,2.9547086988672935,1.0166603198781416,0.1188118811881188,0.592980451891343,0.22556486417872557
dixon_bivar_expected_awmae,4,0.75,0.06,0.5,0.5,-0.15,2.9547641974818504,1.0127570449352628,0.1205889819751206,0.588029956841838,0.22797664381822796
dixon_bivar_expected_awmae,5,0.25,0.15,0.5,0.25,-0.15,2.9547738571240245,1.0085998984513835,0.11760599136836761,0.587014470677837,0.2256917999492257
dixon_bivar_expected_awmae,5,0.25,0.0,0.5,0.25,-0.15,2.954775697027275,1.0104404671236353,0.11633663366336634,0.5887281035795887,0.22404163493272405
dixon_bivar_expected_awmae,5,0.25,0.03,0.5,0.5,-0.1,2.954794251276502,1.0118367605991367,0.12096978928662097,0.5866336633663366,0.2282939832444783
dixon_bivar_expected_awmae,4,1.0,0.1,0.5,0.5,-0.05,2.9548366475232375,1.0148197512058899,0.11995430312261995,0.591076415333841,0.226009139375476
dixon_bivar_expected_awmae,4,0.5,0.0,0.5,0.5,-0.15,2.9548747878486137,1.0135503935008885,0.11989083523736989,0.5872048743335873,0.22854785478547854
dixon_bivar_expected_awmae,4,0.75,0.15,0.5,0.5,0.15,2.9549479013126287,1.0192307692307692,0.11836760599136836,0.5948844884488449,0.22366082762122366
dixon_bivar_expected_awmae,5,0.25,0.03,0.5,0.25,0.0,2.9549546517161236,1.0133282559025134,0.11684437674536684,0.5933612592028433,0.22277227722772278
dixon_bivar_expected_awmae,5,1.0,0.15,0.5,0.0,-0.15,2.9549624698814574,1.0093932470170095,0.1085935516628586,0.5953287636455953,0.2176948464077177
dixon_bivar_expected_awmae,5,0.75,0.03,0.0,0.5,0.05,2.9549859614227714,1.0172315308453923,0.12281035795887281,0.5813658288905814,0.2440974866717441
dixon_bivar_expected_awmae,5,1.0,0.06,0.0,0.5,-0.15,2.955016454030336,1.0102817974105103,0.12496826605737497,0.5714648387915715,0.244986037065245
dixon_bivar_expected_awmae,5,0.5,0.0,0.0,0.5,0.05,2.955045442571319,1.016914191419142,0.12344503681137345,0.5794617923330795,0.24485910129474486
dixon_bivar_expected_awmae,4,0.25,0.15,0.5,0.0,0.15,2.9550857601721123,1.0167872556486417,0.10764153338410765,0.5974232038588474,0.21953541507996954
dixon_bivar_expected_awmae,5,0.25,0.03,0.0,0.25,-0.1,2.955097426488973,1.0082825590251332,0.11868494541761869,0.5716552424473217,0.24073368875349074
dixon_bivar_expected_awmae,5,0.25,0.0,0.5,0.25,-0.1,2.95510495184811,1.011995430312262,0.11684437674536684,0.5911398832190912,0.2242955064737243
dixon_bivar_expected_awmae,4,0.0,0.15,0.0,0.0,0.05,2.9551096292770627,1.0078700177710078,0.11614623000761615,0.5748286367098249,0.23825844122873827
dixon_bivar_expected_awmae,4,0.0,0.03,0.5,0.25,0.15,2.9551208980010832,1.0183104848946434,0.11722518405686723,0.5962173140390962,0.22296268088347296
dixon_bivar_expected_awmae,4,0.25,0.0,0.5,0.0,0.1,2.9551406864453074,1.017993145468393,0.10745112972835745,0.5973597359735974,0.21902767199796902
dixon_bivar_expected_awmae,4,1.0,0.1,0.0,0.5,0.1,2.955141018271075,1.0206905305915206,0.12312769738512312,0.585046966235085,0.24327240416349327
dixon_bivar_expected_awmae,4,0.25,0.1,0.5,0.0,0.0,2.9551438826258307,1.0147880172632648,0.11005331302361006,0.5949479563340949,0.22156638740797158
dixon_bivar_expected_awmae,5,0.0,0.06,0.0,0.25,0.1,2.955149417858994,1.0115511551155116,0.11912922061436913,0.5783828382838284,0.24105102817974106
dixon_bivar_expected_awmae,5,0.25,0.03,0.5,0.5,0.15,2.9551708758319966,1.0194529068291445,0.11805026656511805,0.5943132774815943,0.22328002030972327
dixon_bivar_expected_awmae,5,0.0,0.15,0.5,0.25,-0.15,2.955180949122265,1.0080921553693831,0.11893881695861894,0.5859355166285859,0.2284209190149784
dixon_bivar_expected_awmae,4,1.0,0.06,0.5,0.5,-0.05,2.9551851421483692,1.0156765676567656,0.11862147753236862,0.5915206905305915,0.22556486417872557
dixon_bivar_expected_awmae,4,0.75,0.06,0.5,0.5,0.05,2.955239147805652,1.0182152830667681,0.11874841330286875,0.5938055343995938,0.22512058898197512
dixon_bivar_expected_awmae,4,0.5,0.0,0.5,0.5,-0.05,2.9552506909574627,1.015930439197766,0.1191926884996192,0.5902513328255903,0.2268976897689769
dixon_bivar_expected_awmae,4,0.25,0.15,0.5,0.25,0.05,2.9552674335962354,1.0147562833206398,0.1169078446306169,0.5919014978420919,0.2246128458999746
dixon_bivar_expected_awmae,4,0.0,0.06,0.5,0.25,0.15,2.9552778529026518,1.018183549124143,0.11741558771261741,0.5962807819243463,0.22391469916222392
dixon_bivar_expected_awmae,4,0.5,0.1,0.5,0.0,-0.15,2.9552807346400427,1.0118367605991367,0.11183041381061183,0.5926631124650926,0.22328002030972327
dixon_bivar_expected_awmae,5,0.25,0.1,0.5,0.5,0.15,2.9552876110176114,1.0185643564356435,0.12027164254887027,0.5946306169078446,0.22543792840822544
dixon_bivar_expected_awmae,5,0.25,0.06,0.5,0.25,-0.05,2.9553559608551825,1.0122810357958874,0.11671744097486672,0.5915841584158416,0.2237877633917238
dixon_bivar_expected_awmae,4,0.5,0.15,0.5,0.25,-0.05,2.9553849384592277,1.0132965219598884,0.11659050520436659,0.5912668189895912,0.22543792840822544
dixon_bivar_expected_awmae,5,0.5,0.06,0.0,0.5,0.15,2.955390134138199,1.0193259710586444,0.12217567910637217,0.583015993907083,0.24346280781924345
dixon_bivar_expected_awmae,5,0.0,0.1,0.0,0.0,-0.1,2.955391487355266,1.0034907336887535,0.11449606499111449,0.5715917745620716,0.23533891850723535
dixon_bivar_expected_awmae,4,0.75,0.1,0.0,0.25,-0.1,2.955393457232071,1.0127253109926377,0.12001777100787002,0.5757806549885758,0.2421934501142422
dixon_bivar_expected_awmae,4,1.0,0.1,0.0,0.5,0.15,2.9553960586811567,1.022086824067022,0.12217567910637217,0.5865067275958366,0.24187611068799186
dixon_bivar_expected_awmae,5,0.25,0.06,0.5,0.5,0.1,2.955402201179104,1.0172949987306423,0.11982736735211982,0.5928535161208428,0.22524752475247525
dixon_bivar_expected_awmae,5,0.25,0.03,0.5,0.5,-0.05,2.955426317647802,1.0129157146483878,0.12027164254887027,0.5874587458745875,0.2261995430312262
dixon_bivar_expected_awmae,4,1.0,0.06,0.5,0.5,0.0,2.9554297376928798,1.016977659304392,0.1184945417618685,0.5932343234323433,0.22518405686722517
dixon_bivar_expected_awmae,4,0.75,0.1,0.0,0.5,0.15,2.9554625063817688,1.022086824067022,0.12255648641787256,0.585998984513836,0.2440974866717441
dixon_bivar_expected_awmae,5,0.25,0.1,0.5,0.5,-0.1,2.955486459937955,1.0115194211728866,0.12128712871287128,0.5858085808580858,0.22892866209697893
dixon_bivar_expected_awmae,4,0.25,0.06,0.5,0.25,0.05,2.9555172736048023,1.0164381822797663,0.11659050520436659,0.5941863417110942,0.22366082762122366
dixon_bivar_expected_awmae,5,0.5,0.1,0.5,0.5,0.0,2.9555208530134265,1.0137725310992638,0.11957349581111958,0.5894897182025894,0.226009139375476
dixon_bivar_expected_awmae,4,0.5,0.06,0.5,0.5,0.05,2.955558003566901,1.0178027418126427,0.11995430312261995,0.5926631124650926,0.22581873571972583
dixon_bivar_expected_awmae,5,0.25,0.03,0.5,0.5,0.05,2.955615238116861,1.015898705255141,0.11976389946686976,0.5917110941863417,0.22537446052297538
dixon_bivar_expected_awmae,5,0.25,0.1,0.5,0.5,-0.15,2.955635074071448,1.0102183295252603,0.12173140390962173,0.5844757552678345,0.22994414826097995
dixon_bivar_expected_awmae,4,0.25,0.03,0.5,0.0,0.1,2.9556417966427495,1.0177710078700177,0.1071972581873572,0.5971693323178472,0.21864686468646866
dixon_bivar_expected_awmae,5,0.25,0.1,0.0,0.25,-0.05,2.9556538109950865,1.0081873571972582,0.11887534907336887,0.5717821782178217,0.24047981721249048
dixon_bivar_expected_awmae,5,0.25,0.0,0.5,0.5,0.0,2.9556667849126166,1.0150736227468902,0.11944656004061945,0.5901878649403401,0.22556486417872557
dixon_bivar_expected_awmae,4,0.5,0.0,0.5,0.5,0.15,2.9556677333079553,1.0211348057882712,0.11678090886011679,0.5955826351865956,0.2230896166539731
dixon_bivar_expected_awmae,4,0.75,0.03,0.5,0.5,0.15,2.9556808654893096,1.0212300076161462,0.11652703731911652,0.5960903782685961,0.22328002030972327
dixon_bivar_expected_awmae,5,0.25,0.06,0.5,0.5,-0.05,2.9557113047436996,1.0128205128205128,0.12122366082762122,0.5875222137598375,0.22784970804772786
dixon_bivar_expected_awmae,4,0.75,0.0,0.0,0.25,-0.15,2.9557486379420994,1.0145024117796395,0.11938309215536938,0.5760979944148261,0.24314546839299314
dixon_bivar_expected_awmae,4,0.25,0.0,0.5,0.25,-0.05,2.955783950974526,1.0152640264026402,0.11633663366336634,0.5919014978420919,0.22423203858847424
dixon_bivar_expected_awmae,4,0.5,0.06,0.5,0.5,0.1,2.9557902103493094,1.0197385123127698,0.11938309215536938,0.5946940847930947,0.22575526783447575
dixon_bivar_expected_awmae,4,0.25,0.15,0.5,0.25,0.1,2.9557906571232793,1.016057374968266,0.11652703731911652,0.5937420665143437,0.2235973597359736
dixon_bivar_expected_awmae,4,0.5,0.03,0.0,0.25,-0.05,2.955794776864706,1.0155178979436406,0.11938309215536938,0.5773673521198274,0.24320893627824322
dixon_bivar_expected_awmae,4,0.5,0.03,0.5,0.5,0.05,2.9558122401116846,1.0186278243208937,0.1197004315816197,0.5934881949733435,0.2256917999492257
dixon_bivar_expected_awmae,4,1.0,0.1,0.0,0.5,0.05,2.955838118505767,1.0188182279766438,0.12452399086062452,0.583079461792333,0.24454176186849455
dixon_bivar_expected_awmae,4,0.5,0.15,0.5,0.5,0.1,2.955849759351346,1.0176440720995177,0.12065244986037066,0.5929169840060929,0.22550139629347551
dixon_bivar_expected_awmae,4,0.5,0.06,0.5,0.5,-0.1,2.955866686563654,1.0137090632140138,0.12077938563087078,0.5878395531860878,0.22816704747397817
dixon_bivar_expected_awmae,4,0.25,0.03,0.5,0.0,-0.05,2.955880247877134,1.0152005585173902,0.1103071845646103,0.5950748921045951,0.22156638740797158
dixon_bivar_expected_awmae,5,0.0,0.03,0.5,0.25,-0.15,2.955916889350413,1.0102817974105103,0.11824067022086825,0.588029956841838,0.22677075399847677
dixon_bivar_expected_awmae,5,0.0,0.06,0.5,0.25,0.1,2.955941320835959,1.0147562833206398,0.1172886519421173,0.5948210205635949,0.2227088093424727
dixon_bivar_expected_awmae,4,0.25,0.0,0.5,0.25,0.15,2.955955028981916,1.0188182279766438,0.11449606499111449,0.5965346534653465,0.22074130489972074
dixon_bivar_expected_awmae,4,0.5,0.06,0.5,0.5,0.0,2.955974545269103,1.016945925361767,0.11982736735211982,0.5912033511043412,0.2268976897689769
dixon_bivar_expected_awmae,4,0.25,0.15,0.5,0.0,-0.15,2.956027633694745,1.010884742320386,0.1124016247778624,0.5894897182025894,0.2237877633917238
dixon_bivar_expected_awmae,4,1.0,0.1,0.5,0.5,0.15,2.956032292645007,1.0195481086570195,0.1172886519421173,0.5966615892358467,0.22328002030972327
dixon_bivar_expected_awmae,5,0.25,0.1,0.5,0.5,-0.05,2.9560673115799743,1.0123445036811374,0.12141406448337141,0.5869510027925869,0.2284209190149784
dixon_bivar_expected_awmae,4,0.5,0.1,0.5,0.5,-0.1,2.956077638485088,1.0125349073368874,0.12147753236862148,0.5869510027925869,0.22804011170347804
dixon_bivar_expected_awmae,4,0.25,0.0,0.5,0.0,0.05,2.956078392281581,1.0176440720995177,0.10776846915460776,0.5965981213505966,0.21915460776846915
dixon_bivar_expected_awmae,4,0.5,0.1,0.5,0.5,-0.15,2.9560931189695165,1.0115511551155116,0.12166793602437166,0.5854277735465854,0.22861132267072862
dixon_bivar_expected_awmae,4,0.25,0.15,0.5,0.0,0.0,2.956097981894386,1.0142802741812642,0.11037065244986037,0.5944402132520944,0.22213759837522215
dixon_bivar_expected_awmae,4,1.0,0.15,0.0,0.5,-0.1,2.956141438556041,1.011931962427012,0.12585681645087585,0.5726072607260726,0.2440974866717441
dixon_bivar_expected_awmae,4,1.0,0.1,0.0,0.5,0.0,2.9561420154879294,1.0164064483371413,0.12490479817212491,0.5795252602183295,0.24416095455699416
dixon_bivar_expected_awmae,4,0.75,0.03,0.0,0.25,-0.15,2.9561623259012597,1.0133282559025134,0.1197004315816197,0.5749555724803249,0.24212998222899212
dixon_bivar_expected_awmae,4,1.0,0.06,0.0,0.5,0.15,2.956171083117134,1.022880172632648,0.12160446813912161,0.5863163239400864,0.24124143183549124
dixon_bivar_expected_awmae,5,0.75,0.15,0.5,0.0,-0.1,2.956179991612031,1.0102183295252603,0.10891089108910891,0.5952652957603453,0.2189007362274689
dixon_bivar_expected_awmae,4,1.0,0.15,0.5,0.5,0.1,2.9561899004102625,1.018056613353643,0.11811373445036812,0.5943767453668444,0.22435897435897437
dixon_bivar_expected_awmae,4,1.0,0.1,0.0,0.5,-0.1,2.9561990013600314,1.0141216044681391,0.12572988068037572,0.574067022086824,0.24523990860624523
dixon_bivar_expected_awmae,5,1.0,0.0,0.0,0.5,-0.15,2.9562627562654655,1.011995430312262,0.12433358720487434,0.5730515359228231,0.24485910129474486
dixon_bivar_expected_awmae,4,0.75,0.1,0.5,0.5,0.15,2.9562748722914893,1.0208492003046459,0.11722518405686723,0.5956461030718456,0.22366082762122366
dixon_bivar_expected_awmae,5,0.25,0.15,0.5,0.5,-0.05,2.95628304401616,1.0123127697385124,0.12154100025387155,0.5862528560548362,0.22892866209697893
dixon_bivar_expected_awmae,4,0.75,0.1,0.5,0.5,0.1,2.9563010395237916,1.018945163747144,0.11855800964711856,0.5941228738258442,0.2241051028179741
dixon_bivar_expected_awmae,4,0.25,0.1,0.5,0.25,0.05,2.9563037696300354,1.0158035034272659,0.11659050520436659,0.5930439197765931,0.2237877633917238
dixon_bivar_expected_awmae,4,0.0,0.03,0.0,0.0,0.0,2.9563293173897898,1.010948210205636,0.11487687230261488,0.577050012693577,0.23844884488448845
dixon_bivar_expected_awmae,4,1.0,0.0,0.0,0.5,0.1,2.956335786787081,1.0234196496572734,0.12135059659812135,0.5861259202843361,0.24282812896674283
dixon_bivar_expected_awmae,5,0.5,0.1,0.0,0.5,0.05,2.956345651641827,1.01501015486164,0.1243970550901244,0.5764153338410765,0.24562071591774562
dixon_bivar_expected_awmae,4,0.75,0.06,0.5,0.5,0.15,2.956372929702799,1.0207857324193959,0.11678090886011679,0.5952652957603453,0.2228992129982229
dixon_bivar_expected_awmae,5,0.25,0.0,0.5,0.5,-0.05,2.9563862796202716,1.0141533384107642,0.11951002792586951,0.5886646356943387,0.22645341457222645
dixon_bivar_expected_awmae,4,0.25,0.0,0.5,0.25,-0.1,2.9563930076933627,1.0141533384107642,0.11697131251586697,0.5905686722518406,0.2256917999492257
dixon_bivar_expected_awmae,5,0.75,0.06,0.0,0.5,-0.05,2.956414809185444,1.0127253109926377,0.12471439451637471,0.5742574257425742,0.24454176186849455
dixon_bivar_expected_awmae,4,0.25,0.0,0.5,0.25,0.0,2.956422268760738,1.0162160446813913,0.11659050520436659,0.5934881949733435,0.22353389185072353
dixon_bivar_expected_awmae,4,0.75,0.15,0.5,0.5,0.1,2.956426524384237,1.0176123381568927,0.11957349581111958,0.5933612592028433,0.22404163493272405
dixon_bivar_expected_awmae,4,0.25,0.06,0.5,0.25,-0.15,2.956451898691843,1.011963696369637,0.11735211982736735,0.5873952779893374,0.22575526783447575
dixon_bivar_expected_awmae,4,0.25,0.1,0.5,0.0,0.05,2.9564736234122986,1.0154226961157655,0.10929169840060929,0.5953287636455953,0.22017009393247017
dixon_bivar_expected_awmae,4,0.0,0.15,0.5,0.0,0.15,2.9564776327763327,1.016089108910891,0.10986290936785986,0.5962173140390962,0.22131251586697132
dixon_bivar_expected_awmae,4,0.25,0.15,0.5,0.25,-0.15,2.9565069680668827,1.0104722010662606,0.1183041381061183,0.5863163239400864,0.22765930439197765
dixon_bivar_expected_awmae,4,0.25,0.1,0.5,0.25,-0.05,2.956538421069064,1.0137725310992638,0.11703478040111703,0.5896801218583397,0.22537446052297538
dixon_bivar_expected_awmae,5,0.0,0.15,0.5,0.25,0.15,2.95653892639387,1.013994668697639,0.11722518405686723,0.5941228738258442,0.2227088093424727
dixon_bivar_expected_awmae,5,0.5,0.1,0.5,0.0,-0.1,2.956560388110694,1.011931962427012,0.10846661589235847,0.5951383599898451,0.2202970297029703
dixon_bivar_expected_awmae,5,0.0,0.0,0.5,0.25,0.05,2.9565740917713192,1.0148197512058899,0.11735211982736735,0.5945671490225946,0.2227088093424727
dixon_bivar_expected_awmae,5,0.0,0.06,0.5,0.25,-0.1,2.956582833006923,1.0105674028941356,0.11811373445036812,0.5884107641533384,0.22607260726072606
dixon_bivar_expected_awmae,4,0.25,0.06,0.5,0.25,-0.05,2.9565909003102586,1.0145341457222645,0.11697131251586697,0.591076415333841,0.2256917999492257
dixon_bivar_expected_awmae,4,0.25,0.03,0.5,0.25,-0.05,2.9565946039975923,1.0147562833206398,0.11659050520436659,0.5912033511043412,0.2248032495557248
dixon_bivar_expected_awmae,4,0.25,0.1,0.5,0.0,0.15,2.956617617086722,1.0175488702716426,0.107006854531607,0.5967250571210967,0.21832952526021834
dixon_bivar_expected_awmae,4,0.25,0.15,0.5,0.25,-0.05,2.9566197990598426,1.0127570449352628,0.11773292713886774,0.5889185072353389,0.2265168824574765
dixon_bivar_expected_awmae,5,0.5,0.0,0.0,0.5,0.1,2.9566216665423504,1.0196433104848945,0.12211221122112212,0.5818735719725818,0.24397055090124398
dixon_bivar_expected_awmae,4,0.25,0.1,0.5,0.25,-0.15,2.9566241623637155,1.011011678090886,0.11792333079461792,0.5866336633663366,0.2263899466869764
dixon_bivar_expected_awmae,4,1.0,0.03,0.0,0.5,0.1,2.9566325090900825,1.022848438690023,0.1223026148768723,0.586062452399086,0.24333587204874332
dixon_bivar_expected_awmae,5,0.25,0.15,0.5,0.5,0.0,2.9566361632501437,1.0132965219598884,0.12141406448337141,0.5874587458745875,0.22765930439197765
dixon_bivar_expected_awmae,4,0.75,0.03,0.5,0.5,-0.15,2.9567026189608128,1.0136455953287637,0.11989083523736989,0.588029956841838,0.22784970804772786
dixon_bivar_expected_awmae,4,0.25,0.0,0.5,0.25,-0.15,2.956713366984621,1.0128205128205128,0.11665397308961666,0.5883472962680883,0.22518405686722517
dixon_bivar_expected_awmae,4,0.25,0.03,0.5,0.25,-0.15,2.9567399267164425,1.0124714394516374,0.1170982482863671,0.5879030210713379,0.22575526783447575
dixon_bivar_expected_awmae,4,0.25,0.0,0.5,0.5,-0.15,2.956749369849604,1.0134869256156385,0.12154100025387155,0.5858085808580858,0.22930946940847932
dixon_bivar_expected_awmae,5,0.25,0.15,0.5,0.5,-0.15,2.9567778783258034,1.0101231276973852,0.12242955064737243,0.5835872048743336,0.23127697385123128
dixon_bivar_expected_awmae,4,0.5,0.1,0.5,0.5,0.05,2.9567969784757504,1.0176440720995177,0.11982736735211982,0.5917745620715917,0.2256917999492257
dixon_bivar_expected_awmae,4,0.5,0.06,0.0,0.25,-0.05,2.9568224816766313,1.0149149530337649,0.11874841330286875,0.5756537192180756,0.242003046458492
dixon_bivar_expected_awmae,5,0.5,0.1,0.5,0.0,-0.15,2.956845835482768,1.0114876872302614,0.10922823051535922,0.5949479563340949,0.22131251586697132
dixon_bivar_expected_awmae,4,1.0,0.06,0.0,0.5,-0.1,2.95685480238761,1.0151053566895152,0.1254125412541254,0.5751459761360751,0.24504950495049505
dixon_bivar_expected_awmae,5,1.0,0.1,0.0,0.5,-0.15,2.9568558288435365,1.009012439705509,0.12553947702462553,0.5701954810865701,0.24473216552424473
dixon_bivar_expected_awmae,5,0.25,0.0,0.0,0.25,-0.15,2.9568720950762555,1.0081238893120081,0.11912922061436913,0.5702589489718203,0.24155877126174155
dixon_bivar_expected_awmae,4,0.25,0.15,0.5,0.25,0.0,2.9568807251494666,1.0136138613861385,0.11766945925361767,0.5902513328255903,0.22562833206397562
dixon_bivar_expected_awmae,4,1.0,0.0,0.0,0.5,0.05,2.956892582253509,1.022055090124397,0.1223026148768723,0.5844757552678345,0.24441482609799442
dixon_bivar_expected_awmae,4,0.5,0.15,0.5,0.5,0.15,2.956906058185954,1.0196115765422695,0.11989083523736989,0.5946306169078446,0.22512058898197512
dixon_bivar_expected_awmae,4,0.75,0.1,0.0,0.5,0.05,2.956916559513253,1.0187864940340188,0.1242066514343742,0.5811119573495811,0.244986037065245
dixon_bivar_expected_awmae,5,0.25,0.15,0.0,0.25,-0.05,2.956934913269103,1.0076478801726327,0.119002284843869,0.5703224168570703,0.2407971566387408
dixon_bivar_expected_awmae,4,0.5,0.15,0.5,0.5,0.05,2.9570069981718503,1.017009393247017,0.12052551408987053,0.5912668189895912,0.2265168824574765
dixon_bivar_expected_awmae,5,0.75,0.0,0.0,0.5,-0.05,2.9570127060674953,1.0141216044681391,0.1242066514343742,0.5755267834475756,0.24473216552424473
dixon_bivar_expected_awmae,5,0.5,0.15,0.5,0.0,-0.15,2.9570235434608847,1.0106308707793856,0.10998984513835999,0.5943767453668444,0.22245493780147246
dixon_bivar_expected_awmae,5,0.0,0.15,0.5,0.25,-0.05,2.9570417094080814,1.0106943386646356,0.1183041381061183,0.5882203604975882,0.2263899466869764
dixon_bivar_expected_awmae,4,0.25,0.0,0.0,0.0,-0.15,2.957041871955925,1.0089489718202589,0.11513074384361513,0.5731784716933231,0.23775069814673774
dixon_bivar_expected_awmae,4,0.25,0.0,0.5,0.0,-0.05,2.957043768735479,1.0162160446813913,0.10998984513835999,0.5954556994160954,0.22105864432597105
dixon_bivar_expected_awmae,4,0.25,0.1,0.5,0.25,0.0,2.9570554424156406,1.0147245493780148,0.11678090886011679,0.5913302868748413,0.22467631378522468
dixon_bivar_expected_awmae,4,0.0,0.1,0.5,0.0,0.15,2.9570602704244373,1.0178027418126427,0.10960903782685961,0.5974866717440975,0.22131251586697132
dixon_bivar_expected_awmae,4,0.25,0.06,0.5,0.25,-0.1,2.9570660315365234,1.013042650418888,0.11671744097486672,0.5885376999238385,0.224993653211475
dixon_bivar_expected_awmae,4,0.0,0.03,0.5,0.25,0.1,2.9570739244310413,1.017993145468393,0.11811373445036812,0.5956461030718456,0.2248032495557248
dixon_bivar_expected_awmae,4,0.25,0.06,0.5,0.0,0.15,2.9570750033686033,1.0182787509520184,0.1066895151053567,0.597105864432597,0.2182025894897182
dixon_bivar_expected_awmae,5,0.25,0.06,0.0,0.25,-0.1,2.9570830474432603,1.0079017517136328,0.11931962427011931,0.5705128205128205,0.2411144960649911
dixon_bivar_expected_awmae,4,1.0,0.03,0.0,0.5,0.05,2.9570830744607086,1.0213252094440213,0.12312769738512312,0.5840314800710841,0.24441482609799442
dixon_bivar_expected_awmae,4,0.0,0.0,0.0,0.0,0.0,2.957099359541644,1.0122810357958874,0.11436912922061437,0.5780654988575781,0.23844884488448845
dixon_bivar_expected_awmae,4,0.75,0.15,0.5,0.5,-0.05,2.9571176736833773,1.0139312008123889,0.1205889819751206,0.5886646356943387,0.2267072861132267
dixon_bivar_expected_awmae,5,0.25,0.1,0.5,0.5,0.0,2.957124188903156,1.0141216044681391,0.1209063214013709,0.5882838283828383,0.2272784970804773
dixon_bivar_expected_awmae,4,0.0,0.0,0.5,0.0,0.05,2.9571508648923963,1.0174854023863924,0.11100533130236101,0.5967250571210967,0.2218837268342219
dixon_bivar_expected_awmae,4,0.25,0.03,0.0,0.0,-0.15,2.957162033311884,1.0078700177710078,0.1157019548108657,0.5720995176440721,0.23743335872048743
dixon_bivar_expected_awmae,4,0.0,0.03,0.5,0.0,0.15,2.957169491264832,1.0192625031733942,0.10897435897435898,0.5981213505965981,0.22074130489972074
dixon_bivar_expected_awmae,4,0.75,0.15,0.0,0.25,-0.1,2.9571724468315073,1.0113290175171363,0.12046204620462046,0.5736227468900736,0.24073368875349074
dixon_bivar_expected_awmae,5,0.25,0.06,0.5,0.5,0.05,2.9571834094174556,1.0162795125666413,0.11982736735211982,0.5912033511043412,0.22594567149022596
dixon_bivar_expected_awmae,4,0.25,0.03,0.5,0.0,0.15,2.9571841153269616,1.0184691546077684,0.10707032241685707,0.5974866717440975,0.21807565371921808
dixon_bivar_expected_awmae,4,0.75,0.15,0.0,0.5,0.05,2.957200312164583,1.0166603198781416,0.12496826605737497,0.579017517136329,0.24441482609799442
dixon_bivar_expected_awmae,5,0.0,0.1,0.0,0.25,0.1,2.9572170493482868,1.010916476263011,0.11912922061436913,0.5763518659558263,0.24086062452399087
dixon_bivar_expected_awmae,5,0.0,0.1,0.5,0.25,0.1,2.9572482916108442,1.013994668697639,0.1177963950241178,0.5937420665143437,0.22321655242447322
dixon_bivar_expected_awmae,4,1.0,0.06,0.0,0.5,-0.05,2.957267944834163,1.0166285859355166,0.12452399086062452,0.5778750952018279,0.2446052297537446
dixon_bivar_expected_awmae,4,0.25,0.0,0.5,0.0,0.15,2.9572717784070837,1.019040365575019,0.10694338664635694,0.5981213505965981,0.21807565371921808
dixon_bivar_expected_awmae,5,0.0,0.03,0.0,0.0,-0.15,2.9572792303775444,1.0046648895658796,0.11449606499111449,0.5717187103325717,0.23565625793348566
dixon_bivar_expected_awmae,4,0.0,0.06,0.0,0.0,0.0,2.9572987448117134,1.0102817974105103,0.11481340441736482,0.5754633155623254,0.2376872302614877
dixon_bivar_expected_awmae,5,0.5,0.0,0.0,0.5,0.15,2.9573041094922563,1.0215790809850216,0.11995430312261995,0.5838410764153339,0.24206651434374207
dixon_bivar_expected_awmae,5,0.75,0.15,0.5,0.0,-0.05,2.9573242774253785,1.0112338156892613,0.10751459761360752,0.5957095709570958,0.21756791063721756
dixon_bivar_expected_awmae,4,0.25,0.03,0.5,0.25,-0.1,2.9573410408653857,1.0137407971566388,0.11652703731911652,0.5892993145468393,0.224993653211475
dixon_bivar_expected_awmae,4,0.5,0.15,0.5,0.5,-0.1,2.95735531654805,1.012122366082762,0.12204874333587205,0.5856816450875857,0.22854785478547854
dixon_bivar_expected_awmae,5,0.75,0.15,0.0,0.5,-0.05,2.9573707690556437,1.01002792586951,0.12496826605737497,0.5714013709063214,0.24384361513074385
dixon_bivar_expected_awmae,4,0.75,0.15,0.5,0.5,0.05,2.957380642214123,1.0166920538207667,0.1202081746636202,0.5919014978420919,0.22473978167047473
dixon_bivar_expected_awmae,4,0.25,0.06,0.5,0.0,0.0,2.9574273004717906,1.0156448337141406,0.11005331302361006,0.595011424219345,0.2206143691292206
dixon_bivar_expected_awmae,4,0.25,0.0,0.5,0.0,0.0,2.9574412679337234,1.0172632647880173,0.10948210205635948,0.5967250571210967,0.22086824067022087
dixon_bivar_expected_awmae,4,0.5,0.06,0.5,0.5,-0.15,2.957442760565867,1.011963696369637,0.12122366082762122,0.5854912414318355,0.22784970804772786
dixon_bivar_expected_awmae,4,1.0,0.15,0.5,0.5,0.05,2.9574458738912996,1.0172632647880173,0.11906575272911907,0.5930439197765931,0.22493018532622494
dixon_bivar_expected_awmae,4,0.75,0.1,0.5,0.5,-0.05,2.957468989617287,1.0147562833206398,0.1202081746636202,0.5893627824320894,0.22594567149022596
dixon_bivar_expected_awmae,5,0.5,0.03,0.0,0.5,0.15,2.9574801924860674,1.0206905305915206,0.1205889819751206,0.5828890581365829,0.24212998222899212
dixon_bivar_expected_awmae,4,0.0,0.1,0.5,0.25,0.15,2.9574859931169875,1.0177710078700177,0.11798679867986799,0.5955826351865956,0.2244859101294745
dixon_bivar_expected_awmae,4,0.25,0.03,0.5,0.0,0.0,2.957490716291131,1.0165651180502666,0.11005331302361006,0.5962807819243463,0.22105864432597105
dixon_bivar_expected_awmae,5,0.75,0.1,0.0,0.5,-0.05,2.9574932684978408,1.012185833968012,0.12427011931962427,0.5726707286113226,0.24397055090124398
dixon_bivar_expected_awmae,4,0.5,0.03,0.5,0.5,0.15,2.957499843559139,1.0213886773292713,0.1172886519421173,0.595011424219345,0.2237877633917238
dixon_bivar_expected_awmae,4,1.0,0.15,0.5,0.5,0.0,2.9575016826287897,1.0161525767961412,0.1197004315816197,0.5918380299568419,0.2256917999492257
dixon_bivar_expected_awmae,4,0.5,0.1,0.5,0.5,0.1,2.957512142856692,1.0189134298045188,0.1202081746636202,0.5938690022848438,0.22543792840822544
dixon_bivar_expected_awmae,5,0.75,0.15,0.5,0.0,0.1,2.9575296339868506,1.0135503935008885,0.10580096471185581,0.5978674790555979,0.21617161716171618
dixon_bivar_expected_awmae,4,1.0,0.0,0.0,0.5,-0.1,2.9575339659606,1.0167555217060167,0.1250952018278751,0.576986544808327,0.24543031226199544
dixon_bivar_expected_awmae,4,0.25,0.1,0.5,0.25,-0.1,2.957546030073117,1.0123445036811374,0.11760599136836761,0.587966488956588,0.22607260726072606
dixon_bivar_expected_awmae,5,0.25,0.0,0.5,0.5,0.05,2.9575670148982143,1.0172949987306423,0.11906575272911907,0.5920919014978421,0.22473978167047473
dixon_bivar_expected_awmae,5,0.0,0.0,0.0,0.0,-0.15,2.9575686676250434,1.0064102564102564,0.11392485402386393,0.5731150038080731,0.2364813404417365
dixon_bivar_expected_awmae,5,0.25,0.06,0.0,0.5,0.15,2.9576219129041488,1.0193577050012694,0.12261995430312261,0.5816197004315816,0.24441482609799442
dixon_bivar_expected_awmae,4,0.5,0.1,0.5,0.5,-0.05,2.9576289540176273,1.01501015486164,0.1205889819751206,0.5889185072353389,0.2279131759329779
dixon_bivar_expected_awmae,5,0.5,0.0,0.0,0.5,0.0,2.957648977792213,1.015930439197766,0.123000761614623,0.5755267834475756,0.24485910129474486
dixon_bivar_expected_awmae,4,0.5,0.06,0.0,0.25,-0.1,2.957652192167502,1.0132965219598884,0.11982736735211982,0.5735592790048235,0.24295506473724296
dixon_bivar_expected_awmae,4,0.5,0.0,0.5,0.5,-0.1,2.9576646498686303,1.015835237369891,0.11963696369636964,0.5892358466615892,0.22861132267072862
dixon_bivar_expected_awmae,4,0.5,0.03,0.0,0.25,-0.1,2.957677655981997,1.0140264026402641,0.11912922061436913,0.574067022086824,0.24212998222899212
dixon_bivar_expected_awmae,5,0.0,0.1,0.5,0.25,-0.1,2.9576814995177094,1.0105356689515106,0.11836760599136836,0.588029956841838,0.22683422188372684
dixon_bivar_expected_awmae,5,0.5,0.1,0.5,0.0,-0.05,2.9576915929464564,1.012979182533638,0.10770500126935771,0.5965346534653465,0.2195988829652196
dixon_bivar_expected_awmae,5,0.25,0.03,0.5,0.5,0.0,2.9576967874048616,1.0153592282305153,0.11963696369636964,0.5898070576288398,0.22607260726072606
dixon_bivar_expected_awmae,5,0.0,0.06,0.5,0.25,-0.15,2.957704857957055,1.009996191926885,0.11824067022086825,0.587014470677837,0.2267072861132267
dixon_bivar_expected_awmae,4,0.5,0.06,0.5,0.5,-0.05,2.9577081063031163,1.0158035034272659,0.11995430312261995,0.5895531860878396,0.22765930439197765
dixon_bivar_expected_awmae,5,1.0,0.15,0.5,0.0,0.0,2.957714705573115,1.0124079715663874,0.10548362528560548,0.5968519928915968,0.2149022594567149
dixon_bivar_expected_awmae,4,0.25,0.06,0.5,0.0,-0.05,2.9577457646246264,1.0151370906321402,0.11005331302361006,0.5941228738258442,0.22137598375222137
dixon_bivar_expected_awmae,4,0.0,0.0,0.5,0.0,0.15,2.9577522684281052,1.0195798425996445,0.1091012947448591,0.5983117542523483,0.22074130489972074
dixon_bivar_expected_awmae,5,0.25,0.15,0.5,0.5,-0.1,2.957794522813771,1.0116780908860117,0.12179487179487179,0.5847930946940848,0.22962680883472963
dixon_bivar_expected_awmae,5,0.0,0.0,0.5,0.25,-0.15,2.9578194478245856,1.0113607514597613,0.1177963950241178,0.5882838283828383,0.2261995430312262
dixon_bivar_expected_awmae,5,0.5,0.06,0.5,0.0,-0.1,2.9578263494538404,1.0124397055090124,0.10833968012185834,0.5957095709570958,0.2194084793094694
dixon_bivar_expected_awmae,5,0.25,0.15,0.5,0.0,0.1,2.9578325120449884,1.0144706778370145,0.10656257933485656,0.5976136075145976,0.21883726834221884
dixon_bivar_expected_awmae,4,0.0,0.06,0.5,0.0,0.1,2.957853821821287,1.0174536684437674,0.11100533130236101,0.5972962680883473,0.22201066260472202
dixon_bivar_expected_awmae,5,0.5,0.15,0.5,0.0,-0.05,2.957869744088539,1.0123445036811374,0.10757806549885758,0.5951383599898451,0.22004315816197004
dixon_bivar_expected_awmae,4,0.5,0.15,0.5,0.5,-0.15,2.9578844802685706,1.011138613861386,0.12261995430312261,0.5842218837268343,0.22899212998222898
dixon_bivar_expected_awmae,5,0.75,0.1,0.5,0.0,0.15,2.9578978804123985,1.015041888804265,0.10522975374460523,0.5995811119573495,0.21591774562071592
dixon_bivar_expected_awmae,4,0.5,0.06,0.5,0.5,0.15,2.9578995559828636,1.020912668189896,0.11836760599136836,0.5949479563340949,0.22404163493272405
dixon_bivar_expected_awmae,5,0.75,0.03,0.0,0.5,-0.05,2.957905145524324,1.0134234577303884,0.12433358720487434,0.5747017009393247,0.24447829398324447
dixon_bivar_expected_awmae,4,1.0,0.06,0.0,0.5,0.05,2.9579132348207877,1.0204683929931455,0.12388931200812389,0.5835237369890836,0.24441482609799442
dixon_bivar_expected_awmae,4,0.5,0.0,0.0,0.25,-0.1,2.9579798237169186,1.0147245493780148,0.11868494541761869,0.5746382330540747,0.24212998222899212
dixon_bivar_expected_awmae,4,0.75,0.06,0.5,0.5,-0.1,2.9580019628098295,1.0147562833206398,0.1197004315816197,0.5885376999238385,0.2265168824574765
dixon_bivar_expected_awmae,4,0.25,0.06,0.0,0.25,0.05,2.9580271325272194,1.0155178979436406,0.11868494541761869,0.5776212236608276,0.24206651434374207
dixon_bivar_expected_awmae,5,0.5,0.15,0.0,0.5,0.05,2.9580454027036116,1.0134234577303884,0.12465092663112465,0.5741304899720742,0.24397055090124398
dixon_bivar_expected_awmae,5,0.25,0.06,0.5,0.5,0.0,2.9580823736784665,1.01501015486164,0.12052551408987053,0.5893627824320894,0.22683422188372684
dixon_bivar_expected_awmae,5,0.25,0.1,0.0,0.25,-0.1,2.958084984037318,1.0075526783447575,0.11925615638486925,0.5694338664635694,0.24124143183549124
dixon_bivar_expected_awmae,4,0.75,0.06,0.0,0.25,-0.15,2.9580998191739476,1.013042650418888,0.1197004315816197,0.574003554201574,0.24174917491749176
dixon_bivar_expected_awmae,5,0.25,0.15,0.5,0.0,0.15,2.9581382907655023,1.014978420919015,0.10548362528560548,0.5969154607768469,0.2171871033257172
dixon_bivar_expected_awmae,4,0.5,0.15,0.0,0.25,0.0,2.9581391388840443,1.0138994668697638,0.11925615638486925,0.5752729119065753,0.24105102817974106
dixon_bivar_expected_awmae,4,0.25,0.03,0.5,0.5,-0.15,2.9581524882484405,1.0136773292713888,0.12135059659812135,0.5853008377760853,0.22962680883472963
dixon_bivar_expected_awmae,4,1.0,0.03,0.0,0.5,-0.1,2.9581540504023613,1.015930439197766,0.1250952018278751,0.576034526529576,0.24504950495049505
dixon_bivar_expected_awmae,5,0.75,0.06,0.5,0.0,0.15,2.9581660349387575,1.0157717694846409,0.10567402894135568,0.6004061944656004,0.21655242447321654
dixon_bivar_expected_awmae,5,0.25,0.15,0.5,0.0,0.0,2.958216188482087,1.0123762376237624,0.10827621223660827,0.5955191673013455,0.22055090124397056
dixon_bivar_expected_awmae,5,0.25,0.15,0.5,0.5,0.15,2.9582169105093428,1.0177710078700177,0.1203985783193704,0.5927265803503428,0.224993653211475
dixon_bivar_expected_awmae,5,0.0,0.0,0.5,0.5,-0.05,2.958224748310319,1.0142485402386392,0.12154100025387155,0.5877760853008378,0.2282939832444783
dixon_bivar_expected_awmae,5,0.25,0.1,0.5,0.5,0.1,2.9582507167872625,1.0172949987306423,0.12027164254887027,0.5921553693830921,0.2253109926377253
dixon_bivar_expected_awmae,5,0.0,0.03,0.0,0.25,0.05,2.9582738808937172,1.0117732927138867,0.11824067022086825,0.5761614623000761,0.24073368875349074
dixon_bivar_expected_awmae,5,1.0,0.15,0.5,0.0,-0.05,2.9583025042512676,1.0112338156892613,0.10656257933485656,0.5956461030718456,0.21496572734196498
dixon_bivar_expected_awmae,4,0.0,0.1,0.5,0.0,0.1,2.9583028918434238,1.0164064483371413,0.11100533130236101,0.5958999746128459,0.22194719471947194
dixon_bivar_expected_awmae,5,0.5,0.15,0.5,0.0,0.1,2.958310051369193,1.0136138613861385,0.10675298299060676,0.5968519928915968,0.2171871033257172
dixon_bivar_expected_awmae,4,0.5,0.1,0.5,0.5,0.15,2.9583197555297627,1.0205953287636456,0.119002284843869,0.5946940847930947,0.2246128458999746
dixon_bivar_expected_awmae,5,0.25,0.15,0.5,0.0,-0.05,2.958332792288585,1.011931962427012,0.10897435897435898,0.5948210205635949,0.22118558009647118
dixon_bivar_expected_awmae,5,0.25,0.0,0.5,0.5,0.15,2.9583846136053,1.0204683929931455,0.11754252348311754,0.5942498095963442,0.2227088093424727
dixon_bivar_expected_awmae,4,0.25,0.15,0.0,0.25,0.1,2.958389479296379,1.0153909621731403,0.11811373445036812,0.5773673521198274,0.24092409240924093
dixon_bivar_expected_awmae,5,0.0,0.15,0.0,0.0,-0.1,2.9583897818519973,1.0023800456968774,0.115003808073115,0.5698146737750698,0.2361005331302361
dixon_bivar_expected_awmae,4,0.5,0.1,0.0,0.25,-0.05,2.9583962757705877,1.0139629347550139,0.11906575272911907,0.5741304899720742,0.24168570703224168
dixon_bivar_expected_awmae,4,0.0,0.0,0.5,0.25,-0.15,2.9584019254266805,1.0138042650418888,0.11824067022086825,0.5883472962680883,0.22765930439197765
dixon_bivar_expected_awmae,4,0.5,0.0,0.0,0.25,-0.15,2.9584109988734357,1.0134234577303884,0.11995430312261995,0.5731784716933231,0.2433993399339934
dixon_bivar_expected_awmae,4,0.25,0.06,0.0,0.0,-0.15,2.958414421560683,1.0068227976643818,0.11595582635186595,0.5703224168570703,0.2373064229499873
dixon_bivar_expected_awmae,4,0.25,0.15,0.5,0.25,-0.1,2.9584156652114313,1.0113924854023864,0.11817720233561818,0.5866971312515867,0.22626301091647627
dixon_bivar_expected_awmae,4,0.0,0.15,0.5,0.0,0.05,2.958428557418282,1.015041888804265,0.11113226707286113,0.5942498095963442,0.22353389185072353
dixon_bivar_expected_awmae,4,0.5,0.03,0.5,0.5,-0.1,2.9584507194563714,1.0154861640010155,0.11944656004061945,0.5880934247270881,0.22797664381822796
dixon_bivar_expected_awmae,5,0.0,0.1,0.5,0.25,-0.15,2.9584652798575717,1.0094884488448845,0.11855800964711856,0.5863163239400864,0.22708809342472708
dixon_bivar_expected_awmae,5,0.0,0.15,0.0,0.25,0.1,2.9585067484212084,1.01002792586951,0.1184945417618685,0.5742574257425742,0.2395912668189896
dixon_bivar_expected_awmae,5,0.0,0.0,0.5,0.5,0.0,2.958526676807521,1.0155496318862656,0.12096978928662097,0.5889185072353389,0.22702462553947703
dixon_bivar_expected_awmae,5,0.0,0.0,0.5,0.5,0.1,2.9585652622619443,1.0186912922061437,0.12103325717187104,0.5934247270880935,0.22632647880172632
dixon_bivar_expected_awmae,5,1.0,0.15,0.0,0.5,-0.15,2.958615123860681,1.0072988068037574,0.12592028433612593,0.5681645087585682,0.24346280781924345
dixon_bivar_expected_awmae,4,0.5,0.1,0.5,0.5,0.0,2.9586558573763417,1.016057374968266,0.12014470677837015,0.5897435897435898,0.22645341457222645
dixon_bivar_expected_awmae,4,0.0,0.1,0.0,0.0,0.0,2.9586688557207177,1.009012439705509,0.11551155115511551,0.5731150038080731,0.23787763391723787
dixon_bivar_expected_awmae,5,0.0,0.0,0.0,0.25,0.05,2.958696050553262,1.0125666412795125,0.1183041381061183,0.5768596090378268,0.24086062452399087
dixon_bivar_expected_awmae,4,0.5,0.15,0.0,0.25,-0.05,2.9587075472417284,1.0128205128205128,0.11989083523736989,0.5735592790048235,0.2414953033764915
dixon_bivar_expected_awmae,5,0.5,0.15,0.5,0.0,0.15,2.9587092194463733,1.0151688245747652,0.1051028179741051,0.5975501396293476,0.21655242447321654
dixon_bivar_expected_awmae,4,0.0,0.1,0.5,0.0,-0.15,2.9587293746359724,1.0107895404925107,0.11411525767961411,0.587966488956588,0.22537446052297538
dixon_bivar_expected_awmae,5,0.0,0.1,0.0,0.0,-0.15,2.9587402355497363,1.0025069814673775,0.11506727595836506,0.5691799949225692,0.23629093678598628
dixon_bivar_expected_awmae,5,0.0,0.06,0.0,0.0,-0.15,2.9587430660951073,1.0038715410002539,0.11449606499111449,0.5702589489718203,0.2357831937039858
dixon_bivar_expected_awmae,4,0.0,0.06,0.5,0.0,0.15,2.958759249632492,1.0188816958618938,0.10903782685960904,0.5973597359735974,0.22055090124397056
dixon_bivar_expected_awmae,4,0.5,0.03,0.5,0.5,-0.05,2.958760581167609,1.0166285859355166,0.11938309215536938,0.5896801218583397,0.2272784970804773
dixon_bivar_expected_awmae,4,0.0,0.06,0.5,0.25,0.1,2.95876236031441,1.0174536684437674,0.11805026656511805,0.5945671490225946,0.22512058898197512
dixon_bivar_expected_awmae,4,1.0,0.06,0.0,0.5,0.0,2.9588040626395555,1.018183549124143,0.12496826605737497,0.5806042142675806,0.24485910129474486
dixon_bivar_expected_awmae,5,0.0,0.15,0.5,0.25,-0.1,2.95881739587806,1.00996445798426,0.11817720233561818,0.5866336633663366,0.22696115765422697
dixon_bivar_expected_awmae,5,0.75,0.06,0.5,0.0,-0.15,2.958842369323964,1.011900228484387,0.10878395531860878,0.5957730388423458,0.21851992891596853
dixon_bivar_expected_awmae,4,0.25,0.1,0.5,0.5,0.15,2.9588443777423934,1.0214521452145215,0.12027164254887027,0.5949479563340949,0.22581873571972583
dixon_bivar_expected_awmae,5,0.75,0.1,0.5,0.0,-0.15,2.9588687898526804,1.010979944148261,0.10897435897435898,0.5949479563340949,0.21896420411271897
dixon_bivar_expected_awmae,5,0.25,0.03,0.0,0.5,0.15,2.9588692177058227,1.0200875856816451,0.1223026148768723,0.5816197004315816,0.24403401878649403
dixon_bivar_expected_awmae,4,0.25,0.15,0.5,0.0,-0.05,2.958919628585109,1.013994668697639,0.11094186341711094,0.5928535161208428,0.2228992129982229
dixon_bivar_expected_awmae,4,0.75,0.15,0.0,0.5,0.1,2.958928199153915,1.0198654480832698,0.12344503681137345,0.5818101040873318,0.24435135821274434
dixon_bivar_expected_awmae,4,0.0,0.0,0.5,0.25,0.1,2.958929187597133,1.0185643564356435,0.11747905559786748,0.5955191673013455,0.2230896166539731
dixon_bivar_expected_awmae,5,0.0,0.1,0.5,0.25,0.0,2.9589357010928645,1.0123445036811374,0.11754252348311754,0.5902513328255903,0.22423203858847424
dixon_bivar_expected_awmae,4,1.0,0.03,0.0,0.5,0.0,2.958952597886908,1.0195798425996445,0.12427011931962427,0.5814292967758314,0.24504950495049505
dixon_bivar_expected_awmae,4,0.25,0.1,0.5,0.0,-0.05,2.958984407239825,1.0149149530337649,0.11075145976136075,0.593932470170094,0.2225818735719726
dixon_bivar_expected_awmae,5,0.5,0.06,0.5,0.0,-0.15,2.959004609208471,1.0122810357958874,0.10891089108910891,0.5950748921045951,0.22055090124397056
dixon_bivar_expected_awmae,4,0.25,0.0,0.5,0.5,-0.1,2.9590569696569426,1.0156130997715156,0.1205889819751206,0.5872683422188373,0.22823051535922823
dixon_bivar_expected_awmae,5,1.0,0.1,0.5,0.0,0.0,2.9590833272675288,1.0135186595582635,0.10554709317085555,0.5977405432850977,0.2152195988829652
dixon_bivar_expected_awmae,5,0.5,0.15,0.5,0.0,0.05,2.959100340115959,1.0139629347550139,0.10637217567910637,0.5966615892358467,0.21794871794871795
dixon_bivar_expected_awmae,5,1.0,0.15,0.5,0.0,0.05,2.9591078676071034,1.0132647880172632,0.10548362528560548,0.5976136075145976,0.21464838791571464
dixon_bivar_expected_awmae,4,1.0,0.1,0.5,0.5,0.05,2.959123856350953,1.018056613353643,0.1183041381061183,0.5932343234323433,0.22467631378522468
dixon_bivar_expected_awmae,4,0.25,0.06,0.5,0.5,0.1,2.959180672218489,1.0205001269357705,0.1202081746636202,0.5935516628585935,0.2261995430312262
dixon_bivar_expected_awmae,5,0.25,0.03,0.0,0.25,-0.15,2.9591928071677365,1.0081238893120081,0.11912922061436913,0.5691165270373191,0.2418126428027418
dixon_bivar_expected_awmae,5,0.75,0.1,0.5,0.0,-0.1,2.959241595587557,1.0113924854023864,0.10833968012185834,0.5955191673013455,0.2176948464077177
dixon_bivar_expected_awmae,5,0.75,0.1,0.5,0.0,0.05,2.9592474667481703,1.0138042650418888,0.10599136836760599,0.5972328002030972,0.2161081492764661
dixon_bivar_expected_awmae,4,0.0,0.06,0.5,0.0,0.0,2.959249239438035,1.0155813658288906,0.11195734958111196,0.5944402132520944,0.22397816704747397
dixon_bivar_expected_awmae,4,1.0,0.0,0.0,0.5,0.0,2.9592600299138847,1.0208809342472709,0.12350850469662351,0.5825082508250825,0.2458111195734958
dixon_bivar_expected_awmae,5,1.0,0.1,0.5,0.0,-0.15,2.9592793123983805,1.010821274435136,0.10808580858085809,0.5952018278750952,0.21674282812896675
dixon_bivar_expected_awmae,5,0.75,0.0,0.5,0.0,0.1,2.959294281489441,1.0161525767961412,0.10580096471185581,0.6002157908098502,0.21661589235846662
dixon_bivar_expected_awmae,5,0.0,0.0,0.5,0.5,-0.15,2.959304293772281,1.0127570449352628,0.12147753236862148,0.5854277735465854,0.22994414826097995
dixon_bivar_expected_awmae,4,0.5,0.1,0.0,0.25,-0.1,2.959322872010174,1.0125666412795125,0.12065244986037066,0.5724803249555724,0.24276466108149278
dixon_bivar_expected_awmae,5,0.0,0.03,0.5,0.25,0.05,2.9593435317978853,1.0148514851485149,0.11716171617161716,0.5934881949733435,0.22296268088347296
dixon_bivar_expected_awmae,4,0.25,0.15,0.0,0.0,-0.1,2.9593513475912596,1.0055851739020056,0.11576542269611577,0.5693703985783194,0.23654480832698654
dixon_bivar_expected_awmae,5,0.0,0.1,0.5,0.25,-0.05,2.959360298216396,1.0112972835745113,0.11805026656511805,0.5887915714648387,0.22562833206397562
dixon_bivar_expected_awmae,5,0.0,0.03,0.5,0.5,-0.15,2.9593731317382392,1.0122493018532623,0.12223914699162224,0.5848565625793348,0.23083269865448083
dixon_bivar_expected_awmae,5,1.0,0.1,0.5,0.0,-0.05,2.9594493894074567,1.0122810357958874,0.1064991114496065,0.5965346534653465,0.2152195988829652
dixon_bivar_expected_awmae,4,0.0,0.03,0.5,0.25,-0.1,2.9594579234528133,1.0141216044681391,0.11843107387661843,0.5887915714648387,0.22702462553947703
dixon_bivar_expected_awmae,5,0.5,0.06,0.5,0.0,-0.05,2.959476388309917,1.0141850723533892,0.1071972581873572,0.5967250571210967,0.21902767199796902
dixon_bivar_expected_awmae,5,1.0,0.06,0.5,0.0,-0.05,2.959480646866467,1.013074384361513,0.10656257933485656,0.5974866717440975,0.2157908098502158
dixon_bivar_expected_awmae,4,0.0,0.15,0.5,0.0,-0.15,2.959538550022954,1.0103135313531353,0.1136075145976136,0.5871414064483371,0.22581873571972583
dixon_bivar_expected_awmae,5,0.25,0.1,0.5,0.5,0.05,2.95954564037286,1.0161525767961412,0.12052551408987053,0.58999746128459,0.22645341457222645
dixon_bivar_expected_awmae,5,0.0,0.03,0.5,0.25,-0.05,2.9595654714460387,1.012979182533638,0.11754252348311754,0.5905052043665905,0.22493018532622494
dixon_bivar_expected_awmae,4,0.75,0.06,0.0,0.5,0.15,2.959580255932712,1.0244034018786494,0.12096978928662097,0.5856181772023357,0.24225691799949226
dixon_bivar_expected_awmae,4,0.25,0.15,0.0,0.0,-0.15,2.959583639042398,1.0044110180248793,0.1170982482863671,0.5682279766438182,0.23863924854023863
dixon_bivar_expected_awmae,4,0.0,0.15,0.5,0.25,0.15,2.9595999508095185,1.0168189895912667,0.11805026656511805,0.5938690022848438,0.22416857070322416
dixon_bivar_expected_awmae,4,0.0,0.0,0.5,0.0,0.0,2.959620966599638,1.0167237877633917,0.11208428535161208,0.5955191673013455,0.2230896166539731
dixon_bivar_expected_awmae,4,0.0,0.03,0.5,0.0,0.05,2.9596520922454705,1.0172315308453923,0.11132267072861132,0.5958365067275958,0.22213759837522215
dixon_bivar_expected_awmae,4,0.0,0.0,0.5,0.0,0.1,2.9596641779061623,1.0186912922061437,0.11005331302361006,0.597042396547347,0.2206778370144707
dixon_bivar_expected_awmae,5,0.5,0.03,0.5,0.0,-0.1,2.9596759446859093,1.0136773292713888,0.10770500126935771,0.5962807819243463,0.21928154353896928
dixon_bivar_expected_awmae,5,0.0,0.06,0.5,0.5,0.15,2.9596765990288585,1.0194846407717695,0.12122366082762122,0.5936785986290937,0.22575526783447575
dixon_bivar_expected_awmae,4,0.75,0.1,0.0,0.5,0.1,2.9596771168958838,1.0208492003046459,0.12388931200812389,0.5831429296775832,0.24473216552424473
dixon_bivar_expected_awmae,5,0.5,0.0,0.5,0.0,-0.1,2.9596989053060665,1.0144389438943895,0.10757806549885758,0.596978928662097,0.2194084793094694
dixon_bivar_expected_awmae,4,0.0,0.1,0.5,0.0,0.0,2.9597026919847207,1.0152322924600152,0.1118938816958619,0.594059405940594,0.22423203858847424
dixon_bivar_expected_awmae,4,0.75,0.1,0.5,0.5,-0.1,2.9597089193117783,1.0143120081238892,0.11989083523736989,0.5877126174155877,0.2268976897689769
dixon_bivar_expected_awmae,5,0.5,0.1,0.5,0.0,0.0,2.9597373314713296,1.0141216044681391,0.1064991114496065,0.5962807819243463,0.218012185833968
dixon_bivar_expected_awmae,4,0.5,0.15,0.0,0.5,0.15,2.9597579449896565,1.0212617415587713,0.12331810104087332,0.5818101040873318,0.2439070830159939
dixon_bivar_expected_awmae,4,0.75,0.06,0.0,0.5,0.1,2.9597616860669507,1.0217060167555216,0.12331810104087332,0.5840949479563341,0.24441482609799442
dixon_bivar_expected_awmae,5,0.0,0.0,0.5,0.25,-0.05,2.9597722037762457,1.0138994668697638,0.1172886519421173,0.5911398832190912,0.22473978167047473
dixon_bivar_expected_awmae,5,0.0,0.03,0.5,0.5,0.15,2.9597851004329043,1.0203097232800202,0.12027164254887027,0.5943132774815943,0.22537446052297538
dixon_bivar_expected_awmae,4,1.0,0.03,0.0,0.5,-0.05,2.9598171016480395,1.017929677583143,0.12477786240162478,0.5785097740543285,0.24492256917999491
dixon_bivar_expected_awmae,4,0.5,0.15,0.5,0.5,0.0,2.959824091247266,1.0157717694846409,0.12154100025387155,0.5896801218583397,0.2275958365067276
dixon_bivar_expected_awmae,5,0.75,0.06,0.0,0.5,-0.1,2.959828430607426,1.0118367605991367,0.1242066514343742,0.5713379030210713,0.24473216552424473
dixon_bivar_expected_awmae,5,0.25,0.15,0.5,0.5,0.05,2.9598538607195715,1.0154544300583905,0.12128712871287128,0.5892993145468393,0.22734196496572734
dixon_bivar_expected_awmae,4,0.25,0.15,0.5,0.0,-0.1,2.959867770460757,1.0131378522467631,0.11138613861386139,0.5912033511043412,0.2227088093424727
dixon_bivar_expected_awmae,5,0.0,0.0,0.5,0.5,-0.1,2.9598776919121446,1.0135503935008885,0.12128712871287128,0.585998984513836,0.22861132267072862
dixon_bivar_expected_awmae,4,0.25,0.1,0.5,0.5,-0.1,2.9599028814444006,1.0145024117796395,0.12173140390962173,0.5859355166285859,0.22962680883472963
dixon_bivar_expected_awmae,5,0.25,0.06,0.5,0.0,0.0,2.959921165385377,1.0146928154353896,0.10757806549885758,0.5973597359735974,0.2190911398832191
dixon_bivar_expected_awmae,5,0.25,0.0,0.0,0.5,0.15,2.9599335787955368,1.020976136075146,0.12128712871287128,0.5812388931200813,0.24346280781924345
dixon_bivar_expected_awmae,5,0.75,0.15,0.5,0.0,0.05,2.9599345362989387,1.013010916476263,0.10580096471185581,0.5962807819243463,0.21591774562071592
dixon_bivar_expected_awmae,4,0.25,0.06,0.5,0.5,-0.15,2.959953800133601,1.0135821274435135,0.12179487179487179,0.5851104341203351,0.23000761614623
dixon_bivar_expected_awmae,5,0.75,0.0,0.0,0.5,-0.1,2.9599589646798674,1.0131695861893881,0.12433358720487434,0.5724168570703224,0.24492256917999491
dixon_bivar_expected_awmae,4,0.0,0.06,0.5,0.0,-0.15,2.960005845200557,1.0123127697385124,0.11348057882711349,0.5891089108910891,0.22505712109672504
dixon_bivar_expected_awmae,5,0.25,0.15,0.5,0.5,0.1,2.9600080074782085,1.016882457476517,0.12065244986037066,0.590949479563341,0.2261995430312262
dixon_bivar_expected_awmae,5,0.75,0.03,0.0,0.5,-0.1,2.9600160830745827,1.012090632140137,0.12446052297537447,0.5717821782178217,0.24523990860624523
dixon_bivar_expected_awmae,5,0.75,0.15,0.5,0.0,0.15,2.960039533676694,1.0146610814927646,0.1051028179741051,0.5983752221375984,0.2156004061944656
dixon_bivar_expected_awmae,4,0.0,0.0,0.0,0.25,0.15,2.960052086029706,1.0196433104848945,0.1177963950241178,0.583015993907083,0.24244732165524244
dixon_bivar_expected_awmae,4,0.25,0.03,0.5,0.5,0.1,2.9600952559435156,1.0214838791571466,0.11982736735211982,0.5943132774815943,0.22594567149022596
dixon_bivar_expected_awmae,4,0.0,0.1,0.5,0.0,-0.1,2.96010488854878,1.012027164254887,0.11373445036811373,0.5898070576288398,0.22493018532622494
dixon_bivar_expected_awmae,4,0.25,0.1,0.5,0.0,-0.15,2.9601109684166165,1.0129157146483878,0.11195734958111196,0.5908225437928408,0.22296268088347296
dixon_bivar_expected_awmae,5,0.0,0.03,0.5,0.5,-0.1,2.960118168051812,1.0135503935008885,0.12204874333587205,0.585998984513836,0.22969027671997969
dixon_bivar_expected_awmae,4,0.0,0.15,0.5,0.0,0.0,2.9601331379294797,1.0136773292713888,0.11195734958111196,0.5922188372683422,0.2237242955064737
dixon_bivar_expected_awmae,4,0.5,0.15,0.5,0.5,-0.05,2.9601533717250152,1.0143437420665145,0.12154100025387155,0.5874587458745875,0.2279131759329779
dixon_bivar_expected_awmae,5,0.0,0.15,0.5,0.25,0.05,2.9601554232309275,1.013042650418888,0.1170982482863671,0.5906956080223407,0.2237242955064737
dixon_bivar_expected_awmae,4,0.0,0.06,0.5,0.0,0.05,2.9601759731502324,1.0165333841076416,0.11144960649911145,0.5952652957603453,0.22251840568672251
dixon_bivar_expected_awmae,4,0.25,0.1,0.0,0.25,0.05,2.9601796343950384,1.0155813658288906,0.1177963950241178,0.5756537192180756,0.24130489972074132
dixon_bivar_expected_awmae,4,0.5,0.03,0.0,0.25,-0.15,2.9601890742290533,1.013042650418888,0.11995430312261995,0.572036049758822,0.24289159685199288
dixon_bivar_expected_awmae,5,1.0,0.03,0.5,0.0,-0.05,2.9601925800753603,1.0136455953287637,0.10611830413810612,0.5973597359735974,0.21547347042396547
dixon_bivar_expected_awmae,4,0.5,0.15,0.0,0.5,0.1,2.9602027784768707,1.0184691546077684,0.12465092663112465,0.5787001777100786,0.2442878903274943
dixon_bivar_expected_awmae,5,0.0,0.06,0.0,0.25,0.05,2.9602063566961014,1.0112972835745113,0.11855800964711856,0.5745112972835745,0.2404163493272404
dixon_bivar_expected_awmae,5,0.5,0.1,0.5,0.0,0.1,2.9602081349856117,1.0151053566895152,0.10605483625285606,0.5975501396293476,0.2164254887027164
dixon_bivar_expected_awmae,5,0.5,0.0,0.5,0.0,-0.15,2.960221847833314,1.0131695861893881,0.10853008377760853,0.5956461030718456,0.21953541507996954
dixon_bivar_expected_awmae,4,0.0,0.1,0.5,0.25,-0.15,2.96023059624316,1.012154100025387,0.119002284843869,0.5865067275958366,0.22867479055597867
dixon_bivar_expected_awmae,5,0.25,0.1,0.5,0.0,0.0,2.960275435148008,1.0137725310992638,0.10751459761360752,0.595963442498096,0.21902767199796902
dixon_bivar_expected_awmae,4,0.25,0.0,0.5,0.5,0.1,2.960283023112483,1.0225310992637726,0.11874841330286875,0.595011424219345,0.2253109926377253
dixon_bivar_expected_awmae,4,0.25,0.0,0.5,0.0,-0.1,2.96028408159481,1.015962173140391,0.11037065244986037,0.5941228738258442,0.2218837268342219
dixon_bivar_expected_awmae,5,0.25,0.1,0.5,0.0,0.1,2.9603237840703556,1.0154544300583905,0.10548362528560548,0.597105864432597,0.21699669966996699
dixon_bivar_expected_awmae,4,0.25,0.06,0.5,0.5,0.15,2.96032752635516,1.022943640517898,0.11855800964711856,0.5948210205635949,0.2248032495557248
dixon_bivar_expected_awmae,4,0.0,0.03,0.5,0.0,0.1,2.960335725372149,1.0188182279766438,0.11037065244986037,0.5973597359735974,0.22156638740797158
dixon_bivar_expected_awmae,5,0.75,0.06,0.5,0.0,-0.1,2.9603541460195193,1.0124079715663874,0.10751459761360752,0.5956461030718456,0.21706016755521707
dixon_bivar_expected_awmae,4,0.25,0.06,0.5,0.5,-0.1,2.960367786043792,1.0146293475501396,0.12154100025387155,0.586062452399086,0.22937293729372937
dixon_bivar_expected_awmae,5,0.25,0.1,0.0,0.5,0.15,2.9604269606448512,1.0187864940340188,0.12319116527037319,0.5802234069560802,0.24454176186849455
dixon_bivar_expected_awmae,5,1.0,0.15,0.5,0.0,-0.1,2.960431685014919,1.011043412033511,0.10726072607260725,0.5948210205635949,0.21591774562071592
dixon_bivar_expected_awmae,5,0.5,0.06,0.5,0.0,0.15,2.9604460139972946,1.0166920538207667,0.10580096471185581,0.5995811119573495,0.2168062960142168
dixon_bivar_expected_awmae,4,0.75,0.1,0.0,0.5,0.0,2.9604472210818407,1.017136329017517,0.12458745874587458,0.5766692053820767,0.24441482609799442
dixon_bivar_expected_awmae,4,0.75,0.1,0.0,0.25,-0.15,2.960474141262521,1.011868494541762,0.12046204620462046,0.5726072607260726,0.24174917491749176
dixon_bivar_expected_awmae,4,0.25,0.03,0.5,0.5,-0.1,2.960483418914242,1.0154226961157655,0.12141406448337141,0.5868875349073369,0.2294998730642295
dixon_bivar_expected_awmae,5,0.0,0.15,0.5,0.25,0.1,2.9604946033379242,1.0142168062960142,0.11652703731911652,0.5922188372683422,0.22302614876872304
dixon_bivar_expected_awmae,5,0.5,0.1,0.5,0.0,0.15,2.9605105872375796,1.015962173140391,0.10554709317085555,0.5985021579080985,0.21655242447321654
dixon_bivar_expected_awmae,5,0.75,0.1,0.5,0.0,0.1,2.9605604117889164,1.0145024117796395,0.10548362528560548,0.5981213505965981,0.21566387407971566
dixon_bivar_expected_awmae,5,0.25,0.1,0.5,0.0,-0.05,2.9605637227864556,1.013042650418888,0.10827621223660827,0.595011424219345,0.22010662604722012
dixon_bivar_expected_awmae,5,0.5,0.03,0.5,0.0,0.15,2.960582958191285,1.016945925361767,0.10592790048235592,0.6002157908098502,0.21636202081746636
dixon_bivar_expected_awmae,4,0.5,0.06,0.0,0.5,0.1,2.960583933631352,1.0215473470423966,0.12338156892612338,0.5813658288905814,0.24403401878649403
dixon_bivar_expected_awmae,5,1.0,0.0,0.5,0.0,-0.1,2.960605150300157,1.0138359989845138,0.10643564356435643,0.5974866717440975,0.21617161716171618
dixon_bivar_expected_awmae,5,0.25,0.15,0.5,0.0,0.05,2.9606171892233677,1.0137725310992638,0.10732419395785732,0.5960903782685961,0.21934501142421933
dixon_bivar_expected_awmae,5,0.25,0.0,0.5,0.0,-0.05,2.9606451462463492,1.0153592282305153,0.10802234069560802,0.5976136075145976,0.21953541507996954
dixon_bivar_expected_awmae,4,0.25,0.1,0.0,0.0,-0.15,2.960672587236933,1.0062198527545063,0.11646356943386646,0.569053059152069,0.23781416603198782
dixon_bivar_expected_awmae,5,0.0,0.03,0.5,0.5,0.05,2.9607029021427973,1.0178027418126427,0.12084285351612084,0.5907590759075908,0.22702462553947703
dixon_bivar_expected_awmae,4,0.75,0.15,0.0,0.5,0.0,2.960724228693853,1.0156448337141406,0.12515866971312517,0.5752729119065753,0.2439070830159939
dixon_bivar_expected_awmae,4,0.0,0.1,0.5,0.0,0.05,2.9607448798046074,1.0157400355420156,0.11132267072861132,0.5941228738258442,0.2228992129982229
dixon_bivar_expected_awmae,5,0.25,0.1,0.5,0.0,0.15,2.9607550476296036,1.0164381822797663,0.10478547854785479,0.5973597359735974,0.21655242447321654
dixon_bivar_expected_awmae,5,0.75,0.15,0.5,0.0,0.0,2.9607741390997426,1.0125031733942624,0.10643564356435643,0.5955191673013455,0.21604468139121605
dixon_bivar_expected_awmae,5,0.5,0.0,0.5,0.0,0.15,2.960776574035817,1.0177710078700177,0.10548362528560548,0.6007870017771008,0.2162985529322163
dixon_bivar_expected_awmae,5,0.25,0.06,0.5,0.0,-0.05,2.9607777314042876,1.0133282559025134,0.1084031480071084,0.5957730388423458,0.21915460776846915
dixon_bivar_expected_awmae,4,1.0,0.0,0.0,0.5,-0.15,2.960794858974622,1.015930439197766,0.12465092663112465,0.5737496826605738,0.24568418380299567
dixon_bivar_expected_awmae,4,0.25,0.06,0.5,0.5,-0.05,2.9608213391195806,1.0161843107387662,0.1210967250571211,0.5875222137598375,0.22797664381822796
dixon_bivar_expected_awmae,5,0.75,0.1,0.5,0.0,-0.05,2.96086013059775,1.0127570449352628,0.10656257933485656,0.5957730388423458,0.21636202081746636
dixon_bivar_expected_awmae,4,0.25,0.15,0.5,0.5,0.15,2.9608710422262448,1.0204683929931455,0.12052551408987053,0.5931708555470931,0.22550139629347551
dixon_bivar_expected_awmae,5,0.0,0.06,0.5,0.25,0.0,2.9608793938688023,1.0142485402386392,0.11703478040111703,0.5914572226453415,0.22442244224422442
dixon_bivar_expected_awmae,5,1.0,0.06,0.5,0.0,0.0,2.960882124517324,1.0143754760091395,0.10580096471185581,0.5982482863670983,0.21566387407971566
dixon_bivar_expected_awmae,5,0.5,0.03,0.5,0.0,-0.15,2.9608839192707213,1.0127887788778878,0.10884742320385885,0.5953287636455953,0.2199162223914699
dixon_bivar_expected_awmae,4,0.75,0.15,0.0,0.25,-0.15,2.9608856480636963,1.0103769992383853,0.12096978928662097,0.570957095709571,0.24047981721249048
dixon_bivar_expected_awmae,5,0.0,0.0,0.5,0.5,0.15,2.960913555458402,1.020944402132521,0.11989083523736989,0.5945036811373445,0.2248032495557248
dixon_bivar_expected_awmae,5,0.0,0.15,0.0,0.0,-0.15,2.9609175690350704,1.001174155877126,0.115003808073115,0.5671490225945671,0.23584666158923584
dixon_bivar_expected_awmae,4,0.25,0.1,0.5,0.0,-0.1,2.9609539272768646,1.0143754760091395,0.11132267072861132,0.5922823051535923,0.22296268088347296
dixon_bivar_expected_awmae,5,0.0,0.06,0.5,0.5,-0.15,2.96095939014811,1.0124079715663874,0.12242955064737243,0.5844757552678345,0.23178471693323177
dixon_bivar_expected_awmae,5,0.0,0.1,0.0,0.25,0.05,2.960961772143799,1.0104722010662606,0.1191926884996192,0.5731784716933231,0.24067022086824066
dixon_bivar_expected_awmae,4,0.0,0.15,0.0,0.0,0.0,2.9609621570835034,1.0067910637217568,0.11620969789286621,0.5703224168570703,0.23743335872048743
dixon_bivar_expected_awmae,4,0.0,0.03,0.5,0.0,0.0,2.960991426136759,1.0164064483371413,0.1118938816958619,0.5947575526783447,0.22315308453922314
dixon_bivar_expected_awmae,5,0.0,0.15,0.5,0.25,0.0,2.961005978685747,1.0117098248286367,0.11747905559786748,0.5886011678090886,0.22435897435897437
dixon_bivar_expected_awmae,4,0.25,0.1,0.5,0.5,-0.05,2.961017154643829,1.0154861640010155,0.12185833968012186,0.5871414064483371,0.22905559786747906
dixon_bivar_expected_awmae,5,0.0,0.03,0.5,0.5,0.1,2.9610610794853036,1.0184691546077684,0.12103325717187104,0.5921553693830921,0.2261995430312262
dixon_bivar_expected_awmae,5,0.0,0.03,0.5,0.25,-0.1,2.96106601619796,1.0123127697385124,0.11760599136836761,0.5886646356943387,0.2256917999492257
dixon_bivar_expected_awmae,4,0.25,0.0,0.5,0.5,-0.05,2.9610721350312086,1.0176440720995177,0.12008123889312008,0.5894262503173394,0.22797664381822796
dixon_bivar_expected_awmae,4,0.25,0.03,0.0,0.25,0.0,2.9610918904784866,1.0164699162223916,0.11754252348311754,0.5756537192180756,0.24193957857324194
dixon_bivar_expected_awmae,5,0.0,0.1,0.5,0.5,0.15,2.9611092960603242,1.0188816958618938,0.12135059659812135,0.5925996445798426,0.22607260726072606
dixon_bivar_expected_awmae,4,0.5,0.06,0.0,0.5,0.05,2.961110001404045,1.0197702462553948,0.12452399086062452,0.5786367098248286,0.24562071591774562
dixon_bivar_expected_awmae,4,0.75,0.06,0.0,0.5,0.0,2.961117630201145,1.0182152830667681,0.12477786240162478,0.5782559025133283,0.24523990860624523
dixon_bivar_expected_awmae,5,0.5,0.03,0.5,0.0,-0.05,2.9611235900995445,1.0147880172632648,0.10656257933485656,0.5966615892358467,0.21826605737496826
dixon_bivar_expected_awmae,5,0.0,0.0,0.5,0.5,0.05,2.9611238448520827,1.0177392739273927,0.12033511043412033,0.5906321401370906,0.2261995430312262
dixon_bivar_expected_awmae,5,1.0,0.0,0.5,0.0,-0.05,2.96115762260016,1.0142802741812642,0.10611830413810612,0.5980578827113481,0.21566387407971566
dixon_bivar_expected_awmae,5,0.0,0.06,0.5,0.5,-0.05,2.9612216813651506,1.0147245493780148,0.12192180756537192,0.5868240670220868,0.22924600152322924
dixon_bivar_expected_awmae,5,1.0,0.15,0.5,0.0,0.15,2.9612256015863045,1.0154544300583905,0.10396039603960396,0.5997715156130998,0.2145214521452145
dixon_bivar_expected_awmae,5,0.5,0.06,0.0,0.5,0.0,2.961230573799476,1.014978420919015,0.12312769738512312,0.5729246001523229,0.24371667936024372
dixon_bivar_expected_awmae,5,0.75,0.03,0.5,0.0,0.1,2.9612388722411285,1.0157400355420156,0.10580096471185581,0.5993907083015994,0.2161081492764661
dixon_bivar_expected_awmae,5,0.0,0.06,0.5,0.5,-0.1,2.9612550006219513,1.0134234577303884,0.12223914699162224,0.5856181772023357,0.23013455191673013
dixon_bivar_expected_awmae,4,0.0,0.06,0.5,0.25,-0.1,2.9612964080140727,1.0141216044681391,0.11836760599136836,0.5881568926123382,0.22740543285097742
dixon_bivar_expected_awmae,4,0.75,0.0,0.0,0.5,0.1,2.9613570251059267,1.0246255394770247,0.12141406448337141,0.5853643056613353,0.24416095455699416
dixon_bivar_expected_awmae,5,0.25,0.1,0.5,0.0,0.05,2.9614030103883606,1.0153909621731403,0.10687991876110688,0.5975501396293476,0.21915460776846915
dixon_bivar_expected_awmae,5,0.75,0.03,0.5,0.0,-0.15,2.9614243425229523,1.0126935770500127,0.1082127443513582,0.5955191673013455,0.21763137852246764
dixon_bivar_expected_awmae,5,0.0,0.06,0.5,0.5,0.05,2.961460327535035,1.017072861132267,0.1209063214013709,0.5893627824320894,0.22645341457222645
dixon_bivar_expected_awmae,4,0.0,0.0,0.5,0.25,0.05,2.9614637177180847,1.0178662096978928,0.11773292713886774,0.5938690022848438,0.2242955064737243
dixon_bivar_expected_awmae,4,0.25,0.0,0.5,0.5,0.0,2.9614860020615486,1.0191038334602691,0.11957349581111958,0.5906956080223407,0.22696115765422697
dixon_bivar_expected_awmae,5,0.25,0.06,0.5,0.0,0.1,2.96152968565703,1.0161525767961412,0.1052932216298553,0.5972328002030972,0.21661589235846662
dixon_bivar_expected_awmae,5,0.5,0.03,0.0,0.5,0.0,2.9616065196262706,1.0156130997715156,0.12319116527037319,0.5737496826605738,0.24397055090124398
dixon_bivar_expected_awmae,4,0.25,0.0,0.0,0.25,0.0,2.961631485711465,1.0165333841076416,0.11773292713886774,0.5761614623000761,0.2421934501142422
dixon_bivar_expected_awmae,4,0.25,0.03,0.5,0.5,0.05,2.9616365145972683,1.0198019801980198,0.1197004315816197,0.5918380299568419,0.22613607514597614
dixon_bivar_expected_awmae,5,0.0,0.1,0.5,0.25,0.05,2.9616513496791543,1.0142802741812642,0.11716171617161716,0.5917745620715917,0.2241051028179741
dixon_bivar_expected_awmae,4,0.25,0.1,0.5,0.5,-0.15,2.9616939334908476,1.0138042650418888,0.1223026148768723,0.5846026910383346,0.23102310231023102
dixon_bivar_expected_awmae,4,0.75,0.0,0.0,0.5,0.0,2.961698047340926,1.0202779893373952,0.12382584412287383,0.5804138106118304,0.24555724803249557
dixon_bivar_expected_awmae,4,0.0,0.1,0.5,0.25,-0.05,2.9617169296513306,1.0144389438943895,0.1183041381061183,0.5884107641533384,0.22683422188372684
dixon_bivar_expected_awmae,5,0.75,0.0,0.5,0.0,0.15,2.961758893204121,1.0171997969027673,0.10478547854785479,0.6004696623508504,0.2156004061944656
dixon_bivar_expected_awmae,4,0.25,0.03,0.5,0.5,-0.05,2.9617697099695754,1.016977659304392,0.12065244986037066,0.5882203604975882,0.22778624016247778
dixon_bivar_expected_awmae,4,0.0,0.15,0.5,0.0,-0.1,2.961778919617013,1.0111703478040113,0.1137979182533638,0.5878395531860878,0.224993653211475
dixon_bivar_expected_awmae,4,0.5,0.03,0.0,0.5,0.05,2.9617809165165485,1.0205635948210205,0.12395277989337396,0.5794617923330795,0.24504950495049505
dixon_bivar_expected_awmae,4,1.0,0.0,0.0,0.5,-0.05,2.9617848335730876,1.0191038334602691,0.1243970550901244,0.5791444529068291,0.24517644072099518
dixon_bivar_expected_awmae,4,0.75,0.06,0.0,0.5,0.05,2.9617858266380206,1.0202462553947702,0.12331810104087332,0.5808580858085809,0.24447829398324447
dixon_bivar_expected_awmae,5,0.5,0.1,0.0,0.5,0.0,2.961785982574353,1.0137407971566388,0.12452399086062452,0.5721629855293222,0.24511297283574512
dixon_bivar_expected_awmae,5,0.0,0.06,0.5,0.25,-0.05,2.961790863555826,1.012090632140137,0.11716171617161716,0.5886646356943387,0.22404163493272405
dixon_bivar_expected_awmae,4,0.0,0.15,0.5,0.0,-0.05,2.961793712482245,1.0126618431073877,0.11316323940086316,0.5901243970550901,0.22454937801472455
dixon_bivar_expected_awmae,4,1.0,0.03,0.0,0.5,-0.15,2.9617949717333993,1.0155813658288906,0.12490479817212491,0.5729246001523229,0.24543031226199544
dixon_bivar_expected_awmae,4,0.75,0.03,0.0,0.5,0.1,2.96181151058001,1.0233879157146484,0.1224930185326225,0.5847930946940848,0.24435135821274434
dixon_bivar_expected_awmae,5,0.25,0.03,0.5,0.0,0.0,2.9618289519472007,1.016025641025641,0.10681645087585681,0.5975501396293476,0.2183929931454684
dixon_bivar_expected_awmae,4,0.25,0.03,0.5,0.0,-0.1,2.961840495761743,1.0158035034272659,0.1104975882203605,0.5938055343995938,0.22232800203097233
dixon_bivar_expected_awmae,5,0.0,0.06,0.0,0.25,0.0,2.9618541521727875,1.0105674028941356,0.11874841330286875,0.5715917745620716,0.24047981721249048
dixon_bivar_expected_awmae,5,0.0,0.1,0.5,0.5,0.1,2.9618676337204755,1.018183549124143,0.12103325717187104,0.5908860116780909,0.22702462553947703
dixon_bivar_expected_awmae,5,0.25,0.03,0.5,0.0,-0.05,2.9618688474963424,1.0144072099517645,0.10814927646610815,0.5963442498095963,0.21915460776846915
dixon_bivar_expected_awmae,4,0.5,0.1,0.0,0.5,0.15,2.9619203368642877,1.0224041634932723,0.12293729372937294,0.5825717187103325,0.24320893627824322
dixon_bivar_expected_awmae,4,0.25,0.0,0.5,0.0,-0.15,2.9619207511383774,1.0155813658288906,0.11125920284336126,0.5932343234323433,0.22302614876872304
dixon_bivar_expected_awmae,5,1.0,0.03,0.5,0.0,-0.15,2.9619309109725322,1.0126618431073877,0.1071972581873572,0.5956461030718456,0.2162985529322163
dixon_bivar_expected_awmae,5,0.0,0.03,0.5,0.25,0.0,2.9619334666332837,1.0148197512058899,0.11684437674536684,0.5914572226453415,0.2241051028179741
dixon_bivar_expected_awmae,5,0.75,0.06,0.5,0.0,0.0,2.961937432953539,1.0146293475501396,0.10637217567910637,0.5972328002030972,0.21623508504696623
dixon_bivar_expected_awmae,4,0.0,0.0,0.0,0.0,-0.05,2.9619505826248633,1.011995430312262,0.1136075145976136,0.574067022086824,0.2373064229499873
dixon_bivar_expected_awmae,5,0.75,0.0,0.5,0.0,-0.15,2.9619973940084723,1.0134551916730135,0.10770500126935771,0.5960903782685961,0.21756791063721756
dixon_bivar_expected_awmae,5,0.0,0.06,0.5,0.5,0.1,2.9619995321346213,1.0187230261487688,0.12065244986037066,0.5915206905305915,0.2261995430312262
dixon_bivar_expected_awmae,5,0.25,0.15,0.0,0.25,-0.1,2.9620190146477725,1.006917999492257,0.11963696369636964,0.5676567656765676,0.24155877126174155
dixon_bivar_expected_awmae,4,0.0,0.06,0.5,0.25,0.0,2.962028755001625,1.015898705255141,0.11805026656511805,0.5905686722518406,0.22550139629347551
dixon_bivar_expected_awmae,4,0.75,0.03,0.0,0.5,0.0,2.96203679913342,1.019040365575019,0.1242066514343742,0.579017517136329,0.24479563340949478
dixon_bivar_expected_awmae,5,0.75,0.03,0.5,0.0,-0.1,2.9620470880835192,1.0133599898451384,0.10681645087585681,0.5955826351865956,0.2164254887027164
dixon_bivar_expected_awmae,5,0.75,0.03,0.5,0.0,0.15,2.9620603458601504,1.017104595074892,0.10491241431835491,0.6002157908098502,0.21598121350596597
dixon_bivar_expected_awmae,5,0.0,0.03,0.5,0.5,-0.05,2.9620667009234083,1.0151370906321402,0.12160446813912161,0.5872683422188373,0.2284209190149784
dixon_bivar_expected_awmae,5,1.0,0.1,0.5,0.0,-0.1,2.9620982142974066,1.012090632140137,0.107006854531607,0.5953922315308454,0.2157908098502158
dixon_bivar_expected_awmae,5,0.0,0.15,0.0,0.25,0.05,2.962119529008259,1.0092980451891342,0.11925615638486925,0.5708301599390708,0.24035288144199035
dixon_bivar_expected_awmae,5,0.5,0.06,0.5,0.0,0.0,2.962121691958192,1.0155496318862656,0.10573749682660574,0.5965981213505966,0.21763137852246764
dixon_bivar_expected_awmae,5,0.75,0.06,0.5,0.0,0.1,2.9622092147580945,1.0154226961157655,0.10548362528560548,0.5985021579080985,0.21553693830921553
dixon_bivar_expected_awmae,4,0.0,0.03,0.0,0.0,-0.05,2.96221503635849,1.0107260726072607,0.11455953287636456,0.5728611322670729,0.23775069814673774
dixon_bivar_expected_awmae,4,0.0,0.03,0.5,0.0,-0.05,2.9622904442871225,1.0162160446813913,0.11246509266311247,0.5941228738258442,0.22473978167047473
dixon_bivar_expected_awmae,4,0.0,0.06,0.0,0.25,0.15,2.9622916192499575,1.0183739527798934,0.1183041381061183,0.5813658288905814,0.24251078954049252
dixon_bivar_expected_awmae,5,0.0,0.06,0.5,0.25,0.05,2.962292130833848,1.015041888804265,0.11684437674536684,0.5923457730388424,0.22328002030972327
dixon_bivar_expected_awmae,5,0.25,0.06,0.5,0.0,0.15,2.9623171129430106,1.017168062960142,0.10484894643310484,0.5979944148260979,0.21623508504696623
dixon_bivar_expected_awmae,5,0.5,0.0,0.5,0.0,-0.05,2.9623193205080907,1.0157083015993906,0.10599136836760599,0.5967250571210967,0.21782178217821782
dixon_bivar_expected_awmae,4,0.0,0.03,0.5,0.25,0.0,2.96232977635938,1.0167555217060167,0.11785986290936785,0.5913937547600914,0.22581873571972583
dixon_bivar_expected_awmae,5,0.0,0.0,0.5,0.25,-0.1,2.962348684246348,1.0125983752221377,0.1170982482863671,0.5884742320385885,0.22467631378522468
dixon_bivar_expected_awmae,4,0.25,0.06,0.5,0.0,-0.1,2.962361788400454,1.0157083015993906,0.11094186341711094,0.5934247270880935,0.2225818735719726
dixon_bivar_expected_awmae,4,0.25,0.06,0.5,0.5,0.0,2.9623634798979603,1.0182152830667681,0.12103325717187104,0.5898705255140899,0.22804011170347804
dixon_bivar_expected_awmae,5,1.0,0.03,0.5,0.0,0.0,2.96238464390553,1.0149149530337649,0.10561056105610561,0.5982482863670983,0.2152195988829652
dixon_bivar_expected_awmae,5,0.75,0.1,0.5,0.0,0.0,2.9623906631057833,1.0134234577303884,0.10599136836760599,0.596026910383346,0.21553693830921553
dixon_bivar_expected_awmae,5,0.25,0.0,0.0,0.5,0.1,2.962399709363672,1.0191990352881442,0.12312769738512312,0.5793983244478293,0.24511297283574512
dixon_bivar_expected_awmae,5,1.0,0.0,0.5,0.0,-0.15,2.962413080504323,1.0133917237877634,0.10662604722010663,0.5955826351865956,0.21585427773546587
dixon_bivar_expected_awmae,4,0.0,0.0,0.5,0.25,-0.05,2.9624416382390786,1.015898705255141,0.11798679867986799,0.5903782685960903,0.226009139375476
dixon_bivar_expected_awmae,4,0.25,0.15,0.5,0.5,-0.15,2.962469010938881,1.0132647880172632,0.12268342218837268,0.5838410764153339,0.23146737750698146
dixon_bivar_expected_awmae,5,1.0,0.06,0.5,0.0,-0.15,2.9624819251798034,1.0123445036811374,0.10732419395785732,0.5952018278750952,0.2164254887027164
dixon_bivar_expected_awmae,4,0.25,0.1,0.5,0.5,0.0,2.962500428566461,1.0172315308453923,0.12160446813912161,0.5887281035795887,0.22816704747397817
dixon_bivar_expected_awmae,5,1.0,0.03,0.5,0.0,-0.1,2.9625158012952553,1.0135821274435135,0.10618177202335619,0.5964711855800965,0.21566387407971566
dixon_bivar_expected_awmae,4,0.0,0.1,0.5,0.25,0.05,2.9625166993309433,1.0165968519928916,0.11792333079461792,0.5915841584158416,0.22537446052297538
dixon_bivar_expected_awmae,4,0.0,0.06,0.5,0.25,-0.15,2.9625336245802174,1.012979182533638,0.11874841330286875,0.5863797918253364,0.2279131759329779
dixon_bivar_expected_awmae,4,0.0,0.15,0.5,0.25,-0.05,2.962537278171656,1.0139312008123889,0.1184945417618685,0.5876491495303376,0.22765930439197765
dixon_bivar_expected_awmae,4,0.0,0.06,0.5,0.0,-0.05,2.9625517733943942,1.0154544300583905,0.11265549631886265,0.5931708555470931,0.22467631378522468
dixon_bivar_expected_awmae,4,0.25,0.15,0.5,0.5,0.0,2.9625575284000614,1.0165333841076416,0.12166793602437166,0.5875222137598375,0.2282939832444783
dixon_bivar_expected_awmae,5,0.25,0.06,0.0,0.25,-0.15,2.962587023037513,1.0079334856562578,0.11906575272911907,0.5675932977913176,0.24136836760599137
dixon_bivar_expected_awmae,5,0.75,0.06,0.5,0.0,0.05,2.9625978458245146,1.014978420919015,0.10599136836760599,0.5976770753998477,0.21591774562071592
dixon_bivar_expected_awmae,4,0.0,0.15,0.0,0.0,-0.05,2.962604949791723,1.005870779385631,0.11633663366336634,0.5685453160700685,0.23863924854023863
dixon_bivar_expected_awmae,4,0.0,0.15,0.5,0.25,-0.15,2.9626145859590145,1.0116463569433867,0.1197004315816197,0.5852373698908352,0.22975374460522976
dixon_bivar_expected_awmae,5,1.0,0.06,0.5,0.0,-0.1,2.962621704692157,1.012947448591013,0.10643564356435643,0.5958365067275958,0.21547347042396547
dixon_bivar_expected_awmae,5,0.0,0.1,0.5,0.5,-0.1,2.962645623597462,1.0136773292713888,0.12236608276212237,0.584983498349835,0.23076923076923078
dixon_bivar_expected_awmae,4,0.5,0.1,0.0,0.5,0.1,2.9626541221749143,1.0210713379030212,0.12350850469662351,0.57996953541508,0.24441482609799442
dixon_bivar_expected_awmae,5,0.0,0.03,0.5,0.5,0.0,2.962663789323474,1.0161208428535162,0.1209063214013709,0.5878395531860878,0.22664381822797663
dixon_bivar_expected_awmae,4,0.0,0.06,0.0,0.0,-0.05,2.9626721409564643,1.0092345773038842,0.11532114749936533,0.5715917745620716,0.2374968266057375
dixon_bivar_expected_awmae,4,0.25,0.03,0.5,0.5,0.15,2.9627658525796763,1.0232609799441483,0.11798679867986799,0.5941228738258442,0.2237242955064737
dixon_bivar_expected_awmae,4,0.25,0.15,0.5,0.5,-0.1,2.9628014643195253,1.0146610814927646,0.12211221122112212,0.585046966235085,0.2303884234577304
dixon_bivar_expected_awmae,4,0.0,0.0,0.5,0.0,-0.05,2.9628196697931255,1.0165333841076416,0.11214775323686214,0.593995938055344,0.22391469916222392
dixon_bivar_expected_awmae,5,1.0,0.1,0.5,0.0,0.05,2.962824664389085,1.0147880172632648,0.10554709317085555,0.5982482863670983,0.2149022594567149
dixon_bivar_expected_awmae,5,0.0,0.1,0.5,0.5,-0.15,2.962830052597472,1.0125349073368874,0.12306422949987307,0.5837141406448337,0.23248286367098248
dixon_bivar_expected_awmae,4,0.0,0.0,0.5,0.5,-0.1,2.9628470739733976,1.0164064483371413,0.12141406448337141,0.5865067275958366,0.22937293729372937
dixon_bivar_expected_awmae,5,0.0,0.1,0.5,0.5,-0.05,2.9628634882761378,1.0145341457222645,0.12217567910637217,0.585998984513836,0.22988068037572987
dixon_bivar_expected_awmae,4,0.0,0.03,0.5,0.0,-0.15,2.962882378959305,1.0132647880172632,0.11354404671236354,0.5898705255140899,0.2248032495557248
dixon_bivar_expected_awmae,5,0.25,0.06,0.5,0.0,-0.1,2.962886884719416,1.0136138613861385,0.10853008377760853,0.5949479563340949,0.2202970297029703
dixon_bivar_expected_awmae,4,0.0,0.0,0.5,0.25,-0.1,2.962897222131957,1.0151370906321402,0.1177963950241178,0.5884742320385885,0.22645341457222645
dixon_bivar_expected_awmae,5,0.5,0.1,0.5,0.0,0.05,2.962905125396692,1.0154861640010155,0.10548362528560548,0.5965981213505966,0.21693323178471693
dixon_bivar_expected_awmae,4,0.25,0.1,0.5,0.5,0.1,2.962940084070956,1.0202462553947702,0.12014470677837015,0.5920919014978421,0.2256917999492257
dixon_bivar_expected_awmae,4,1.0,0.15,0.0,0.5,-0.15,2.962957595886934,1.0104722010662606,0.12655496318862655,0.5685453160700685,0.24378014724549377
dixon_bivar_expected_awmae,5,0.0,0.15,0.5,0.0,0.15,2.9629607111830976,1.017009393247017,0.10605483625285606,0.5979309469408479,0.21864686468646866
dixon_bivar_expected_awmae,5,0.75,0.15,0.0,0.5,-0.1,2.9629787707637436,1.0089489718202589,0.12503173394262504,0.5683549124143183,0.24371667936024372
dixon_bivar_expected_awmae,4,0.25,0.06,0.5,0.5,0.05,2.962994406740512,1.0194211728865195,0.12027164254887027,0.591076415333841,0.22664381822797663
dixon_bivar_expected_awmae,4,0.0,0.15,0.5,0.0,0.1,2.9630537034046256,1.015962173140391,0.11087839553186088,0.593995938055344,0.22194719471947194
dixon_bivar_expected_awmae,5,0.25,0.03,0.0,0.5,0.1,2.963058087347676,1.0187547600913938,0.12293729372937294,0.5783828382838284,0.244986037065245
dixon_bivar_expected_awmae,4,0.25,0.1,0.5,0.5,0.05,2.963068775204911,1.0187864940340188,0.12084285351612084,0.5905052043665905,0.22696115765422697
dixon_bivar_expected_awmae,4,0.25,0.0,0.5,0.5,0.15,2.963072829081625,1.0236735211982737,0.11766945925361767,0.5945671490225946,0.2237242955064737
dixon_bivar_expected_awmae,5,1.0,0.06,0.5,0.0,0.1,2.9631233507837975,1.0163747143945163,0.10491241431835491,0.5998984513835999,0.2149022594567149
dixon_bivar_expected_awmae,4,1.0,0.1,0.0,0.5,-0.15,2.9631411051170278,1.0126935770500127,0.12592028433612593,0.5701954810865701,0.24485910129474486
dixon_bivar_expected_awmae,4,0.0,0.03,0.0,0.25,0.15,2.9631621010623808,1.0195798425996445,0.11792333079461792,0.581937039857832,0.24238385376999239
dixon_bivar_expected_awmae,5,0.25,0.03,0.5,0.0,-0.1,2.9631621578650824,1.0139629347550139,0.10878395531860878,0.5952652957603453,0.21966235085046967
dixon_bivar_expected_awmae,5,0.5,0.15,0.0,0.5,0.0,2.9632499600209554,1.0126935770500127,0.12433358720487434,0.5705128205128205,0.24378014724549377
dixon_bivar_expected_awmae,4,0.25,0.06,0.0,0.25,0.0,2.963258066262041,1.015930439197766,0.11785986290936785,0.5743208936278243,0.24168570703224168
dixon_bivar_expected_awmae,4,0.0,0.15,0.5,0.25,-0.1,2.9632661184456026,1.012979182533638,0.11855800964711856,0.5861259202843361,0.22804011170347804
dixon_bivar_expected_awmae,5,0.5,0.06,0.5,0.0,0.1,2.9633006536344912,1.0163429804518913,0.10561056105610561,0.5978674790555979,0.21598121350596597
dixon_bivar_expected_awmae,5,0.75,0.03,0.5,0.0,0.05,2.963328693318631,1.0155813658288906,0.10573749682660574,0.5980578827113481,0.2157908098502158
dixon_bivar_expected_awmae,5,0.75,0.1,0.0,0.5,-0.1,2.9633424795062333,1.0106943386646356,0.12471439451637471,0.5691165270373191,0.24403401878649403
dixon_bivar_expected_awmae,5,1.0,0.15,0.5,0.0,0.1,2.9633543317331275,1.0146293475501396,0.10516628585935517,0.5978040111703478,0.21382330540746383
dixon_bivar_expected_awmae,4,0.0,0.15,0.0,0.25,0.15,2.963362694327801,1.0155813658288906,0.11868494541761869,0.5766692053820767,0.24162223914699163
dixon_bivar_expected_awmae,5,0.0,0.0,0.5,0.25,0.0,2.9633663940056367,1.0152957603452653,0.11659050520436659,0.5919014978420919,0.22321655242447322
dixon_bivar_expected_awmae,5,0.25,0.1,0.0,0.25,-0.15,2.9633836266337275,1.0068227976643818,0.1197004315816197,0.5667682152830668,0.24244732165524244
dixon_bivar_expected_awmae,5,1.0,0.1,0.5,0.0,0.15,2.963410899960467,1.0167872556486417,0.10389692815435389,0.6005331302361006,0.21464838791571464
dixon_bivar_expected_awmae,4,0.75,0.0,0.0,0.5,0.15,2.9634286444534967,1.027069053059152,0.1188118811881188,0.5857451129728357,0.24130489972074132
dixon_bivar_expected_awmae,5,0.25,0.0,0.5,0.0,0.0,2.9634326221926455,1.0161525767961412,0.1064991114496065,0.596978928662097,0.21744097486671743
dixon_bivar_expected_awmae,5,0.0,0.06,0.5,0.5,0.0,2.963467442297397,1.0163112465092663,0.12141406448337141,0.5877760853008378,0.2279131759329779
dixon_bivar_expected_awmae,5,0.25,0.1,0.5,0.0,-0.1,2.9634690196646165,1.013074384361513,0.1091012947448591,0.5943767453668444,0.2206143691292206
dixon_bivar_expected_awmae,4,1.0,0.06,0.0,0.5,-0.15,2.963473846043159,1.01501015486164,0.12515866971312517,0.5719091139883219,0.24523990860624523
dixon_bivar_expected_awmae,4,0.5,0.0,0.0,0.5,0.05,2.9634821345676676,1.021959888296522,0.12325463315562325,0.57996953541508,0.24473216552424473
dixon_bivar_expected_awmae,4,0.75,0.03,0.0,0.5,0.15,2.9635172428172787,1.0257679614115258,0.11982736735211982,0.5852373698908352,0.24136836760599137
dixon_bivar_expected_awmae,5,1.0,0.1,0.5,0.0,0.1,2.963527617841866,1.0156448337141406,0.10497588220360497,0.5991368367605991,0.2143945163747144
dixon_bivar_expected_awmae,4,0.0,0.03,0.5,0.25,-0.15,2.9635716919298702,1.0137725310992638,0.11836760599136836,0.5866336633663366,0.2272784970804773
dixon_bivar_expected_awmae,4,0.0,0.0,0.5,0.5,-0.05,2.9635806558631046,1.0175171363290174,0.12103325717187104,0.5877760853008378,0.22816704747397817
dixon_bivar_expected_awmae,5,0.75,0.0,0.5,0.0,0.05,2.963593185704727,1.015930439197766,0.10599136836760599,0.5986290936785986,0.2157908098502158
dixon_bivar_expected_awmae,5,0.0,0.15,0.5,0.5,-0.1,2.9636086408960907,1.0132013201320131,0.12287382584412287,0.5839680121858339,0.23235592790048235
dixon_bivar_expected_awmae,4,0.0,0.1,0.0,0.0,-0.05,2.963633984158028,1.0072988068037574,0.11589235846661589,0.5694973343488196,0.23743335872048743
dixon_bivar_expected_awmae,4,0.0,0.15,0.5,0.25,0.05,2.9636371064881337,1.0157400355420156,0.11798679867986799,0.5901878649403401,0.22512058898197512
dixon_bivar_expected_awmae,4,0.25,0.0,0.5,0.5,0.05,2.9636497875850383,1.0208492003046459,0.11944656004061945,0.5921553693830921,0.22543792840822544
dixon_bivar_expected_awmae,5,0.25,0.15,0.5,0.0,-0.1,2.9636900979096126,1.0122493018532623,0.10992637725310993,0.5936151307438436,0.22213759837522215
dixon_bivar_expected_awmae,4,0.25,0.03,0.5,0.5,0.0,2.96370548661535,1.018945163747144,0.1197004315816197,0.5896801218583397,0.2267072861132267
dixon_bivar_expected_awmae,5,0.0,0.15,0.5,0.5,-0.05,2.9637158854895587,1.0146293475501396,0.12261995430312261,0.5858085808580858,0.23076923076923078
dixon_bivar_expected_awmae,4,0.0,0.0,0.5,0.5,-0.15,2.96372060499006,1.015930439197766,0.12122366082762122,0.5858720487433359,0.23013455191673013
dixon_bivar_expected_awmae,4,0.25,0.15,0.5,0.5,-0.05,2.9637460202262442,1.0156448337141406,0.12192180756537192,0.5859355166285859,0.22943640517897942
dixon_bivar_expected_awmae,5,0.75,0.03,0.5,0.0,-0.05,2.9637495781717673,1.0144072099517645,0.1063087077938563,0.5963442498095963,0.21591774562071592
dixon_bivar_expected_awmae,5,1.0,0.03,0.5,0.0,0.15,2.963821564421185,1.0183104848946434,0.10332571718710333,0.6009774054328509,0.21433104848946433
dixon_bivar_expected_awmae,5,0.5,0.03,0.5,0.0,0.05,2.9638281026297117,1.0164699162223916,0.1052932216298553,0.5974232038588474,0.21623508504696623
dixon_bivar_expected_awmae,4,0.75,0.03,0.0,0.5,0.05,2.9638416773569656,1.0217060167555216,0.12306422949987307,0.5816197004315816,0.24441482609799442
dixon_bivar_expected_awmae,5,0.0,0.0,0.0,0.25,0.0,2.963845398647699,1.012185833968012,0.1183041381061183,0.5730515359228231,0.2406067529829906
dixon_bivar_expected_awmae,4,0.0,0.06,0.5,0.25,-0.05,2.963847526923983,1.0152322924600152,0.11773292713886774,0.5885376999238385,0.226009139375476
dixon_bivar_expected_awmae,5,1.0,0.0,0.5,0.0,0.05,2.963878280652038,1.0164699162223916,0.10497588220360497,0.5995176440720995,0.21496572734196498
dixon_bivar_expected_awmae,5,0.25,0.03,0.5,0.0,0.05,2.963938271304832,1.0166920538207667,0.10567402894135568,0.596978928662097,0.21737750698146738
dixon_bivar_expected_awmae,4,0.25,0.03,0.5,0.0,-0.15,2.963946688829686,1.0155813658288906,0.11119573495811119,0.5925361766945926,0.22296268088347296
dixon_bivar_expected_awmae,4,0.5,0.0,0.0,0.5,0.15,2.9639512688430734,1.025990099009901,0.11957349581111958,0.5843488194973343,0.24232038588474233
dixon_bivar_expected_awmae,5,1.0,0.06,0.5,0.0,0.05,2.9639540707888368,1.0152957603452653,0.10548362528560548,0.5984386900228484,0.21471185580096472
dixon_bivar_expected_awmae,5,0.5,0.06,0.5,0.0,0.05,2.9639612378140168,1.015898705255141,0.10542015740035542,0.5966615892358467,0.21636202081746636
dixon_bivar_expected_awmae,5,1.0,0.0,0.5,0.0,0.1,2.9639865663385385,1.0177392739273927,0.10421426758060422,0.6006600660066007,0.21515613099771516
dixon_bivar_expected_awmae,4,0.0,0.1,0.0,0.25,0.15,2.9639931303171156,1.0174219345011424,0.11798679867986799,0.5785732419395786,0.2418126428027418
dixon_bivar_expected_awmae,4,0.25,0.15,0.0,0.25,0.05,2.9639993745597972,1.0157717694846409,0.11824067022086825,0.5742574257425742,0.24130489972074132
dixon_bivar_expected_awmae,5,0.25,0.1,0.0,0.5,0.1,2.964004881038589,1.017104595074892,0.12179487179487179,0.5746382330540747,0.24282812896674283
dixon_bivar_expected_awmae,5,0.25,0.06,0.5,0.0,0.05,2.9640175511847295,1.0164064483371413,0.10554709317085555,0.5967885250063468,0.21731403909621733
dixon_bivar_expected_awmae,5,0.5,0.0,0.5,0.0,0.1,2.9640243109971305,1.0174854023863924,0.10605483625285606,0.5994541761868495,0.21699669966996699
dixon_bivar_expected_awmae,5,0.5,0.03,0.5,0.0,0.1,2.964071297896109,1.017136329017517,0.10554709317085555,0.5986925615638486,0.21636202081746636
dixon_bivar_expected_awmae,4,0.0,0.03,0.5,0.0,-0.1,2.9640716137031027,1.0151053566895152,0.11303630363036303,0.5916476263010917,0.22435897435897437
dixon_bivar_expected_awmae,5,1.0,0.0,0.5,0.0,0.0,2.9640760973656883,1.0153909621731403,0.10561056105610561,0.5983752221375984,0.21496572734196498
dixon_bivar_expected_awmae,5,0.75,0.03,0.5,0.0,0.0,2.964088451991727,1.0149149530337649,0.10637217567910637,0.597042396547347,0.2157908098502158
dixon_bivar_expected_awmae,4,0.5,0.03,0.0,0.5,0.1,2.9640995392385627,1.0233879157146484,0.12255648641787256,0.5817466362020818,0.24422442244224424
dixon_bivar_expected_awmae,5,0.0,0.1,0.5,0.5,0.0,2.964123015071389,1.016025641025641,0.12204874333587205,0.5874587458745875,0.22905559786747906
dixon_bivar_expected_awmae,5,0.5,0.03,0.5,0.0,0.0,2.96413894211852,1.0161208428535162,0.10542015740035542,0.5962807819243463,0.21674282812896675
dixon_bivar_expected_awmae,5,1.0,0.03,0.5,0.0,0.1,2.964140453089363,1.0172632647880173,0.1045950748921046,0.6004061944656004,0.2152830667682153
dixon_bivar_expected_awmae,5,0.25,0.15,0.0,0.5,0.15,2.964165811048932,1.017897943640518,0.12312769738512312,0.5774308200050774,0.24403401878649403
dixon_bivar_expected_awmae,4,0.0,0.15,0.5,0.25,0.0,2.964236229223612,1.0148832190911399,0.11836760599136836,0.5885376999238385,0.22664381822797663
dixon_bivar_expected_awmae,5,0.25,0.15,0.0,0.5,0.1,2.9642593638426953,1.0156448337141406,0.12338156892612338,0.5728611322670729,0.24333587204874332
dixon_bivar_expected_awmae,4,0.5,0.06,0.0,0.25,-0.15,2.9642686003499072,1.012947448591013,0.12001777100787002,0.5701954810865701,0.24251078954049252
dixon_bivar_expected_awmae,5,0.0,0.0,0.0,0.25,-0.05,2.96430697086192,1.0107578065498857,0.1188118811881188,0.5704493526275705,0.24155877126174155
dixon_bivar_expected_awmae,4,0.0,0.03,0.5,0.5,0.05,2.9643228641026154,1.0203731911652705,0.12052551408987053,0.591076415333841,0.22708809342472708
dixon_bivar_expected_awmae,4,0.0,0.03,0.5,0.25,-0.05,2.9643606409509653,1.0155813658288906,0.11805026656511805,0.588981975120589,0.22588220360497588
dixon_bivar_expected_awmae,4,0.5,0.0,0.0,0.5,0.1,2.9643723772849433,1.0243082000507744,0.12192180756537192,0.5823178471693323,0.24403401878649403
dixon_bivar_expected_awmae,5,0.5,0.03,0.0,0.5,-0.05,2.964377749005366,1.0138677329271388,0.12401624777862402,0.571020563594821,0.24479563340949478
dixon_bivar_expected_awmae,5,0.0,0.15,0.5,0.5,0.0,2.964416631871801,1.0156448337141406,0.12236608276212237,0.5866336633663366,0.23013455191673013
dixon_bivar_expected_awmae,4,0.5,0.15,0.0,0.25,-0.1,2.9644252110488667,1.0117732927138867,0.1209063214013709,0.5701320132013201,0.24155877126174155
dixon_bivar_expected_awmae,4,0.0,0.0,0.5,0.0,-0.15,2.964468171292805,1.0138994668697638,0.11329017517136329,0.5901243970550901,0.2241051028179741
dixon_bivar_expected_awmae,4,0.5,0.03,0.0,0.5,0.15,2.9644754778527735,1.025006346788525,0.1205889819751206,0.5835237369890836,0.24238385376999239
dixon_bivar_expected_awmae,4,0.0,0.06,0.5,0.5,0.05,2.964478986194492,1.0202462553947702,0.12065244986037066,0.5903782685960903,0.22746890073622747
dixon_bivar_expected_awmae,5,0.75,0.0,0.0,0.5,-0.15,2.964509634179195,1.0116463569433867,0.12452399086062452,0.5693069306930693,0.24517644072099518
dixon_bivar_expected_awmae,5,0.0,0.1,0.0,0.25,0.0,2.9645205266659795,1.0092980451891342,0.11912922061436913,0.5693069306930693,0.2404163493272404
dixon_bivar_expected_awmae,5,0.25,0.0,0.5,0.0,-0.1,2.964560417546432,1.0145658796648895,0.10846661589235847,0.5953922315308454,0.2190911398832191
dixon_bivar_expected_awmae,4,0.0,0.0,0.5,0.0,-0.1,2.9645919698045695,1.015835237369891,0.11265549631886265,0.5924092409240924,0.22435897435897437
dixon_bivar_expected_awmae,4,0.25,0.06,0.5,0.0,-0.15,2.9646072135309804,1.0150736227468902,0.11113226707286113,0.5913937547600914,0.2225818735719726
dixon_bivar_expected_awmae,5,0.25,0.0,0.5,0.0,0.05,2.9646104585687456,1.017168062960142,0.10567402894135568,0.5971693323178472,0.21706016755521707
dixon_bivar_expected_awmae,5,1.0,0.06,0.5,0.0,0.15,2.964633856671593,1.017993145468393,0.10351612084285351,0.6006600660066007,0.21433104848946433
dixon_bivar_expected_awmae,4,0.25,0.1,0.0,0.25,0.0,2.9646365607303946,1.0150736227468902,0.1184945417618685,0.5733054074638233,0.242003046458492
dixon_bivar_expected_awmae,5,0.75,0.0,0.5,0.0,-0.1,2.964656757887571,1.0145341457222645,0.10618177202335619,0.5957095709570958,0.21604468139121605
dixon_bivar_expected_awmae,5,0.0,0.03,0.0,0.25,0.0,2.9646852293742185,1.012027164254887,0.11836760599136836,0.5724803249555724,0.24092409240924093
dixon_bivar_expected_awmae,4,0.75,0.0,0.0,0.5,0.05,2.9647032260684743,1.0232292460015233,0.12255648641787256,0.5826351865955827,0.24492256917999491
dixon_bivar_expected_awmae,4,0.0,0.03,0.5,0.5,-0.15,2.964714169260011,1.0154226961157655,0.12223914699162224,0.5851104341203351,0.23121350596598123
dixon_bivar_expected_awmae,5,1.0,0.03,0.5,0.0,0.05,2.964716716319808,1.016025641025641,0.10491241431835491,0.5985656257933486,0.2143945163747144
dixon_bivar_expected_awmae,4,0.0,0.06,0.5,0.5,0.15,2.9647334453535965,1.0225310992637726,0.12084285351612084,0.594059405940594,0.22581873571972583
dixon_bivar_expected_awmae,4,0.5,0.1,0.0,0.5,0.05,2.964739476453878,1.0197067783701448,0.12427011931962427,0.5772404163493272,0.24587458745874588
dixon_bivar_expected_awmae,5,0.75,0.06,0.5,0.0,-0.05,2.9647723064930784,1.0138359989845138,0.10643564356435643,0.5955191673013455,0.21572734196496574
dixon_bivar_expected_awmae,4,0.25,0.15,0.0,0.25,0.0,2.9647905689783323,1.0136138613861385,0.1197004315816197,0.5716552424473217,0.242003046458492
dixon_bivar_expected_awmae,5,0.0,0.15,0.5,0.5,0.1,2.9648127293133477,1.0178662096978928,0.12147753236862148,0.5894897182025894,0.22708809342472708
dixon_bivar_expected_awmae,4,0.0,0.1,0.5,0.25,0.1,2.9648196763797703,1.0177075399847677,0.11760599136836761,0.5925361766945926,0.22423203858847424
dixon_bivar_expected_awmae,4,0.0,0.0,0.5,0.5,0.0,2.9648257355727736,1.0191990352881442,0.12027164254887027,0.589045443005839,0.22715156130997716
dixon_bivar_expected_awmae,5,0.25,0.0,0.5,0.0,0.1,2.964831402542464,1.0178344757552678,0.10542015740035542,0.5979944148260979,0.2168062960142168
dixon_bivar_expected_awmae,4,0.25,0.15,0.5,0.5,0.1,2.9648408730684808,1.0198337141406448,0.12084285351612084,0.5912668189895912,0.22658035034272658
dixon_bivar_expected_awmae,5,0.0,0.1,0.5,0.0,0.1,2.9649413687166755,1.0172949987306423,0.10707032241685707,0.5979309469408479,0.21934501142421933
dixon_bivar_expected_awmae,5,0.25,0.03,0.5,0.0,0.1,2.964985186696184,1.0171997969027673,0.10554709317085555,0.5972962680883473,0.21655242447321654
dixon_bivar_expected_awmae,4,0.0,0.0,0.5,0.25,0.0,2.9649903508876747,1.0177392739273927,0.11716171617161716,0.5915206905305915,0.22467631378522468
dixon_bivar_expected_awmae,4,0.0,0.06,0.5,0.5,-0.1,2.9650859245275933,1.0162795125666413,0.12236608276212237,0.5858085808580858,0.23064229499873065
dixon_bivar_expected_awmae,4,0.0,0.1,0.5,0.0,-0.05,2.965087047533614,1.0148197512058899,0.11233815689261234,0.5912033511043412,0.22385123127697384
dixon_bivar_expected_awmae,5,0.5,0.0,0.0,0.5,-0.05,2.965092679032336,1.0154544300583905,0.123000761614623,0.5715917745620716,0.24466869763899468
dixon_bivar_expected_awmae,5,0.5,0.1,0.0,0.5,-0.05,2.9651175595903294,1.0124397055090124,0.12465092663112465,0.5692434628078192,0.24511297283574512
dixon_bivar_expected_awmae,4,0.0,0.0,0.0,0.0,-0.1,2.965122405045529,1.010059659812135,0.115003808073115,0.5707666920538208,0.23781416603198782
dixon_bivar_expected_awmae,5,0.0,0.15,0.5,0.5,0.15,2.965157112748441,1.0194529068291445,0.1210967250571211,0.5913302868748413,0.2267072861132267
dixon_bivar_expected_awmae,4,0.0,0.15,0.5,0.25,0.1,2.9651634885785336,1.0171997969027673,0.11741558771261741,0.5916476263010917,0.2248032495557248
dixon_bivar_expected_awmae,4,0.0,0.03,0.5,0.5,0.1,2.9651699522647452,1.0215473470423966,0.12084285351612084,0.5925996445798426,0.226009139375476
dixon_bivar_expected_awmae,5,0.75,0.0,0.5,0.0,-0.05,2.9651827362089422,1.0153909621731403,0.10618177202335619,0.5967250571210967,0.21598121350596597
dixon_bivar_expected_awmae,5,0.5,0.0,0.5,0.0,0.05,2.9652370651976074,1.0172949987306423,0.10542015740035542,0.5980578827113481,0.2162985529322163
dixon_bivar_expected_awmae,4,0.75,0.1,0.0,0.5,-0.05,2.9652578459293557,1.0161208428535162,0.12490479817212491,0.5731784716933231,0.24466869763899468
dixon_bivar_expected_awmae,4,0.0,0.06,0.5,0.0,-0.1,2.965303535980751,1.0141533384107642,0.11297283574511298,0.5903148007108403,0.22391469916222392
dixon_bivar_expected_awmae,5,0.25,0.03,0.5,0.0,0.15,2.965397225026828,1.0185643564356435,0.10472201066260473,0.5986290936785986,0.21636202081746636
dixon_bivar_expected_awmae,5,0.5,0.0,0.5,0.0,0.0,2.965419699674533,1.0166920538207667,0.1052932216298553,0.5962807819243463,0.21623508504696623
dixon_bivar_expected_awmae,4,0.0,0.06,0.0,0.0,-0.1,2.965430235725799,1.0079017517136328,0.11532114749936533,0.5685453160700685,0.238004569687738
dixon_bivar_expected_awmae,5,0.0,0.1,0.5,0.5,0.05,2.9654588811000315,1.016914191419142,0.12141406448337141,0.587966488956588,0.22702462553947703
dixon_bivar_expected_awmae,4,0.5,0.1,0.0,0.25,-0.15,2.965474281357929,1.0118050266565117,0.12141406448337141,0.5693703985783194,0.24320893627824322
dixon_bivar_expected_awmae,4,0.75,0.15,0.0,0.5,-0.05,2.965478669070623,1.0148514851485149,0.12503173394262504,0.5717821782178217,0.24435135821274434
dixon_bivar_expected_awmae,5,0.25,0.0,0.0,0.5,0.05,2.965485029089243,1.018024879411018,0.12198527545062199,0.574003554201574,0.24371667936024372
dixon_bivar_expected_awmae,5,0.25,0.06,0.0,0.5,0.1,2.965487070994313,1.0187864940340188,0.12166793602437166,0.5762249301853263,0.2433993399339934
dixon_bivar_expected_awmae,5,1.0,0.0,0.5,0.0,0.15,2.965497426876572,1.0186278243208937,0.1031987814166032,0.6007235338918507,0.21395024117796396
dixon_bivar_expected_awmae,4,0.0,0.03,0.5,0.25,0.05,2.9654996638331936,1.018024879411018,0.11773292713886774,0.5923457730388424,0.22454937801472455
dixon_bivar_expected_awmae,5,0.5,0.06,0.0,0.5,-0.05,2.9655013538029933,1.0135821274435135,0.12427011931962427,0.5700685453160701,0.24511297283574512
dixon_bivar_expected_awmae,4,0.25,0.0,0.0,0.5,0.15,2.9655090304838017,1.025006346788525,0.12173140390962173,0.5823813150545823,0.24416095455699416
dixon_bivar_expected_awmae,5,0.25,0.0,0.5,0.0,-0.15,2.965530156802148,1.0141850723533892,0.10853008377760853,0.5947575526783447,0.21985275450621986
dixon_bivar_expected_awmae,4,0.0,0.06,0.5,0.5,0.1,2.965560157203537,1.0211982736735212,0.12077938563087078,0.5918380299568419,0.22645341457222645
dixon_bivar_expected_awmae,4,0.5,0.06,0.0,0.5,0.15,2.96557222731061,1.0242447321655241,0.12103325717187104,0.5825082508250825,0.24225691799949226
dixon_bivar_expected_awmae,4,0.25,0.15,0.5,0.5,0.05,2.9656493131297843,1.0193259710586444,0.12147753236862148,0.5899339933993399,0.2282939832444783
dixon_bivar_expected_awmae,4,0.0,0.03,0.5,0.5,-0.05,2.965653256827607,1.0177075399847677,0.12160446813912161,0.5872048743335873,0.22886519421172888
dixon_bivar_expected_awmae,5,0.0,0.1,0.5,0.0,0.15,2.9656599297349455,1.0178662096978928,0.10580096471185581,0.5978040111703478,0.2175044427519675
dixon_bivar_expected_awmae,4,0.0,0.1,0.5,0.25,-0.1,2.9656702932621473,1.013994668697639,0.11868494541761869,0.5865067275958366,0.22746890073622747
dixon_bivar_expected_awmae,4,0.25,0.1,0.0,0.5,0.15,2.965680651437845,1.0223089616653973,0.12312769738512312,0.5806676821528307,0.24492256917999491
dixon_bivar_expected_awmae,5,0.0,0.15,0.5,0.5,-0.15,2.9656835223918177,1.0128839807057628,0.12242955064737243,0.5816831683168316,0.23241939578573242
dixon_bivar_expected_awmae,4,0.75,0.06,0.0,0.5,-0.05,2.9657330999605787,1.0174854023863924,0.1243970550901244,0.5745112972835745,0.244986037065245
dixon_bivar_expected_awmae,4,0.0,0.03,0.5,0.5,0.15,2.9657884095220366,1.0235783193703987,0.12001777100787002,0.5943132774815943,0.2253109926377253
dixon_bivar_expected_awmae,4,0.0,0.1,0.5,0.5,0.15,2.9658152017432715,1.021801218583397,0.12128712871287128,0.5926631124650926,0.22607260726072606
dixon_bivar_expected_awmae,4,0.0,0.06,0.5,0.25,0.05,2.965856161977322,1.0173584666158924,0.11773292713886774,0.5912668189895912,0.22473978167047473
dixon_bivar_expected_awmae,4,0.0,0.1,0.5,0.25,0.0,2.9658698850385745,1.0157717694846409,0.1177963950241178,0.588981975120589,0.22512058898197512
dixon_bivar_expected_awmae,5,0.25,0.0,0.5,0.0,0.15,2.9658754182716036,1.0194529068291445,0.10465854277735466,0.5994541761868495,0.2164889565879665
dixon_bivar_expected_awmae,5,0.75,0.0,0.5,0.0,0.0,2.965887158438916,1.0156765676567656,0.10611830413810612,0.5974232038588474,0.2156004061944656
dixon_bivar_expected_awmae,5,0.75,0.1,0.0,0.5,-0.15,2.9659574960404185,1.0094567149022595,0.1257933485656258,0.5678471693323178,0.24555724803249557
dixon_bivar_expected_awmae,4,0.0,0.06,0.5,0.5,-0.05,2.9659661538845943,1.0176758060421427,0.12173140390962173,0.5871414064483371,0.22969027671997969
dixon_bivar_expected_awmae,4,0.0,0.1,0.5,0.5,-0.1,2.966067409965331,1.0165651180502666,0.12255648641787256,0.5856181772023357,0.23115003808073115
dixon_bivar_expected_awmae,4,0.25,0.0,0.0,0.25,-0.1,2.9660876003030627,1.0154544300583905,0.11798679867986799,0.5714013709063214,0.24232038588474233
dixon_bivar_expected_awmae,4,0.5,0.0,0.0,0.5,0.0,2.966111563009053,1.0208492003046459,0.123000761614623,0.5762249301853263,0.24511297283574512
dixon_bivar_expected_awmae,4,0.0,0.03,0.0,0.0,-0.1,2.966122864491433,1.0088537699923839,0.11551155115511551,0.5694338664635694,0.23806803757298806
dixon_bivar_expected_awmae,5,0.0,0.06,0.5,0.0,0.15,2.966135050025213,1.0187230261487688,0.10548362528560548,0.5983752221375984,0.2175044427519675
dixon_bivar_expected_awmae,5,0.25,0.15,0.0,0.25,-0.15,2.966154398728435,1.005902513328256,0.12065244986037066,0.5651180502665651,0.24257425742574257
dixon_bivar_expected_awmae,4,0.75,0.03,0.0,0.5,-0.05,2.9662258601020444,1.0185960903782687,0.12452399086062452,0.5751459761360751,0.24536684437674536
dixon_bivar_expected_awmae,4,0.25,0.03,0.0,0.25,-0.05,2.966269275982414,1.0154226961157655,0.11862147753236862,0.5724168570703224,0.24251078954049252
dixon_bivar_expected_awmae,4,0.0,0.0,0.5,0.5,0.05,2.9663039730811627,1.0207539984767708,0.12014470677837015,0.5906321401370906,0.2265168824574765
dixon_bivar_expected_awmae,4,0.0,0.0,0.5,0.5,0.15,2.9663041673526385,1.0238321909113988,0.11963696369636964,0.5943767453668444,0.22473978167047473
dixon_bivar_expected_awmae,4,0.0,0.03,0.5,0.5,-0.1,2.9663102284444265,1.0166603198781416,0.12173140390962173,0.5858085808580858,0.22962680883472963
dixon_bivar_expected_awmae,5,0.75,0.06,0.0,0.5,-0.15,2.9663360332452355,1.0102183295252603,0.12522213759837522,0.5682279766438182,0.24523990860624523
dixon_bivar_expected_awmae,5,0.0,0.15,0.5,0.5,0.05,2.9663382551556605,1.017104595074892,0.12185833968012186,0.5879030210713379,0.2284209190149784
dixon_bivar_expected_awmae,4,0.0,0.06,0.5,0.5,-0.15,2.9663471661989336,1.0151370906321402,0.12223914699162224,0.5840314800710841,0.23146737750698146
dixon_bivar_expected_awmae,5,0.25,0.03,0.5,0.0,-0.15,2.966411693445032,1.0143120081238892,0.10884742320385885,0.5946940847930947,0.2202970297029703
dixon_bivar_expected_awmae,4,0.25,0.03,0.0,0.25,-0.1,2.9664369740325283,1.0142168062960142,0.11887534907336887,0.5701320132013201,0.2427011931962427
dixon_bivar_expected_awmae,4,0.25,0.15,0.0,0.5,0.15,2.966463837426225,1.0202462553947702,0.12407971566387407,0.5783828382838284,0.24511297283574512
dixon_bivar_expected_awmae,4,0.0,0.0,0.5,0.5,0.1,2.9664683780778587,1.0224041634932723,0.12033511043412033,0.592980451891343,0.22613607514597614
dixon_bivar_expected_awmae,5,0.5,0.0,0.0,0.5,-0.1,2.966476752465509,1.013074384361513,0.12357197258187357,0.5687357197258187,0.24504950495049505
dixon_bivar_expected_awmae,4,0.25,0.06,0.0,0.5,0.15,2.9665475003796593,1.0236100533130237,0.12312769738512312,0.5815562325463316,0.2453033764914953
dixon_bivar_expected_awmae,4,0.0,0.1,0.0,0.0,-0.1,2.966588341721444,1.0064102564102564,0.11659050520436659,0.5672124904798173,0.23844884488448845
dixon_bivar_expected_awmae,5,0.0,0.15,0.0,0.25,0.0,2.966657131202657,1.0086951002792588,0.11963696369636964,0.5681010408733181,0.24136836760599137
dixon_bivar_expected_awmae,5,0.0,0.03,0.0,0.25,-0.05,2.966734792995783,1.010059659812135,0.11836760599136836,0.5684183802995684,0.24098756029449098
dixon_bivar_expected_awmae,5,0.25,0.06,0.0,0.5,0.05,2.9668584229293384,1.0168189895912667,0.12185833968012186,0.5722899212998223,0.24346280781924345
dixon_bivar_expected_awmae,4,0.25,0.0,0.0,0.25,-0.05,2.966883090766158,1.0166285859355166,0.11773292713886774,0.5733054074638233,0.24232038588474233
dixon_bivar_expected_awmae,5,0.0,0.03,0.5,0.0,0.15,2.966915090773076,1.019040365575019,0.10580096471185581,0.5986290936785986,0.2171871033257172
dixon_bivar_expected_awmae,4,0.25,0.1,0.0,0.25,-0.05,2.9669709833953126,1.0140264026402641,0.11944656004061945,0.5707032241685707,0.24238385376999239
dixon_bivar_expected_awmae,4,0.25,0.03,0.0,0.5,0.15,2.9671063062781884,1.0245620715917745,0.12293729372937294,0.5818735719725818,0.24517644072099518
dixon_bivar_expected_awmae,5,0.25,0.15,0.5,0.0,-0.15,2.967142818304503,1.0125031733942624,0.10935516628585935,0.592028433612592,0.22175679106372176
dixon_bivar_expected_awmae,5,0.0,0.15,0.5,0.0,0.1,2.967147055195736,1.0162160446813913,0.10726072607260725,0.5961538461538461,0.2194084793094694
dixon_bivar_expected_awmae,5,0.0,0.03,0.5,0.0,0.1,2.967156846382736,1.0191355674028941,0.10561056105610561,0.5979944148260979,0.21756791063721756
dixon_bivar_expected_awmae,4,0.0,0.03,0.5,0.5,0.0,2.967204203469966,1.0188182279766438,0.12077938563087078,0.587966488956588,0.22677075399847677
dixon_bivar_expected_awmae,4,0.0,0.03,0.0,0.25,0.1,2.967213705760736,1.019040365575019,0.11773292713886774,0.5785732419395786,0.24251078954049252
dixon_bivar_expected_awmae,4,0.0,0.15,0.5,0.5,0.1,2.9673158623992486,1.0205001269357705,0.12166793602437166,0.5901243970550901,0.22765930439197765
dixon_bivar_expected_awmae,4,0.0,0.1,0.0,0.25,0.1,2.9673785124495775,1.0164381822797663,0.11836760599136836,0.5747651688245747,0.2414953033764915
dixon_bivar_expected_awmae,4,0.5,0.15,0.0,0.5,0.05,2.967411279830799,1.0182470170093934,0.12407971566387407,0.574067022086824,0.24371667936024372
dixon_bivar_expected_awmae,4,0.75,0.03,0.0,0.5,-0.1,2.967443985483863,1.017136329017517,0.12427011931962427,0.5722899212998223,0.2454937801472455
dixon_bivar_expected_awmae,4,0.0,0.0,0.0,0.0,-0.15,2.9674548805257506,1.0087903021071338,0.11532114749936533,0.568037572988068,0.23844884488448845
dixon_bivar_expected_awmae,4,0.0,0.15,0.0,0.0,-0.1,2.9674873542902995,1.0051408987052552,0.11716171617161716,0.5657527291190657,0.2385123127697385
dixon_bivar_expected_awmae,4,0.75,0.0,0.0,0.5,-0.05,2.9675119235217786,1.0196433104848945,0.12382584412287383,0.5758441228738258,0.24523990860624523
dixon_bivar_expected_awmae,4,0.0,0.06,0.0,0.25,0.1,2.9675372855328663,1.018056613353643,0.11754252348311754,0.5767326732673267,0.24193957857324194
dixon_bivar_expected_awmae,5,0.75,0.03,0.0,0.5,-0.15,2.9675406381657097,1.0114559532876364,0.1243970550901244,0.5684183802995684,0.24473216552424473
dixon_bivar_expected_awmae,5,0.25,0.06,0.5,0.0,-0.15,2.96755027731537,1.0140898705255141,0.10897435897435898,0.5941863417110942,0.22086824067022087
dixon_bivar_expected_awmae,5,0.0,0.06,0.5,0.0,0.1,2.9676505628840406,1.0185643564356435,0.10611830413810612,0.5978040111703478,0.21826605737496826
dixon_bivar_expected_awmae,4,0.5,0.15,0.0,0.25,-0.15,2.9676510695129616,1.0105991368367606,0.12154100025387155,0.5676567656765676,0.24282812896674283
dixon_bivar_expected_awmae,4,0.0,0.0,0.0,0.25,0.1,2.9676596090869256,1.0197385123127698,0.11785986290936785,0.5795252602183295,0.24225691799949226
dixon_bivar_expected_awmae,5,0.25,0.1,0.0,0.5,0.05,2.9677061213601346,1.0155813658288906,0.12287382584412287,0.5711474993653212,0.24352627570449353
dixon_bivar_expected_awmae,5,0.0,0.06,0.5,0.0,0.05,2.9677893266680666,1.0177392739273927,0.10770500126935771,0.5976770753998477,0.21953541507996954
dixon_bivar_expected_awmae,5,0.25,0.1,0.5,0.0,-0.15,2.9678270176246455,1.0137725310992638,0.10891089108910891,0.5936151307438436,0.22118558009647118
dixon_bivar_expected_awmae,4,0.25,0.06,0.0,0.25,-0.05,2.9680176750444125,1.0154226961157655,0.11824067022086825,0.5717821782178217,0.2421934501142422
dixon_bivar_expected_awmae,4,0.25,0.06,0.0,0.25,-0.1,2.9681190523139347,1.0140581365828891,0.11912922061436913,0.5694338664635694,0.24314546839299314
dixon_bivar_expected_awmae,5,0.0,0.15,0.5,0.0,0.0,2.96818744268906,1.0148514851485149,0.1091012947448591,0.5941228738258442,0.22137598375222137
dixon_bivar_expected_awmae,4,0.0,0.06,0.5,0.5,0.0,2.9681995536948484,1.0191990352881442,0.12096978928662097,0.5879030210713379,0.2279131759329779
dixon_bivar_expected_awmae,5,0.0,0.0,0.5,0.0,0.1,2.9682226972643964,1.0196433104848945,0.10592790048235592,0.5983752221375984,0.21756791063721756
dixon_bivar_expected_awmae,4,0.5,0.06,0.0,0.5,0.0,2.9682851242313433,1.0192307692307692,0.12338156892612338,0.5737496826605738,0.24435135821274434
dixon_bivar_expected_awmae,5,0.75,0.15,0.0,0.5,-0.15,2.968290237877463,1.0085364305661335,0.12534907336887535,0.5657527291190657,0.24504950495049505
dixon_bivar_expected_awmae,5,0.5,0.06,0.0,0.5,-0.1,2.968360906294753,1.0117415587712617,0.12446052297537447,0.5667047473978167,0.24555724803249557
dixon_bivar_expected_awmae,5,0.5,0.03,0.0,0.5,-0.1,2.9683958360148,1.0128839807057628,0.12395277989337396,0.5681645087585682,0.24523990860624523
dixon_bivar_expected_awmae,4,0.25,0.15,0.0,0.25,-0.05,2.968458849886537,1.0128839807057628,0.11963696369636964,0.5689261233815689,0.24251078954049252
dixon_bivar_expected_awmae,4,0.0,0.1,0.5,0.5,0.0,2.968469593735768,1.0188182279766438,0.12185833968012186,0.5877126174155877,0.22899212998222898
dixon_bivar_expected_awmae,5,0.25,0.03,0.0,0.5,0.05,2.9685535100240297,1.017993145468393,0.12160446813912161,0.5726072607260726,0.24327240416349327
dixon_bivar_expected_awmae,4,0.0,0.15,0.5,0.5,-0.05,2.9685627171964826,1.0174536684437674,0.12179487179487179,0.5856181772023357,0.23013455191673013
dixon_bivar_expected_awmae,5,0.25,0.03,0.0,0.5,0.0,2.9685872172747483,1.0156765676567656,0.1223026148768723,0.5701320132013201,0.24403401878649403
dixon_bivar_expected_awmae,4,0.0,0.1,0.5,0.5,0.1,2.9687408632054284,1.021959888296522,0.1205889819751206,0.5912033511043412,0.22696115765422697
dixon_bivar_expected_awmae,5,0.0,0.03,0.5,0.0,0.0,2.96881216924719,1.016850723533892,0.1084031480071084,0.5960903782685961,0.21902767199796902
dixon_bivar_expected_awmae,4,0.0,0.15,0.0,0.25,0.1,2.9688797887576963,1.0157083015993906,0.1184945417618685,0.5728611322670729,0.24155877126174155
dixon_bivar_expected_awmae,5,0.0,0.0,0.5,0.0,0.15,2.9689838781091935,1.01999238385377,0.10567402894135568,0.5988194973343488,0.21706016755521707
dixon_bivar_expected_awmae,5,0.0,0.0,0.5,0.0,0.0,2.9690182548073962,1.0178662096978928,0.1084031480071084,0.5972328002030972,0.21928154353896928
dixon_bivar_expected_awmae,4,0.5,0.15,0.0,0.5,0.0,2.9690249096173593,1.0165016501650166,0.12427011931962427,0.571084031480071,0.2440974866717441
dixon_bivar_expected_awmae,4,0.0,0.1,0.5,0.5,-0.05,2.9691361997842427,1.0177392739273927,0.12217567910637217,0.5859355166285859,0.22975374460522976
dixon_bivar_expected_awmae,4,0.0,0.03,0.0,0.0,-0.15,2.969162970278015,1.0079017517136328,0.11633663366336634,0.5671490225945671,0.2387027164254887
dixon_bivar_expected_awmae,4,0.0,0.15,0.0,0.0,-0.15,2.9692302867485263,1.0043158161970043,0.11665397308961666,0.5637217567910637,0.23908352373698907
dixon_bivar_expected_awmae,4,0.0,0.0,0.0,0.25,0.05,2.9692706661933643,1.0185960903782687,0.11703478040111703,0.5757171871033258,0.24174917491749176
dixon_bivar_expected_awmae,4,0.0,0.1,0.5,0.5,-0.15,2.9693364289824307,1.0156765676567656,0.12287382584412287,0.5835237369890836,0.23222899212998224
dixon_bivar_expected_awmae,4,0.75,0.0,0.0,0.5,-0.1,2.969338173924475,1.0185643564356435,0.12388931200812389,0.572988068037573,0.24511297283574512
dixon_bivar_expected_awmae,5,0.0,0.1,0.5,0.0,0.05,2.9693778982848906,1.0164381822797663,0.10776846915460776,0.5956461030718456,0.21921807565371923
dixon_bivar_expected_awmae,4,0.25,0.15,0.0,0.5,0.1,2.9693850894727967,1.0189134298045188,0.12312769738512312,0.5733054074638233,0.24320893627824322
dixon_bivar_expected_awmae,4,0.75,0.06,0.0,0.5,-0.1,2.96938804601776,1.0164064483371413,0.12458745874587458,0.5715283066768215,0.2458111195734958
dixon_bivar_expected_awmae,4,0.5,0.03,0.0,0.5,0.0,2.9694996435892382,1.0204049251078955,0.12293729372937294,0.5741304899720742,0.2442878903274943
dixon_bivar_expected_awmae,4,0.0,0.15,0.5,0.5,0.15,2.969548165862515,1.0223724295506473,0.1209063214013709,0.5917745620715917,0.22664381822797663
dixon_bivar_expected_awmae,4,0.25,0.0,0.0,0.5,0.1,2.9696580969487676,1.0236100533130237,0.12357197258187357,0.5801599390708302,0.24568418380299567
dixon_bivar_expected_awmae,5,0.0,0.15,0.5,0.0,-0.05,2.969678372440194,1.0138042650418888,0.11018024879411017,0.5927900482355928,0.22169332317847168
dixon_bivar_expected_awmae,4,0.25,0.1,0.0,0.5,0.1,2.9697485075808983,1.0205953287636456,0.12281035795887281,0.5753363797918253,0.24397055090124398
dixon_bivar_expected_awmae,5,0.5,0.15,0.0,0.5,-0.05,2.9697667055390076,1.011900228484387,0.12528560548362527,0.5674663620208175,0.24485910129474486
dixon_bivar_expected_awmae,4,0.0,0.15,0.5,0.5,-0.15,2.9698282474664213,1.0157717694846409,0.1223026148768723,0.582063975628332,0.23248286367098248
dixon_bivar_expected_awmae,4,0.0,0.15,0.5,0.5,-0.1,2.969903204575606,1.0166603198781416,0.12223914699162224,0.5842218837268343,0.23184818481848185
dixon_bivar_expected_awmae,4,0.0,0.1,0.5,0.5,0.05,2.9700945570055493,1.0201510535668952,0.12116019294237117,0.5884107641533384,0.22696115765422697
dixon_bivar_expected_awmae,5,0.0,0.15,0.5,0.0,-0.1,2.970115210316088,1.0125031733942624,0.11119573495811119,0.5912668189895912,0.22226453414572225
dixon_bivar_expected_awmae,5,0.5,0.1,0.0,0.5,-0.1,2.970122917686324,1.0116146230007617,0.12490479817212491,0.5661970043158162,0.24574765168824575
dixon_bivar_expected_awmae,5,0.0,0.06,0.0,0.25,-0.05,2.9701279829778207,1.009869256156385,0.11868494541761869,0.5674663620208175,0.24022594567149022
dixon_bivar_expected_awmae,4,0.0,0.15,0.5,0.5,0.0,2.9701455998780646,1.019008631632394,0.12185833968012186,0.5867605991368368,0.22981721249047982
dixon_bivar_expected_awmae,4,0.0,0.06,0.0,0.0,-0.15,2.970166028538039,1.0067275958365067,0.11697131251586697,0.5658161970043158,0.23908352373698907
dixon_bivar_expected_awmae,5,0.25,0.06,0.0,0.5,0.0,2.9702200384287902,1.0147880172632648,0.12306422949987307,0.5686722518405687,0.24435135821274434
dixon_bivar_expected_awmae,4,0.75,0.1,0.0,0.5,-0.1,2.9702339032020717,1.015041888804265,0.12484133028687484,0.5697512058898198,0.24511297283574512
dixon_bivar_expected_awmae,5,0.0,0.15,0.5,0.0,-0.15,2.9702767166368704,1.0112338156892613,0.11202081746636203,0.5892358466615892,0.22277227722772278
dixon_bivar_expected_awmae,5,0.0,0.0,0.5,0.0,0.05,2.9703158886719976,1.0191038334602691,0.10687991876110688,0.5974866717440975,0.21826605737496826
dixon_bivar_expected_awmae,4,0.25,0.03,0.0,0.5,0.1,2.970372536015488,1.0228167047473977,0.1236989083523737,0.579017517136329,0.24574765168824575
dixon_bivar_expected_awmae,4,0.0,0.1,0.0,0.0,-0.15,2.9705491846957903,1.0062833206397563,0.11684437674536684,0.5651815181518152,0.23933739527798933
dixon_bivar_expected_awmae,4,0.5,0.1,0.0,0.5,0.0,2.970587083288105,1.0186278243208937,0.12401624777862402,0.5723533891850724,0.24466869763899468
dixon_bivar_expected_awmae,4,0.75,0.15,0.0,0.5,-0.1,2.9705892289717415,1.0134551916730135,0.12515866971312517,0.5684818481848185,0.24441482609799442
dixon_bivar_expected_awmae,5,0.25,0.0,0.0,0.5,0.0,2.970619318067851,1.0166920538207667,0.12166793602437166,0.5705128205128205,0.24378014724549377
dixon_bivar_expected_awmae,5,0.25,0.15,0.0,0.5,0.05,2.9706541214949547,1.0152005585173902,0.12293729372937294,0.5694973343488196,0.24358974358974358
dixon_bivar_expected_awmae,5,0.0,0.15,0.5,0.0,0.05,2.9707275399883066,1.0157717694846409,0.10783193703985783,0.5941863417110942,0.21978928662096978
dixon_bivar_expected_awmae,5,0.0,0.1,0.5,0.0,0.0,2.970770979298691,1.015898705255141,0.10833968012185834,0.5941863417110942,0.21972581873571972
dixon_bivar_expected_awmae,5,0.0,0.03,0.5,0.0,0.05,2.971129103663719,1.0185960903782687,0.10732419395785732,0.5972962680883473,0.21851992891596853
dixon_bivar_expected_awmae,5,1.0,0.0,1.0,0.5,-0.05,2.9711499396984173,1.0157400355420156,0.1157019548108657,0.5981848184818482,0.2121096725057121
dixon_bivar_expected_awmae,4,0.0,0.1,0.0,0.25,0.05,2.9711529512594885,1.0162477786240163,0.11805026656511805,0.5713379030210713,0.2414953033764915
dixon_bivar_expected_awmae,5,0.5,0.03,0.0,0.5,-0.15,2.971158116663413,1.0113607514597613,0.12376237623762376,0.5648641787255648,0.24562071591774562
dixon_bivar_expected_awmae,5,0.0,0.1,0.5,0.0,-0.05,2.9712328487835187,1.0155813658288906,0.10929169840060929,0.593995938055344,0.22086824067022087
dixon_bivar_expected_awmae,4,0.0,0.15,0.5,0.5,0.05,2.9713644672597477,1.0201193196242702,0.12166793602437166,0.5880934247270881,0.22823051535922823
dixon_bivar_expected_awmae,5,1.0,0.15,1.0,0.5,0.05,2.9713916715452227,1.0165016501650166,0.11665397308961666,0.5985656257933486,0.21306169078446305
dixon_bivar_expected_awmae,5,0.0,0.1,0.5,0.0,-0.15,2.9714599009307556,1.0127570449352628,0.11144960649911145,0.5908860116780909,0.22201066260472202
dixon_bivar_expected_awmae,5,0.0,0.06,0.5,0.0,0.0,2.9717157960261735,1.0165968519928916,0.10846661589235847,0.5947575526783447,0.21896420411271897
dixon_bivar_expected_awmae,5,0.0,0.0,0.0,0.5,0.15,2.9717681773404205,1.021832952526022,0.12147753236862148,0.5773673521198274,0.24358974358974358
dixon_bivar_expected_awmae,5,0.0,0.06,0.5,0.0,-0.1,2.9718074222311417,1.0152957603452653,0.11005331302361006,0.5938690022848438,0.22124904798172124
dixon_bivar_expected_awmae,5,0.0,0.06,0.5,0.0,-0.05,2.9718504291609094,1.0162795125666413,0.10903782685960904,0.5945036811373445,0.2206143691292206
dixon_bivar_expected_awmae,5,1.0,0.0,1.0,0.5,-0.15,2.971866665003938,1.0141216044681391,0.11576542269611577,0.5958365067275958,0.2121096725057121
dixon_bivar_expected_awmae,4,0.0,0.03,0.0,0.25,0.05,2.971868300638687,1.018088347296268,0.1172886519421173,0.5738766184310738,0.24162223914699163
dixon_bivar_expected_awmae,5,0.5,0.0,0.0,0.5,-0.15,2.971889464355266,1.012154100025387,0.12325463315562325,0.5655623254633155,0.24511297283574512
dixon_bivar_expected_awmae,5,1.0,0.0,1.0,0.5,0.0,2.972076894372154,1.0164064483371413,0.11532114749936533,0.5993272404163493,0.21122112211221122
dixon_bivar_expected_awmae,4,0.0,0.06,0.0,0.25,0.05,2.972173663945785,1.0173902005585174,0.11766945925361767,0.5726707286113226,0.24155877126174155
dixon_bivar_expected_awmae,5,0.0,0.0,0.5,0.0,-0.15,2.972241425158421,1.0156765676567656,0.11037065244986037,0.5938055343995938,0.22156638740797158
dixon_bivar_expected_awmae,5,0.0,0.1,0.0,0.25,-0.05,2.9722647873997987,1.0092345773038842,0.1191926884996192,0.5663239400863164,0.2411144960649911
dixon_bivar_expected_awmae,5,0.0,0.03,0.5,0.0,-0.15,2.9723146724393836,1.0146293475501396,0.11062452399086062,0.5927900482355928,0.2215029195227215
dixon_bivar_expected_awmae,5,0.0,0.1,0.5,0.0,-0.1,2.972325442798792,1.0140581365828891,0.11043412033511044,0.5924092409240924,0.22137598375222137
dixon_bivar_expected_awmae,5,0.0,0.03,0.5,0.0,-0.1,2.972381972923494,1.0163112465092663,0.10998984513835999,0.595011424219345,0.22162985529322163
dixon_bivar_expected_awmae,5,0.5,0.15,0.0,0.5,-0.1,2.9724110255554668,1.0103769992383853,0.12496826605737497,0.5644833714140645,0.2454937801472455
dixon_bivar_expected_awmae,4,0.0,0.15,0.0,0.25,0.05,2.9724681345682202,1.0134869256156385,0.11893881695861894,0.5682914445290683,0.2407971566387408
dixon_bivar_expected_awmae,4,0.5,0.03,0.0,0.5,-0.05,2.9725721198948927,1.0187547600913938,0.12338156892612338,0.5713379030210713,0.24466869763899468
dixon_bivar_expected_awmae,4,0.75,0.15,1.0,0.25,-0.1,2.972623471278492,1.0141533384107642,0.11443259710586444,0.5967250571210967,0.21198273673521198
dixon_bivar_expected_awmae,4,0.0,0.0,0.0,0.25,0.0,2.9726266193542346,1.0175488702716426,0.11703478040111703,0.5714013709063214,0.24105102817974106
dixon_bivar_expected_awmae,5,1.0,0.03,1.0,0.5,-0.1,2.972701073010797,1.0152322924600152,0.11544808326986544,0.5967885250063468,0.2121096725057121
dixon_bivar_expected_awmae,5,1.0,0.06,1.0,0.5,0.0,2.972858547200346,1.0167872556486417,0.11563848692561564,0.5984386900228484,0.21223660827621224
dixon_bivar_expected_awmae,5,1.0,0.03,1.0,0.5,-0.05,2.972950904105369,1.016025641025641,0.11538461538461539,0.5974866717440975,0.21185580096471185
dixon_bivar_expected_awmae,5,1.0,0.03,1.0,0.5,0.0,2.973013224156538,1.016850723533892,0.11551155115511551,0.5990733688753491,0.2117923330794618
dixon_bivar_expected_awmae,4,0.75,0.1,1.0,0.25,-0.15,2.9730401017297075,1.0145341457222645,0.11455953287636456,0.5972328002030972,0.21268088347296268
dixon_bivar_expected_awmae,4,0.25,0.06,0.0,0.5,0.1,2.9730498260398304,1.0224358974358974,0.123000761614623,0.5768596090378268,0.24454176186849455
dixon_bivar_expected_awmae,4,0.5,0.06,0.0,0.5,-0.05,2.9730560635899836,1.018024879411018,0.1243970550901244,0.5707666920538208,0.24555724803249557
dixon_bivar_expected_awmae,5,0.75,0.0,1.0,0.5,-0.15,2.9730598138857665,1.015930439197766,0.11703478040111703,0.5965981213505966,0.21445798425996446
dixon_bivar_expected_awmae,5,1.0,0.1,1.0,0.5,0.05,2.9730666913888997,1.0171997969027673,0.11576542269611577,0.5991368367605991,0.21172886519421172
dixon_bivar_expected_awmae,4,0.25,0.1,0.0,0.25,-0.1,2.973168878359629,1.0132647880172632,0.11912922061436913,0.5672124904798173,0.24276466108149278
dixon_bivar_expected_awmae,4,0.75,0.15,1.0,0.25,-0.05,2.9731723109847934,1.0145658796648895,0.11329017517136329,0.5964711855800965,0.21052297537446052
dixon_bivar_expected_awmae,5,0.0,0.0,0.0,0.25,-0.1,2.9732432682017698,1.0102817974105103,0.11874841330286875,0.5662604722010662,0.2414953033764915
dixon_bivar_expected_awmae,5,1.0,0.06,1.0,0.5,-0.15,2.9732569996754874,1.0151053566895152,0.11601929423711602,0.5960903782685961,0.2136963696369637
dixon_bivar_expected_awmae,5,0.0,0.06,0.5,0.0,-0.15,2.973257931157184,1.0140264026402641,0.11068799187611068,0.5915206905305915,0.22131251586697132
dixon_bivar_expected_awmae,5,0.0,0.0,0.5,0.0,-0.05,2.973269627869339,1.017168062960142,0.10922823051535922,0.5952018278750952,0.21966235085046967
dixon_bivar_expected_awmae,5,0.25,0.1,0.0,0.5,0.0,2.9732834362643996,1.01501015486164,0.1224930185326225,0.5675932977913176,0.24403401878649403
dixon_bivar_expected_awmae,5,1.0,0.1,1.0,0.5,0.0,2.9732862443922814,1.0165968519928916,0.11576542269611577,0.5976770753998477,0.21198273673521198
dixon_bivar_expected_awmae,4,0.25,0.06,0.0,0.5,0.05,2.973290647335403,1.0205001269357705,0.12261995430312261,0.5726072607260726,0.2439070830159939
dixon_bivar_expected_awmae,5,1.0,0.06,1.0,0.5,-0.1,2.9733531685913874,1.0153274942878903,0.1151942117288652,0.595963442498096,0.21198273673521198
dixon_bivar_expected_awmae,4,0.75,0.1,1.0,0.25,0.0,2.973367176114598,1.0163429804518913,0.11221122112211221,0.5985656257933486,0.2103960396039604
dixon_bivar_expected_awmae,5,0.0,0.0,0.5,0.0,-0.1,2.9733892603339256,1.0162477786240163,0.1097994414826098,0.5943767453668444,0.22048743335872048
dixon_bivar_expected_awmae,4,0.25,0.0,0.0,0.25,-0.15,2.973433447907318,1.0142802741812642,0.1184945417618685,0.5672759583650673,0.24225691799949226
dixon_bivar_expected_awmae,4,0.75,0.1,1.0,0.25,-0.1,2.973532578291433,1.01494668697639,0.11297283574511298,0.5963442498095963,0.2107133790302107
dixon_bivar_expected_awmae,5,1.0,0.15,1.0,0.5,0.1,2.9735657317625543,1.0175806042142677,0.11614623000761615,0.5993272404163493,0.21204620462046206
dixon_bivar_expected_awmae,4,0.5,0.1,0.0,0.5,-0.05,2.9735665282354686,1.017072861132267,0.12446052297537447,0.5694338664635694,0.244986037065245
dixon_bivar_expected_awmae,4,0.75,0.06,1.0,0.25,-0.15,2.9736613410727006,1.0145341457222645,0.1136075145976136,0.5964077176948465,0.21172886519421172
dixon_bivar_expected_awmae,4,1.0,0.0,1.0,0.5,-0.05,2.973663655263197,1.018056613353643,0.11424219345011424,0.5984386900228484,0.21122112211221122
dixon_bivar_expected_awmae,4,0.25,0.03,0.0,0.25,-0.15,2.9736995917299343,1.0135821274435135,0.11855800964711856,0.5668316831683168,0.243018532622493
dixon_bivar_expected_awmae,4,0.25,0.15,0.0,0.25,-0.1,2.9737215367858854,1.0118367605991367,0.12096978928662097,0.5662604722010662,0.24384361513074385
dixon_bivar_expected_awmae,4,0.25,0.1,0.0,0.5,0.05,2.9738045411094483,1.0192307692307692,0.12357197258187357,0.5717187103325717,0.24466869763899468
dixon_bivar_expected_awmae,4,1.0,0.15,1.0,0.25,0.1,2.973867482347361,1.017897943640518,0.10960903782685961,0.6003427265803504,0.20906321401370906
dixon_bivar_expected_awmae,5,1.0,0.06,1.0,0.5,-0.05,2.973902695370606,1.0161843107387662,0.11532114749936533,0.597042396547347,0.21223660827621224
dixon_bivar_expected_awmae,5,1.0,0.1,1.0,0.5,-0.1,2.9739093488243213,1.0154226961157655,0.11589235846661589,0.5955826351865956,0.2126174155877126
dixon_bivar_expected_awmae,5,1.0,0.1,1.0,0.5,-0.05,2.973910919739828,1.0161525767961412,0.11563848692561564,0.5965981213505966,0.21223660827621224
dixon_bivar_expected_awmae,4,0.75,0.0,0.0,0.5,-0.15,2.9739512302097264,1.0168189895912667,0.1243970550901244,0.5695608022340696,0.24555724803249557
dixon_bivar_expected_awmae,5,1.0,0.15,1.0,0.25,-0.15,2.974062935630398,1.0127253109926377,0.11214775323686214,0.5969154607768469,0.21268088347296268
dixon_bivar_expected_awmae,4,0.0,0.03,0.0,0.25,0.0,2.9740891369750564,1.0173584666158924,0.11741558771261741,0.5703224168570703,0.24155877126174155
dixon_bivar_expected_awmae,5,1.0,0.0,1.0,0.5,-0.1,2.9740996403286926,1.0153274942878903,0.11525767961411526,0.5965981213505966,0.21153846153846154
dixon_bivar_expected_awmae,5,0.75,0.15,1.0,0.5,-0.05,2.974162636776908,1.0164064483371413,0.11716171617161716,0.5963442498095963,0.21375983752221375
dixon_bivar_expected_awmae,4,0.25,0.0,0.0,0.5,0.05,2.9742161766576927,1.0227215029195227,0.12255648641787256,0.5747017009393247,0.24416095455699416
dixon_bivar_expected_awmae,5,1.0,0.03,1.0,0.5,-0.15,2.9742659990018994,1.0148514851485149,0.11589235846661589,0.5955191673013455,0.21236354404671237
dixon_bivar_expected_awmae,5,1.0,0.1,1.0,0.5,-0.15,2.9743771708934883,1.0151370906321402,0.11627316577811628,0.5953287636455953,0.21414064483371414
dixon_bivar_expected_awmae,5,0.75,0.15,1.0,0.5,-0.15,2.974378329972977,1.0149149530337649,0.11773292713886774,0.5943767453668444,0.21541000253871542
dixon_bivar_expected_awmae,4,1.0,0.15,1.0,0.25,-0.15,2.9744026052175436,1.0148514851485149,0.11278243208936278,0.5964711855800965,0.21274435135821274
dixon_bivar_expected_awmae,5,1.0,0.1,1.0,0.5,0.1,2.974406559185814,1.0178662096978928,0.1157019548108657,0.6001523229246002,0.21147499365321148
dixon_bivar_expected_awmae,5,1.0,0.15,1.0,0.5,-0.05,2.9745173298316114,1.015898705255141,0.11627316577811628,0.595963442498096,0.21287128712871287
dixon_bivar_expected_awmae,4,0.75,0.15,1.0,0.25,0.0,2.9745845941659095,1.016089108910891,0.11221122112211221,0.5974866717440975,0.21064991114496065
dixon_bivar_expected_awmae,4,0.75,0.15,0.0,0.5,-0.15,2.9745898171758953,1.0124397055090124,0.12572988068037572,0.566070068545316,0.24555724803249557
dixon_bivar_expected_awmae,4,0.5,0.15,0.0,0.5,-0.05,2.9746674806114615,1.0154544300583905,0.1256029449098756,0.5681010408733181,0.24523990860624523
dixon_bivar_expected_awmae,4,1.0,0.06,1.0,0.25,0.05,2.974673131442745,1.0183739527798934,0.11011678090886012,0.6008504696623509,0.21014216806296016
dixon_bivar_expected_awmae,4,0.5,0.0,0.0,0.5,-0.05,2.974705173884876,1.0204049251078955,0.12274689007362274,0.5718456461030719,0.2442878903274943
dixon_bivar_expected_awmae,5,0.75,0.06,1.0,0.5,-0.1,2.9747585895513686,1.0165333841076416,0.11678090886011679,0.5962807819243463,0.21395024117796396
dixon_bivar_expected_awmae,4,0.25,0.03,0.0,0.5,0.05,2.974773938548355,1.021801218583397,0.12274689007362274,0.5736227468900736,0.24435135821274434
dixon_bivar_expected_awmae,4,0.75,0.06,1.0,0.25,-0.05,2.9747819482437166,1.0162795125666413,0.11233815689261234,0.5980578827113481,0.21096725057121096
dixon_bivar_expected_awmae,4,0.75,0.06,0.0,0.5,-0.15,2.9747861899005916,1.01494668697639,0.12490479817212491,0.5682279766438182,0.24543031226199544
dixon_bivar_expected_awmae,4,0.75,0.03,1.0,0.25,-0.15,2.9747962840275433,1.0152640264026402,0.11284589997461285,0.5964077176948465,0.21153846153846154
dixon_bivar_expected_awmae,5,1.0,0.15,1.0,0.5,-0.1,2.9748201256483995,1.0156130997715156,0.11665397308961666,0.5956461030718456,0.21395024117796396
dixon_bivar_expected_awmae,5,0.75,0.0,1.0,0.5,0.0,2.9748297278784324,1.0185643564356435,0.11633663366336634,0.5992003046458492,0.2133155623254633
dixon_bivar_expected_awmae,4,0.5,0.0,0.0,0.5,-0.1,2.9749652526020243,1.018151815181518,0.12350850469662351,0.5694338664635694,0.24485910129474486
dixon_bivar_expected_awmae,5,1.0,0.03,1.0,0.5,0.05,2.9750500453034574,1.0178662096978928,0.11557501904036557,0.6002157908098502,0.21153846153846154
dixon_bivar_expected_awmae,5,0.0,0.03,0.0,0.5,0.15,2.9750667444539247,1.0215156130997716,0.12077938563087078,0.5753998476770754,0.24327240416349327
dixon_bivar_expected_awmae,5,1.0,0.15,1.0,0.25,0.05,2.9750743768948156,1.0148514851485149,0.11011678090886012,0.5995811119573495,0.2103960396039604
dixon_bivar_expected_awmae,4,1.0,0.0,1.0,0.5,-0.15,2.9750754446619676,1.0162477786240163,0.11449606499111449,0.5958999746128459,0.21103071845646104
dixon_bivar_expected_awmae,4,1.0,0.15,1.0,0.25,0.15,2.9751139424439357,1.0183739527798934,0.10948210205635948,0.6007870017771008,0.2086824067022087
dixon_bivar_expected_awmae,4,0.75,0.1,1.0,0.25,-0.05,2.975179141222385,1.0162160446813913,0.11227468900736227,0.5975501396293476,0.21077684691546078
dixon_bivar_expected_awmae,5,1.0,0.15,1.0,0.5,0.0,2.9751979386888596,1.0166920538207667,0.11614623000761615,0.5967885250063468,0.21268088347296268
dixon_bivar_expected_awmae,4,1.0,0.0,1.0,0.5,-0.1,2.9752157130949675,1.0176123381568927,0.11386138613861387,0.596978928662097,0.2110941863417111
dixon_bivar_expected_awmae,5,0.0,0.03,0.5,0.0,-0.05,2.975238416032132,1.017104595074892,0.10878395531860878,0.5942498095963442,0.2195988829652196
dixon_bivar_expected_awmae,4,0.75,0.0,1.0,0.25,-0.1,2.9752486822642905,1.0166285859355166,0.11252856054836252,0.5981848184818482,0.2121096725057121
dixon_bivar_expected_awmae,4,1.0,0.15,1.0,0.25,0.05,2.9752553203847323,1.0172632647880173,0.11024371667936024,0.5992003046458492,0.2091901497842092
dixon_bivar_expected_awmae,5,1.0,0.06,1.0,0.5,0.05,2.9752779345922264,1.0177392739273927,0.11557501904036557,0.5994541761868495,0.21147499365321148
dixon_bivar_expected_awmae,5,0.75,0.03,1.0,0.5,-0.1,2.975290038243334,1.0165968519928916,0.11633663366336634,0.5958999746128459,0.21325209444021326
dixon_bivar_expected_awmae,4,0.5,0.03,0.0,0.5,-0.1,2.975332883045662,1.017104595074892,0.12395277989337396,0.5681645087585682,0.24485910129474486
dixon_bivar_expected_awmae,5,0.75,0.03,1.0,0.5,-0.15,2.97533691948266,1.0161208428535162,0.11722518405686723,0.595963442498096,0.21477532368621477
dixon_bivar_expected_awmae,5,0.25,0.0,0.0,0.5,-0.05,2.975356448627927,1.016025641025641,0.12147753236862148,0.5672124904798173,0.24397055090124398
dixon_bivar_expected_awmae,4,0.75,0.15,1.0,0.25,0.05,2.975391629750184,1.0171997969027673,0.11195734958111196,0.5988829652195988,0.21045950748921047
dixon_bivar_expected_awmae,4,1.0,0.1,1.0,0.25,0.05,2.9754369401562792,1.0185326224930185,0.11011678090886012,0.6005331302361006,0.20995176440720995
dixon_bivar_expected_awmae,4,1.0,0.1,1.0,0.5,0.0,2.9754458674562683,1.019072099517644,0.11443259710586444,0.5981213505965981,0.21122112211221122
dixon_bivar_expected_awmae,4,0.75,0.03,0.0,0.5,-0.15,2.975500407611795,1.0158035034272659,0.12458745874587458,0.5682279766438182,0.24536684437674536
dixon_bivar_expected_awmae,4,0.5,0.15,1.0,0.25,0.05,2.9755291989632977,1.017009393247017,0.11494034018786493,0.5984386900228484,0.21147499365321148
dixon_bivar_expected_awmae,5,0.5,0.1,0.0,0.5,-0.15,2.9755373365899813,1.0104087331810103,0.12515866971312517,0.562960142168063,0.24593805534399593
dixon_bivar_expected_awmae,5,0.75,0.1,1.0,0.5,-0.1,2.9755775185928615,1.0165333841076416,0.11735211982736735,0.5961538461538461,0.21471185580096472
dixon_bivar_expected_awmae,5,0.5,0.06,0.0,0.5,-0.15,2.9755922682670786,1.0114876872302614,0.12452399086062452,0.5640390962173141,0.24606499111449606
dixon_bivar_expected_awmae,4,1.0,0.03,1.0,0.25,-0.05,2.9756209483283294,1.0172632647880173,0.11106879918761108,0.5991368367605991,0.21064991114496065
dixon_bivar_expected_awmae,4,1.0,0.0,1.0,0.25,0.0,2.9757063957226233,1.0183739527798934,0.1104975882203605,0.6008504696623509,0.21052297537446052
dixon_bivar_expected_awmae,4,0.75,0.1,0.0,0.5,-0.15,2.9757259437728276,1.0140898705255141,0.12528560548362527,0.5672124904798173,0.244986037065245
dixon_bivar_expected_awmae,5,0.75,0.15,1.0,0.5,0.0,2.9757629022344063,1.0173902005585174,0.11601929423711602,0.5963442498095963,0.2121096725057121
dixon_bivar_expected_awmae,4,0.25,0.06,0.0,0.25,-0.15,2.975766598171455,1.0135503935008885,0.1191926884996192,0.566070068545316,0.24352627570449353
dixon_bivar_expected_awmae,5,0.75,0.06,1.0,0.5,0.05,2.975819018645656,1.0192307692307692,0.11627316577811628,0.5995176440720995,0.21274435135821274
dixon_bivar_expected_awmae,4,1.0,0.03,1.0,0.5,-0.15,2.9758358492868933,1.0167555217060167,0.11449606499111449,0.5956461030718456,0.21147499365321148
dixon_bivar_expected_awmae,5,0.0,0.06,0.0,0.5,0.15,2.9758621006591346,1.020912668189896,0.12096978928662097,0.574003554201574,0.2433993399339934
dixon_bivar_expected_awmae,4,1.0,0.1,1.0,0.25,-0.05,2.9758722437399787,1.0163112465092663,0.11113226707286113,0.5976136075145976,0.2102056359482102
dixon_bivar_expected_awmae,4,1.0,0.15,1.0,0.25,0.0,2.975899224969635,1.0163112465092663,0.11106879918761108,0.5980578827113481,0.20982482863670981
dixon_bivar_expected_awmae,4,0.75,0.06,1.0,0.25,-0.1,2.9759156202552837,1.0161208428535162,0.1124016247778624,0.5972328002030972,0.2110941863417111
dixon_bivar_expected_awmae,4,1.0,0.1,1.0,0.25,0.1,2.975927667044271,1.0185008885503934,0.10973597359735973,0.6004696623508504,0.20906321401370906
dixon_bivar_expected_awmae,5,0.0,0.03,0.0,0.25,-0.1,2.9759415820302144,1.0102817974105103,0.11874841330286875,0.5658161970043158,0.24162223914699163
dixon_bivar_expected_awmae,4,1.0,0.0,1.0,0.5,0.0,2.975954645053836,1.019072099517644,0.11405178979436405,0.5993907083015994,0.2103960396039604
dixon_bivar_expected_awmae,4,1.0,0.06,1.0,0.25,0.0,2.9759660637272263,1.017993145468393,0.11062452399086062,0.5997715156130998,0.2102056359482102
dixon_bivar_expected_awmae,4,0.0,0.06,0.0,0.25,0.0,2.976025011180242,1.015835237369891,0.1177963950241178,0.5683549124143183,0.24136836760599137
dixon_bivar_expected_awmae,4,1.0,0.03,1.0,0.25,0.0,2.9760398728090456,1.0186595582635187,0.11024371667936024,0.6005331302361006,0.2105864432597106
dixon_bivar_expected_awmae,4,1.0,0.1,1.0,0.25,0.0,2.9760520904884555,1.0174536684437674,0.11068799187611068,0.5990733688753491,0.21001523229246002
dixon_bivar_expected_awmae,5,1.0,0.15,1.0,0.5,-0.15,2.9760995404932356,1.0146293475501396,0.1172886519421173,0.5941863417110942,0.2143945163747144
dixon_bivar_expected_awmae,5,0.75,0.03,1.0,0.5,0.0,2.9761006119454056,1.0186912922061437,0.11576542269611577,0.5981213505965981,0.2126174155877126
dixon_bivar_expected_awmae,4,1.0,0.03,1.0,0.5,0.0,2.976102040359813,1.0194529068291445,0.1137979182533638,0.5993272404163493,0.2105864432597106
dixon_bivar_expected_awmae,5,1.0,0.15,1.0,0.5,0.15,2.9761073782842327,1.018945163747144,0.11544808326986544,0.60008885503935,0.21172886519421172
dixon_bivar_expected_awmae,4,0.25,0.15,0.0,0.5,0.05,2.9761462413114796,1.017929677583143,0.12331810104087332,0.5696877380045697,0.24358974358974358
dixon_bivar_expected_awmae,5,0.0,0.1,0.0,0.5,0.15,2.9761643923766297,1.0191673013455191,0.12154100025387155,0.5723533891850724,0.24263772531099265
dixon_bivar_expected_awmae,5,0.75,0.1,1.0,0.5,-0.15,2.9761740515233446,1.0152640264026402,0.11735211982736735,0.5944402132520944,0.21433104848946433
dixon_bivar_expected_awmae,4,1.0,0.03,1.0,0.5,-0.1,2.976184048419306,1.0177710078700177,0.11417872556486418,0.5969154607768469,0.2114115257679614
dixon_bivar_expected_awmae,5,0.75,0.15,1.0,0.25,-0.1,2.9761876444249964,1.013106118304138,0.11411525767961411,0.5964077176948465,0.2124904798172125
dixon_bivar_expected_awmae,5,0.75,0.03,1.0,0.5,0.05,2.9762089825487137,1.0196433104848945,0.11608276212236608,0.59996191926885,0.21287128712871287
dixon_bivar_expected_awmae,4,1.0,0.1,1.0,0.5,0.05,2.9762590351769225,1.0199606499111449,0.11405178979436405,0.5993907083015994,0.21077684691546078
dixon_bivar_expected_awmae,4,0.75,0.0,1.0,0.25,-0.05,2.976281688561931,1.0176440720995177,0.11208428535161208,0.5994541761868495,0.21122112211221122
dixon_bivar_expected_awmae,4,0.75,0.03,1.0,0.25,-0.05,2.9762819629287245,1.0174854023863924,0.11183041381061183,0.5987560294490988,0.21077684691546078
dixon_bivar_expected_awmae,5,1.0,0.0,1.0,0.5,0.05,2.9762895549427673,1.017929677583143,0.115003808073115,0.59996191926885,0.2109037826859609
dixon_bivar_expected_awmae,5,0.0,0.1,0.0,0.25,-0.1,2.976319131634778,1.0084412287382585,0.1197004315816197,0.5639756283320639,0.2418126428027418
dixon_bivar_expected_awmae,5,0.5,0.15,1.0,0.5,0.1,2.976343381944876,1.0201193196242702,0.11665397308961666,0.5985656257933486,0.212998222899213
dixon_bivar_expected_awmae,5,0.75,0.15,1.0,0.5,0.15,2.9763898792822685,1.0204049251078955,0.11608276212236608,0.6006600660066007,0.21198273673521198
dixon_bivar_expected_awmae,4,1.0,0.0,1.0,0.25,-0.05,2.976400722683812,1.017897943640518,0.11068799187611068,0.5995811119573495,0.21045950748921047
dixon_bivar_expected_awmae,4,1.0,0.06,1.0,0.25,-0.1,2.9764200370935963,1.0164699162223916,0.11157654226961157,0.5976136075145976,0.21128458999746128
dixon_bivar_expected_awmae,4,0.75,0.15,1.0,0.25,-0.15,2.976472899633146,1.0144072099517645,0.11474993653211475,0.5957095709570958,0.21293475501396295
dixon_bivar_expected_awmae,4,1.0,0.06,1.0,0.25,-0.15,2.9764797072941236,1.015930439197766,0.11183041381061183,0.596978928662097,0.21128458999746128
dixon_bivar_expected_awmae,4,0.75,0.0,1.0,0.25,-0.15,2.9764934563631824,1.0163429804518913,0.11290936785986291,0.597105864432597,0.21217314039096216
dixon_bivar_expected_awmae,4,1.0,0.03,1.0,0.5,-0.05,2.976587226100726,1.0186595582635187,0.11392485402386393,0.5976770753998477,0.2109037826859609
dixon_bivar_expected_awmae,4,0.75,0.1,1.0,0.5,-0.1,2.9765890974034637,1.018056613353643,0.11671744097486672,0.5962807819243463,0.21445798425996446
dixon_bivar_expected_awmae,4,1.0,0.15,1.0,0.5,0.05,2.976633020275805,1.0196750444275198,0.11481340441736482,0.5986290936785986,0.21166539730896167
dixon_bivar_expected_awmae,4,0.75,0.15,1.0,0.0,0.1,2.976661411162533,1.0177710078700177,0.1084031480071084,0.6009139375476009,0.21064991114496065
dixon_bivar_expected_awmae,4,0.5,0.06,0.0,0.5,-0.1,2.9766812792042447,1.0165333841076416,0.12407971566387407,0.5670220868240671,0.24562071591774562
dixon_bivar_expected_awmae,5,0.5,0.15,1.0,0.5,-0.15,2.976702866413837,1.01501015486164,0.11792333079461792,0.5930439197765931,0.2157908098502158
dixon_bivar_expected_awmae,4,0.75,0.03,1.0,0.25,-0.1,2.9767192382801144,1.0165968519928916,0.11246509266311247,0.5976136075145976,0.21166539730896167
dixon_bivar_expected_awmae,4,1.0,0.06,1.0,0.5,-0.1,2.97674112554994,1.0177392739273927,0.11411525767961411,0.5961538461538461,0.21134805788271135
dixon_bivar_expected_awmae,5,0.75,0.15,1.0,0.25,-0.15,2.9767594706609173,1.0126301091647627,0.11544808326986544,0.5964077176948465,0.214013709063214
dixon_bivar_expected_awmae,4,1.0,0.03,1.0,0.25,-0.1,2.9768091984353076,1.0165651180502666,0.11138613861386139,0.5976136075145976,0.21077684691546078
dixon_bivar_expected_awmae,5,0.5,0.1,1.0,0.5,-0.15,2.9768103730566438,1.0155178979436406,0.11773292713886774,0.5935516628585935,0.2145849200304646
dixon_bivar_expected_awmae,4,1.0,0.06,1.0,0.5,0.0,2.9768415027673134,1.0198654480832698,0.11348057882711349,0.5986290936785986,0.2109037826859609
dixon_bivar_expected_awmae,4,0.5,0.15,0.0,0.5,-0.1,2.9768416041583903,1.0134551916730135,0.12522213759837522,0.564927646610815,0.24536684437674536
dixon_bivar_expected_awmae,4,1.0,0.15,1.0,0.25,-0.1,2.9768902382563858,1.015898705255141,0.11176694592536177,0.5964077176948465,0.21115765422696114
dixon_bivar_expected_awmae,4,1.0,0.03,1.0,0.25,0.05,2.9768996843225892,1.0184374206651434,0.10998984513835999,0.6002157908098502,0.2091901497842092
dixon_bivar_expected_awmae,4,0.75,0.06,1.0,0.5,0.05,2.97690981436637,1.0212300076161462,0.11481340441736482,0.5995811119573495,0.2121096725057121
dixon_bivar_expected_awmae,5,0.0,0.15,0.0,0.25,-0.05,2.9769603307234056,1.0079652195988829,0.12001777100787002,0.5637852246763138,0.2407971566387408
dixon_bivar_expected_awmae,5,0.75,0.15,1.0,0.5,0.1,2.9769737150816686,1.0198971820258949,0.11620969789286621,0.5992637725310993,0.21223660827621224
dixon_bivar_expected_awmae,5,0.75,0.06,1.0,0.5,0.0,2.9769823519386898,1.0185643564356435,0.11608276212236608,0.5978040111703478,0.21280781924346281
dixon_bivar_expected_awmae,5,0.0,0.15,0.0,0.25,-0.1,2.9769846643893807,1.0068862655496318,0.12008123889312008,0.5620715917745621,0.24212998222899212
dixon_bivar_expected_awmae,5,0.5,0.06,1.0,0.5,0.05,2.9769933699971927,1.0198654480832698,0.11646356943386646,0.5985021579080985,0.21274435135821274
dixon_bivar_expected_awmae,4,1.0,0.1,1.0,0.5,-0.1,2.9770284047952287,1.0176440720995177,0.11462300076161462,0.5955826351865956,0.21153846153846154
dixon_bivar_expected_awmae,5,0.0,0.03,0.0,0.25,-0.15,2.9770382992500504,1.0086316323940085,0.1197004315816197,0.5633409494795634,0.24263772531099265
dixon_bivar_expected_awmae,4,1.0,0.15,1.0,0.5,0.1,2.9770779669528116,1.0200241177963951,0.11506727595836506,0.5997080477278497,0.21134805788271135
dixon_bivar_expected_awmae,5,1.0,0.15,1.0,0.25,0.1,2.977081208288769,1.015930439197766,0.10986290936785986,0.6003427265803504,0.21033257171871034
dixon_bivar_expected_awmae,4,0.5,0.06,1.0,0.25,0.0,2.977086125542158,1.0178344757552678,0.115003808073115,0.5991368367605991,0.21160192942371162
dixon_bivar_expected_awmae,4,0.75,0.15,1.0,0.5,-0.05,2.9770981950076587,1.0187864940340188,0.11595582635186595,0.5963442498095963,0.212998222899213
dixon_bivar_expected_awmae,5,0.5,0.15,1.0,0.5,-0.1,2.9771002800829156,1.0163429804518913,0.11722518405686723,0.5938690022848438,0.2145214521452145
dixon_bivar_expected_awmae,5,0.75,0.03,1.0,0.5,-0.05,2.9771242382562035,1.017993145468393,0.11582889058136583,0.597042396547347,0.21293475501396295
dixon_bivar_expected_awmae,5,0.5,0.1,1.0,0.5,-0.1,2.9771509152885884,1.0166920538207667,0.11741558771261741,0.5945671490225946,0.21433104848946433
dixon_bivar_expected_awmae,4,0.75,0.03,1.0,0.5,0.0,2.9772210786885394,1.0208492003046459,0.11513074384361513,0.5988194973343488,0.2126174155877126
dixon_bivar_expected_awmae,4,1.0,0.06,1.0,0.25,-0.05,2.9772264363465792,1.017009393247017,0.11113226707286113,0.5981848184818482,0.21045950748921047
dixon_bivar_expected_awmae,4,0.25,0.06,0.0,0.5,0.0,2.9772373086191832,1.0192625031733942,0.12319116527037319,0.5691799949225692,0.24492256917999491
dixon_bivar_expected_awmae,4,0.5,0.1,1.0,0.25,0.0,2.977242747475327,1.0173902005585174,0.11455953287636456,0.5982482863670983,0.21115765422696114
dixon_bivar_expected_awmae,5,0.75,0.0,1.0,0.5,-0.05,2.977305464580187,1.018151815181518,0.11563848692561564,0.5973597359735974,0.21293475501396295
dixon_bivar_expected_awmae,4,0.75,0.06,1.0,0.5,-0.1,2.9773552089451867,1.0186595582635187,0.11601929423711602,0.5962173140390962,0.21350596598121352
dixon_bivar_expected_awmae,5,0.75,0.15,1.0,0.5,0.05,2.9773611810178195,1.019072099517644,0.11576542269611577,0.5974866717440975,0.2121096725057121
dixon_bivar_expected_awmae,4,0.5,0.1,1.0,0.25,0.05,2.9773725931256054,1.017929677583143,0.11436912922061437,0.5992637725310993,0.21096725057121096
dixon_bivar_expected_awmae,4,0.75,0.0,1.0,0.5,-0.15,2.977376362857114,1.0188499619192688,0.11557501904036557,0.5967250571210967,0.21382330540746383
dixon_bivar_expected_awmae,4,0.0,0.1,0.0,0.25,0.0,2.9773900680205756,1.0142802741812642,0.11874841330286875,0.5670855547093171,0.24143183549124142
dixon_bivar_expected_awmae,5,1.0,0.15,1.0,0.25,0.0,2.9773944909362835,1.0147562833206398,0.11087839553186088,0.5983117542523483,0.2109037826859609
dixon_bivar_expected_awmae,5,0.0,0.15,0.0,0.5,0.15,2.9774115381982287,1.0187547600913938,0.12128712871287128,0.5711474993653212,0.24314546839299314
dixon_bivar_expected_awmae,4,0.75,0.06,1.0,0.25,0.0,2.977419980075854,1.0177392739273927,0.11176694592536177,0.5993272404163493,0.21033257171871034
dixon_bivar_expected_awmae,4,0.5,0.0,1.0,0.25,-0.05,2.97743645352073,1.017993145468393,0.11506727595836506,0.5991368367605991,0.2117923330794618
dixon_bivar_expected_awmae,4,1.0,0.0,1.0,0.25,-0.1,2.9774375587817077,1.016977659304392,0.11132267072861132,0.5979944148260979,0.21084031480071083
dixon_bivar_expected_awmae,5,0.75,0.15,1.0,0.5,-0.1,2.9774381123338776,1.0161208428535162,0.1172886519421173,0.5946940847930947,0.21375983752221375
dixon_bivar_expected_awmae,4,1.0,0.1,1.0,0.5,-0.15,2.977440604871163,1.0177075399847677,0.11506727595836506,0.5955826351865956,0.2133790302107134
dixon_bivar_expected_awmae,5,0.75,0.1,1.0,0.5,-0.05,2.977506920678579,1.0176123381568927,0.11614623000761615,0.595963442498096,0.212998222899213
dixon_bivar_expected_awmae,4,1.0,0.06,1.0,0.5,0.05,2.9775104993706596,1.0201827875095202,0.1137979182533638,0.5998984513835999,0.2102056359482102
dixon_bivar_expected_awmae,4,0.75,0.1,1.0,0.5,-0.15,2.9775399111268452,1.0167872556486417,0.11703478040111703,0.5944402132520944,0.2143945163747144
dixon_bivar_expected_awmae,5,0.5,0.1,1.0,0.5,-0.05,2.977553517432367,1.017929677583143,0.11684437674536684,0.5957095709570958,0.21375983752221375
dixon_bivar_expected_awmae,4,0.5,0.0,1.0,0.25,0.0,2.97759075602198,1.0178344757552678,0.11455953287636456,0.5995811119573495,0.2109037826859609
dixon_bivar_expected_awmae,4,0.5,0.1,1.0,0.25,0.1,2.977591388181172,1.0186912922061437,0.1136075145976136,0.6002157908098502,0.21064991114496065
dixon_bivar_expected_awmae,5,0.75,0.1,1.0,0.25,-0.15,2.9776082871500202,1.0134869256156385,0.11424219345011424,0.5966615892358467,0.21293475501396295
dixon_bivar_expected_awmae,4,1.0,0.15,1.0,0.25,-0.05,2.97761063526069,1.0165016501650166,0.11100533130236101,0.596978928662097,0.21026910383346026
dixon_bivar_expected_awmae,4,1.0,0.06,1.0,0.5,-0.05,2.9776363993381874,1.018945163747144,0.1136075145976136,0.5971693323178472,0.2109037826859609
dixon_bivar_expected_awmae,5,0.75,0.06,1.0,0.5,-0.15,2.9776502455600733,1.016089108910891,0.11697131251586697,0.5948844884488449,0.21426758060421427
dixon_bivar_expected_awmae,5,0.75,0.1,1.0,0.5,0.1,2.977652135496087,1.0204366590505205,0.11608276212236608,0.6001523229246002,0.2123000761614623
dixon_bivar_expected_awmae,5,0.75,0.06,1.0,0.5,-0.05,2.9777047498498233,1.017993145468393,0.11608276212236608,0.5965346534653465,0.212998222899213
dixon_bivar_expected_awmae,5,1.0,0.1,1.0,0.25,0.0,2.9777065842907717,1.0153592282305153,0.10986290936785986,0.5994541761868495,0.20982482863670981
dixon_bivar_expected_awmae,5,0.75,0.1,1.0,0.5,0.05,2.977725354422676,1.0198971820258949,0.11620969789286621,0.5987560294490988,0.21274435135821274
dixon_bivar_expected_awmae,4,0.25,0.03,0.0,0.5,0.0,2.9777278035417196,1.0200241177963951,0.12306422949987307,0.5703858847423204,0.24466869763899468
dixon_bivar_expected_awmae,4,0.5,0.15,1.0,0.25,0.1,2.9777309514331174,1.0182152830667681,0.11386138613861387,0.5992003046458492,0.21103071845646104
dixon_bivar_expected_awmae,5,0.5,0.15,1.0,0.5,0.0,2.977731817860098,1.0184056867225184,0.11627316577811628,0.5957730388423458,0.212998222899213
dixon_bivar_expected_awmae,4,0.75,0.03,1.0,0.5,-0.15,2.9777319804844025,1.018151815181518,0.11646356943386646,0.596026910383346,0.21426758060421427
dixon_bivar_expected_awmae,5,0.75,0.06,1.0,0.5,0.1,2.9777493376788224,1.0206905305915206,0.11595582635186595,0.6008504696623509,0.21274435135821274
dixon_bivar_expected_awmae,4,1.0,0.1,1.0,0.5,-0.05,2.9777726580660095,1.0185643564356435,0.11424219345011424,0.5965346534653465,0.21103071845646104
dixon_bivar_expected_awmae,4,0.75,0.15,1.0,0.0,0.05,2.9777759604739846,1.0177392739273927,0.10878395531860878,0.6003427265803504,0.21128458999746128
dixon_bivar_expected_awmae,5,1.0,0.1,1.0,0.25,0.05,2.977855934662374,1.015993907083016,0.10992637725310993,0.6004696623508504,0.2098882965219599
dixon_bivar_expected_awmae,5,0.5,0.1,1.0,0.5,0.1,2.9778564740600726,1.0206270627062706,0.11627316577811628,0.5992637725310993,0.21236354404671237
dixon_bivar_expected_awmae,4,0.75,0.15,1.0,0.25,0.15,2.9778623877625603,1.0193577050012694,0.11043412033511044,0.6007235338918507,0.2095074892104595
dixon_bivar_expected_awmae,4,0.75,0.1,1.0,0.5,0.05,2.977867318391837,1.0212300076161462,0.1151942117288652,0.598946433104849,0.2121096725057121
dixon_bivar_expected_awmae,4,0.5,0.06,1.0,0.25,0.05,2.977879541928317,1.0183104848946434,0.11354404671236354,0.5995811119573495,0.21001523229246002
dixon_bivar_expected_awmae,5,0.75,0.03,1.0,0.5,0.1,2.9779083535242723,1.0204049251078955,0.11620969789286621,0.6007870017771008,0.21274435135821274
dixon_bivar_expected_awmae,4,0.75,0.06,1.0,0.5,0.0,2.977911317316113,1.0201193196242702,0.11525767961411526,0.5977405432850977,0.21236354404671237
dixon_bivar_expected_awmae,5,0.0,0.06,0.0,0.25,-0.1,2.977938103181172,1.0097423203858849,0.1191926884996192,0.5646103071845646,0.24162223914699163
dixon_bivar_expected_awmae,4,0.75,0.1,1.0,0.25,0.05,2.977981520104357,1.0185643564356435,0.11119573495811119,0.5997715156130998,0.21033257171871034
dixon_bivar_expected_awmae,5,0.75,0.0,1.0,0.5,0.1,2.978001286593964,1.0201193196242702,0.11576542269611577,0.6005331302361006,0.21191926884996193
dixon_bivar_expected_awmae,4,1.0,0.1,1.0,0.25,-0.15,2.9780032040520275,1.015835237369891,0.11176694592536177,0.5956461030718456,0.21115765422696114
dixon_bivar_expected_awmae,4,0.5,0.03,1.0,0.25,0.0,2.97800538393553,1.018183549124143,0.11468646864686469,0.5995176440720995,0.2114115257679614
dixon_bivar_expected_awmae,4,0.75,0.15,1.0,0.5,-0.15,2.978010078430197,1.0167872556486417,0.11684437674536684,0.594059405940594,0.2142041127189642
dixon_bivar_expected_awmae,4,1.0,0.1,1.0,0.25,-0.1,2.978024776463861,1.0164381822797663,0.11125920284336126,0.5968519928915968,0.21077684691546078
dixon_bivar_expected_awmae,4,1.0,0.15,1.0,0.0,0.05,2.9780975348377754,1.0174219345011424,0.10764153338410765,0.6007235338918507,0.20963442498095963
dixon_bivar_expected_awmae,5,1.0,0.15,1.0,0.25,-0.1,2.9781589320677084,1.0136138613861385,0.11125920284336126,0.5964711855800965,0.2114115257679614
dixon_bivar_expected_awmae,5,0.5,0.06,1.0,0.5,-0.05,2.978172983662437,1.0183422188372684,0.11659050520436659,0.5961538461538461,0.21325209444021326
dixon_bivar_expected_awmae,5,0.75,0.0,1.0,0.5,0.05,2.978194584905277,1.01999238385377,0.11620969789286621,0.6001523229246002,0.21274435135821274
dixon_bivar_expected_awmae,4,0.75,0.1,1.0,0.5,0.1,2.978197416254896,1.0221502919522722,0.11532114749936533,0.6002792586951002,0.2123000761614623
dixon_bivar_expected_awmae,4,0.5,0.15,1.0,0.25,-0.15,2.9782038608451975,1.0150736227468902,0.11608276212236608,0.5949479563340949,0.2133155623254633
dixon_bivar_expected_awmae,5,0.75,0.15,1.0,0.25,0.0,2.978213257380852,1.0150736227468902,0.11233815689261234,0.5976770753998477,0.21160192942371162
dixon_bivar_expected_awmae,4,0.5,0.15,1.0,0.25,-0.05,2.9782159247255464,1.0163429804518913,0.11513074384361513,0.5962807819243463,0.21166539730896167
dixon_bivar_expected_awmae,5,0.75,0.0,1.0,0.5,-0.1,2.97821795590595,1.0176758060421427,0.11532114749936533,0.5958999746128459,0.21274435135821274
dixon_bivar_expected_awmae,5,0.5,0.06,1.0,0.5,-0.15,2.978219859239388,1.0166603198781416,0.11684437674536684,0.594059405940594,0.2142041127189642
dixon_bivar_expected_awmae,5,0.5,0.15,1.0,0.25,0.1,2.9782205557274093,1.0161843107387662,0.11411525767961411,0.5996445798425997,0.21185580096471185
dixon_bivar_expected_awmae,5,0.5,0.15,1.0,0.25,0.05,2.9782297154745825,1.0155178979436406,0.1151942117288652,0.5985021579080985,0.21280781924346281
dixon_bivar_expected_awmae,5,1.0,0.1,1.0,0.5,0.15,2.978249513960817,1.0193259710586444,0.11481340441736482,0.6001523229246002,0.21084031480071083
dixon_bivar_expected_awmae,5,0.0,0.06,0.0,0.25,-0.15,2.97826623730142,1.007996953541508,0.11976389946686976,0.5623254633155623,0.24295506473724296
dixon_bivar_expected_awmae,5,0.5,0.0,1.0,0.5,-0.1,2.9782687255723674,1.018056613353643,0.11582889058136583,0.5958999746128459,0.2123000761614623
dixon_bivar_expected_awmae,4,0.75,0.15,1.0,0.25,0.1,2.9783157847887214,1.0186595582635187,0.11087839553186088,0.5995811119573495,0.2095074892104595
dixon_bivar_expected_awmae,5,0.75,0.15,1.0,0.25,-0.05,2.978316098850055,1.0141850723533892,0.11297283574511298,0.5967885250063468,0.21172886519421172
dixon_bivar_expected_awmae,4,0.75,0.1,1.0,0.5,-0.05,2.978345880398064,1.0191673013455191,0.11532114749936533,0.5958365067275958,0.21274435135821274
dixon_bivar_expected_awmae,4,0.0,0.0,0.0,0.5,0.15,2.978363756411135,1.0262439705509012,0.12217567910637217,0.5779385630870779,0.24473216552424473
dixon_bivar_expected_awmae,5,0.0,0.0,0.0,0.5,0.1,2.978400950301268,1.0207222645341458,0.12096978928662097,0.5722899212998223,0.24320893627824322
dixon_bivar_expected_awmae,4,1.0,0.03,1.0,0.5,0.05,2.9784181700012256,1.0203414572226452,0.11348057882711349,0.60008885503935,0.20995176440720995
dixon_bivar_expected_awmae,5,1.0,0.15,1.0,0.25,-0.05,2.9784346618603794,1.013994668697639,0.11094186341711094,0.5968519928915968,0.21077684691546078
dixon_bivar_expected_awmae,4,1.0,0.03,1.0,0.25,-0.15,2.9785795416856966,1.0166603198781416,0.11113226707286113,0.596978928662097,0.21103071845646104
dixon_bivar_expected_awmae,4,1.0,0.15,1.0,0.5,0.0,2.978583537532205,1.0193259710586444,0.11430566133536431,0.5969154607768469,0.21115765422696114
dixon_bivar_expected_awmae,5,0.5,0.03,1.0,0.5,-0.1,2.9785961339709806,1.0178344757552678,0.11671744097486672,0.5958365067275958,0.2133790302107134
dixon_bivar_expected_awmae,5,1.0,0.1,1.0,0.25,-0.05,2.978638325383326,1.0143437420665145,0.11094186341711094,0.5981213505965981,0.2105864432597106
dixon_bivar_expected_awmae,4,1.0,0.06,1.0,0.5,-0.15,2.978683016857683,1.0177075399847677,0.11481340441736482,0.5956461030718456,0.2126174155877126
dixon_bivar_expected_awmae,4,0.5,0.1,1.0,0.25,-0.05,2.978735428712209,1.0168189895912667,0.11474993653211475,0.5968519928915968,0.21096725057121096
dixon_bivar_expected_awmae,5,0.5,0.1,1.0,0.5,0.05,2.9787871255202263,1.0196115765422695,0.11678090886011679,0.5978040111703478,0.21287128712871287
dixon_bivar_expected_awmae,5,0.75,0.1,1.0,0.5,0.15,2.9788277940189567,1.0212934755013963,0.11576542269611577,0.6006600660066007,0.21185580096471185
dixon_bivar_expected_awmae,4,0.5,0.03,0.0,0.5,-0.15,2.9788495820866756,1.015898705255141,0.12363544046712363,0.5652449860370653,0.24536684437674536
dixon_bivar_expected_awmae,4,1.0,0.06,1.0,0.25,0.1,2.9788636634683257,1.019072099517644,0.10948210205635948,0.6002157908098502,0.20842853516120843
dixon_bivar_expected_awmae,5,0.25,0.03,0.0,0.5,-0.05,2.978883431262417,1.0153274942878903,0.12160446813912161,0.5652449860370653,0.2433993399339934
dixon_bivar_expected_awmae,4,0.75,0.06,1.0,0.5,-0.15,2.9789259800558834,1.017929677583143,0.11684437674536684,0.5953922315308454,0.2145849200304646
dixon_bivar_expected_awmae,4,1.0,0.15,1.0,0.5,-0.05,2.978935152995938,1.0187864940340188,0.11430566133536431,0.5958999746128459,0.21128458999746128
dixon_bivar_expected_awmae,4,1.0,0.15,1.0,0.5,-0.1,2.9789572110159614,1.0183422188372684,0.115003808073115,0.5957095709570958,0.2126174155877126
dixon_bivar_expected_awmae,4,0.5,0.15,1.0,0.25,0.0,2.978967659882133,1.0167237877633917,0.11474993653211475,0.5965346534653465,0.21103071845646104
dixon_bivar_expected_awmae,5,0.25,0.15,1.0,0.25,0.1,2.9789731256828165,1.0177392739273927,0.1151942117288652,0.5993272404163493,0.21242701193196242
dixon_bivar_expected_awmae,4,1.0,0.0,1.0,0.25,0.05,2.979002405273808,1.0193577050012694,0.10948210205635948,0.6004061944656004,0.20925361766945924
dixon_bivar_expected_awmae,4,0.75,0.15,1.0,0.0,0.15,2.9790217616769183,1.0186595582635187,0.10795887281035796,0.6012947448591013,0.21045950748921047
dixon_bivar_expected_awmae,5,0.5,0.15,1.0,0.5,0.15,2.9790276619753513,1.0213252094440213,0.1169078446306169,0.59996191926885,0.21280781924346281
dixon_bivar_expected_awmae,5,1.0,0.03,1.0,0.5,0.1,2.979066303248984,1.0189134298045188,0.11455953287636456,0.5998349834983498,0.2102056359482102
dixon_bivar_expected_awmae,5,0.75,0.1,1.0,0.5,0.0,2.97913695736228,1.019072099517644,0.11582889058136583,0.597042396547347,0.21280781924346281
dixon_bivar_expected_awmae,4,1.0,0.0,1.0,0.25,-0.15,2.9791458929044237,1.017009393247017,0.11144960649911145,0.597105864432597,0.21128458999746128
dixon_bivar_expected_awmae,4,0.75,0.06,1.0,0.5,0.1,2.9791660413043184,1.022023356181772,0.11538461538461539,0.6008504696623509,0.21223660827621224
dixon_bivar_expected_awmae,4,0.75,0.03,1.0,0.5,0.05,2.97918577694293,1.021928154353897,0.11525767961411526,0.60008885503935,0.2123000761614623
dixon_bivar_expected_awmae,5,0.5,0.03,1.0,0.5,-0.15,2.979186516837924,1.016914191419142,0.11633663366336634,0.5943767453668444,0.2133155623254633
dixon_bivar_expected_awmae,5,0.5,0.06,1.0,0.5,-0.1,2.97921120159086,1.017929677583143,0.11659050520436659,0.5951383599898451,0.21350596598121352
dixon_bivar_expected_awmae,5,1.0,0.06,1.0,0.5,0.1,2.979244107443467,1.0195481086570195,0.11449606499111449,0.60008885503935,0.21064991114496065
dixon_bivar_expected_awmae,4,0.25,0.1,0.0,0.25,-0.15,2.9792491628019286,1.0127887788778878,0.12033511043412033,0.5648007108403148,0.2440974866717441
dixon_bivar_expected_awmae,4,0.75,0.15,1.0,0.5,0.1,2.979281170485381,1.022055090124397,0.11557501904036557,0.5994541761868495,0.21217314039096216
dixon_bivar_expected_awmae,4,1.0,0.1,1.0,0.5,0.1,2.9792934876509576,1.021039603960396,0.11398832190911398,0.6003427265803504,0.21064991114496065
dixon_bivar_expected_awmae,4,0.25,0.1,0.0,0.5,0.0,2.979308138178967,1.0183422188372684,0.12319116527037319,0.567974105102818,0.24473216552424473
dixon_bivar_expected_awmae,4,0.75,0.0,1.0,0.5,-0.05,2.979319161958366,1.0203097232800202,0.11494034018786493,0.5977405432850977,0.2126174155877126
dixon_bivar_expected_awmae,5,1.0,0.06,1.0,0.25,0.0,2.9793383298421126,1.0162477786240163,0.11005331302361006,0.6005331302361006,0.21001523229246002
dixon_bivar_expected_awmae,5,0.5,0.15,1.0,0.5,-0.05,2.9793643433394768,1.0178027418126427,0.11646356943386646,0.5945671490225946,0.21344249809596344
dixon_bivar_expected_awmae,5,1.0,0.1,1.0,0.25,-0.1,2.979372032005654,1.0142802741812642,0.11125920284336126,0.5973597359735974,0.2109037826859609
dixon_bivar_expected_awmae,5,0.25,0.15,1.0,0.25,0.15,2.979411121910249,1.018120081238893,0.11532114749936533,0.6002157908098502,0.21204620462046206
dixon_bivar_expected_awmae,5,0.5,0.15,1.0,0.5,0.05,2.9794143444376626,1.0192625031733942,0.1164001015486164,0.5963442498095963,0.21255394770246255
dixon_bivar_expected_awmae,5,0.5,0.06,1.0,0.5,0.0,2.979463691664824,1.019072099517644,0.11659050520436659,0.5966615892358467,0.21280781924346281
dixon_bivar_expected_awmae,4,0.75,0.15,1.0,0.0,0.0,2.979483786801623,1.016977659304392,0.10941863417110942,0.5988829652195988,0.21166539730896167
dixon_bivar_expected_awmae,4,1.0,0.15,1.0,0.0,0.0,2.9795056293913373,1.017072861132267,0.1082127443513582,0.5997715156130998,0.2102056359482102
dixon_bivar_expected_awmae,5,1.0,0.1,1.0,0.25,-0.15,2.9795237112044792,1.0136455953287637,0.11132267072861132,0.5962807819243463,0.21084031480071083
dixon_bivar_expected_awmae,5,0.0,0.1,0.0,0.5,0.1,2.979525670323792,1.0185008885503934,0.12166793602437166,0.569053059152069,0.24320893627824322
dixon_bivar_expected_awmae,5,0.75,0.15,1.0,0.25,0.05,2.9795586960764875,1.0163429804518913,0.1118938816958619,0.598946433104849,0.21147499365321148
dixon_bivar_expected_awmae,4,0.5,0.03,1.0,0.25,0.05,2.979575201142919,1.0188499619192688,0.11367098248286367,0.5998984513835999,0.2102056359482102
dixon_bivar_expected_awmae,5,0.75,0.06,1.0,0.25,-0.15,2.979581305777305,1.0142168062960142,0.11329017517136329,0.5964711855800965,0.2121096725057121
dixon_bivar_expected_awmae,4,0.25,0.15,1.0,0.25,0.1,2.979583655482508,1.0205635948210205,0.1137979182533638,0.5990733688753491,0.2117923330794618
dixon_bivar_expected_awmae,5,0.0,0.0,0.0,0.25,-0.15,2.9796681691875047,1.00996445798426,0.11906575272911907,0.5638486925615639,0.24225691799949226
dixon_bivar_expected_awmae,5,0.5,0.0,1.0,0.5,-0.15,2.979677983481809,1.0173902005585174,0.11627316577811628,0.5950748921045951,0.21312515866971313
dixon_bivar_expected_awmae,4,0.5,0.1,0.0,0.5,-0.1,2.979688307076165,1.0162477786240163,0.12465092663112465,0.5658796648895659,0.24504950495049505
dixon_bivar_expected_awmae,4,0.75,0.03,1.0,0.5,-0.1,2.9797077431425674,1.0194846407717695,0.1151942117288652,0.5961538461538461,0.21293475501396295
dixon_bivar_expected_awmae,5,0.0,0.03,0.0,0.5,0.1,2.979716097117017,1.0197702462553948,0.12077938563087078,0.5707666920538208,0.24251078954049252
dixon_bivar_expected_awmae,4,0.5,0.03,1.0,0.25,-0.05,2.979716852834482,1.017961411525768,0.11513074384361513,0.5981213505965981,0.2117923330794618
dixon_bivar_expected_awmae,4,0.25,0.0,0.0,0.5,0.0,2.979742189795245,1.0212934755013963,0.1223026148768723,0.5706397562833206,0.24403401878649403
dixon_bivar_expected_awmae,4,1.0,0.0,1.0,0.5,0.05,2.979829773672519,1.0207222645341458,0.11322670728611323,0.60008885503935,0.20976136075145976
dixon_bivar_expected_awmae,5,0.25,0.15,0.0,0.5,0.0,2.9798491014240995,1.0144072099517645,0.123000761614623,0.5654988575780655,0.2440974866717441
dixon_bivar_expected_awmae,4,0.0,0.15,0.0,0.25,0.0,2.979867930432978,1.0134869256156385,0.11951002792586951,0.5658796648895659,0.24206651434374207
dixon_bivar_expected_awmae,5,0.5,0.0,1.0,0.5,0.0,2.979873510331643,1.0200875856816451,0.11620969789286621,0.5980578827113481,0.2123000761614623
dixon_bivar_expected_awmae,5,0.5,0.03,1.0,0.5,0.05,2.979916515842593,1.021007870017771,0.11633663366336634,0.5992637725310993,0.21268088347296268
dixon_bivar_expected_awmae,4,0.5,0.15,1.0,0.25,-0.1,2.9799321893994657,1.0162795125666413,0.11538461538461539,0.5957095709570958,0.21223660827621224
dixon_bivar_expected_awmae,5,1.0,0.06,1.0,0.25,-0.05,2.979932312239122,1.0152640264026402,0.1104975882203605,0.5988194973343488,0.20976136075145976
dixon_bivar_expected_awmae,5,0.75,0.15,1.0,0.25,0.1,2.979944712996271,1.0174219345011424,0.11119573495811119,0.6002792586951002,0.21115765422696114
dixon_bivar_expected_awmae,4,0.75,0.03,1.0,0.25,0.0,2.979957752872977,1.0191355674028941,0.11087839553186088,0.5995176440720995,0.20976136075145976
dixon_bivar_expected_awmae,4,0.0,0.06,0.0,0.5,0.15,2.9799685276184587,1.023959126681899,0.12173140390962173,0.5745747651688246,0.24365321147499366
dixon_bivar_expected_awmae,4,1.0,0.1,1.0,0.0,0.05,2.9799721013398517,1.0186912922061437,0.10694338664635694,0.6014216806296014,0.208999746128459
dixon_bivar_expected_awmae,4,0.0,0.0,0.0,0.25,-0.05,2.9799770377883554,1.0164064483371413,0.11747905559786748,0.5673394262503173,0.2414953033764915
dixon_bivar_expected_awmae,4,0.75,0.0,1.0,0.5,0.0,2.9799814197864882,1.0216108149276466,0.1151942117288652,0.5993907083015994,0.2126174155877126
dixon_bivar_expected_awmae,4,0.5,0.1,1.0,0.25,-0.1,2.9799884032819635,1.016882457476517,0.11544808326986544,0.5964077176948465,0.21204620462046206
dixon_bivar_expected_awmae,4,0.75,0.1,1.0,0.25,0.1,2.9799951022354665,1.0195163747143945,0.11100533130236101,0.6007235338918507,0.21007870017771008
dixon_bivar_expected_awmae,4,1.0,0.15,1.0,0.5,-0.15,2.9800290584323923,1.017168062960142,0.1157019548108657,0.5941863417110942,0.21306169078446305
dixon_bivar_expected_awmae,5,0.5,0.1,1.0,0.25,0.0,2.9800315140488367,1.0157717694846409,0.1157019548108657,0.5982482863670983,0.21255394770246255
dixon_bivar_expected_awmae,4,0.75,0.15,1.0,0.5,-0.1,2.9800347149140833,1.018088347296268,0.11646356943386646,0.5946306169078446,0.2133790302107134
dixon_bivar_expected_awmae,4,0.5,0.03,1.0,0.5,-0.1,2.9800568054338705,1.0192942371160192,0.11678090886011679,0.5958365067275958,0.21356943386646357
dixon_bivar_expected_awmae,5,0.25,0.15,1.0,0.25,0.05,2.9800604314671646,1.0166920538207667,0.11576542269611577,0.5976770753998477,0.21293475501396295
dixon_bivar_expected_awmae,4,1.0,0.1,1.0,0.25,0.15,2.9800728923475592,1.0194846407717695,0.10827621223660827,0.5998984513835999,0.20696877380045697
dixon_bivar_expected_awmae,4,0.5,0.06,1.0,0.25,-0.1,2.9800729798461303,1.0173902005585174,0.1151942117288652,0.5969154607768469,0.21172886519421172
dixon_bivar_expected_awmae,5,0.25,0.06,1.0,0.5,-0.05,2.980081455747147,1.019072099517644,0.11652703731911652,0.595011424219345,0.21350596598121352
dixon_bivar_expected_awmae,5,0.25,0.03,1.0,0.5,-0.05,2.9800902799433584,1.0194529068291445,0.11633663366336634,0.5956461030718456,0.21375983752221375
dixon_bivar_expected_awmae,5,0.5,0.03,1.0,0.25,-0.05,2.980099921092644,1.015835237369891,0.11557501904036557,0.5986925615638486,0.2123000761614623
dixon_bivar_expected_awmae,5,1.0,0.0,1.0,0.5,0.15,2.9801288938788866,1.0194846407717695,0.11405178979436405,0.6002792586951002,0.20925361766945924
dixon_bivar_expected_awmae,4,0.75,0.06,1.0,0.25,0.1,2.9801306118115445,1.0198654480832698,0.1103071845646103,0.6007235338918507,0.20931708555470932
dixon_bivar_expected_awmae,5,0.25,0.1,1.0,0.25,0.05,2.9801368470989282,1.0177710078700177,0.11608276212236608,0.5993272404163493,0.2133790302107134
dixon_bivar_expected_awmae,5,0.25,0.15,1.0,0.5,-0.15,2.980155497892824,1.0167872556486417,0.1184945417618685,0.5929169840060929,0.21725057121096725
dixon_bivar_expected_awmae,5,1.0,0.03,1.0,0.25,0.0,2.9801565412067648,1.0161208428535162,0.11024371667936024,0.6006600660066007,0.20944402132520945
dixon_bivar_expected_awmae,5,0.25,0.03,1.0,0.5,-0.1,2.980166289329154,1.018183549124143,0.11716171617161716,0.5946306169078446,0.2145849200304646
dixon_bivar_expected_awmae,4,1.0,0.1,1.0,0.0,0.0,2.980166662009101,1.018024879411018,0.10764153338410765,0.6005965981213506,0.20944402132520945
dixon_bivar_expected_awmae,4,0.75,0.15,1.0,0.5,0.0,2.980168131630529,1.0201510535668952,0.11513074384361513,0.5964711855800965,0.2121096725057121
dixon_bivar_expected_awmae,4,0.75,0.03,1.0,0.5,-0.05,2.9802887283305526,1.0203731911652705,0.11474993653211475,0.5971693323178472,0.2126174155877126
dixon_bivar_expected_awmae,5,0.5,0.1,1.0,0.5,0.0,2.980289389693719,1.0191355674028941,0.11620969789286621,0.5960903782685961,0.2126174155877126
dixon_bivar_expected_awmae,5,0.25,0.06,1.0,0.5,-0.1,2.9802916828368184,1.018056613353643,0.11735211982736735,0.5941863417110942,0.21502919522721503
dixon_bivar_expected_awmae,5,0.25,0.15,1.0,0.25,-0.05,2.98029247109675,1.015930439197766,0.11646356943386646,0.5962807819243463,0.21395024117796396
dixon_bivar_expected_awmae,4,0.5,0.0,0.0,0.5,-0.15,2.9803085007552794,1.016850723533892,0.12325463315562325,0.5657527291190657,0.24504950495049505
dixon_bivar_expected_awmae,4,0.75,0.06,1.0,0.5,-0.05,2.9803204462434025,1.0201510535668952,0.11506727595836506,0.5967250571210967,0.21268088347296268
dixon_bivar_expected_awmae,5,0.5,0.03,1.0,0.5,0.0,2.9803289095951686,1.0196115765422695,0.11652703731911652,0.5975501396293476,0.21287128712871287
dixon_bivar_expected_awmae,5,0.5,0.0,1.0,0.5,0.05,2.980359915791222,1.021039603960396,0.11595582635186595,0.5993272404163493,0.21185580096471185
dixon_bivar_expected_awmae,5,0.75,0.1,1.0,0.25,-0.1,2.980378522156299,1.0145658796648895,0.11316323940086316,0.5965981213505966,0.21191926884996193
dixon_bivar_expected_awmae,4,0.25,0.15,1.0,0.25,0.15,2.9804049016018057,1.020976136075146,0.11411525767961411,0.60008885503935,0.21134805788271135
dixon_bivar_expected_awmae,5,0.25,0.0,1.0,0.5,-0.15,2.9804191777595146,1.0176758060421427,0.11678090886011679,0.594059405940594,0.21414064483371414
dixon_bivar_expected_awmae,4,0.0,0.1,0.0,0.5,0.15,2.980517700928318,1.0224358974358974,0.12192180756537192,0.5728611322670729,0.2430820005077431
dixon_bivar_expected_awmae,4,0.0,0.03,0.0,0.5,0.15,2.980521027511173,1.0255775577557755,0.12192180756537192,0.5762883980705763,0.24435135821274434
dixon_bivar_expected_awmae,5,0.25,0.1,0.0,0.5,-0.05,2.980543290681305,1.0140581365828891,0.12312769738512312,0.5646103071845646,0.24543031226199544
dixon_bivar_expected_awmae,5,0.0,0.06,0.0,0.5,0.1,2.980547368466124,1.0195798425996445,0.12116019294237117,0.5701954810865701,0.24320893627824322
dixon_bivar_expected_awmae,4,0.5,0.03,1.0,0.25,-0.1,2.980565568638152,1.0174536684437674,0.11551155115511551,0.5971693323178472,0.21204620462046206
dixon_bivar_expected_awmae,4,0.5,0.06,1.0,0.5,-0.1,2.9805904746994654,1.0192625031733942,0.11722518405686723,0.5956461030718456,0.2142041127189642
dixon_bivar_expected_awmae,5,0.25,0.15,1.0,0.25,-0.1,2.9806018442422157,1.0154861640010155,0.11735211982736735,0.5958999746128459,0.21541000253871542
dixon_bivar_expected_awmae,5,0.25,0.06,1.0,0.5,0.0,2.980626169082986,1.0198019801980198,0.11684437674536684,0.595963442498096,0.21350596598121352
dixon_bivar_expected_awmae,5,0.25,0.15,1.0,0.25,0.0,2.9806377537104263,1.0164064483371413,0.11563848692561564,0.5965981213505966,0.2126174155877126
dixon_bivar_expected_awmae,4,0.5,0.06,1.0,0.25,-0.05,2.980638606762183,1.0176123381568927,0.11481340441736482,0.597105864432597,0.21096725057121096
dixon_bivar_expected_awmae,5,1.0,0.03,1.0,0.25,-0.1,2.9806696086947158,1.0148197512058899,0.11113226707286113,0.5982482863670983,0.21033257171871034
dixon_bivar_expected_awmae,5,1.0,0.06,1.0,0.25,0.05,2.980670460621216,1.0168189895912667,0.1097994414826098,0.6005965981213506,0.20944402132520945
dixon_bivar_expected_awmae,4,0.75,0.03,1.0,0.5,0.1,2.9806706037142803,1.0227532368621477,0.115003808073115,0.6008504696623509,0.2121096725057121
dixon_bivar_expected_awmae,5,1.0,0.06,1.0,0.5,0.15,2.9806887719812005,1.0200558517390201,0.11367098248286367,0.60008885503935,0.20893627824320893
dixon_bivar_expected_awmae,5,1.0,0.06,1.0,0.25,-0.1,2.980701065505035,1.0144706778370145,0.11094186341711094,0.5976136075145976,0.20995176440720995
dixon_bivar_expected_awmae,5,1.0,0.03,1.0,0.5,0.15,2.980741006077349,1.0196750444275198,0.11424219345011424,0.6002157908098502,0.20912668189895914
dixon_bivar_expected_awmae,5,0.25,0.1,1.0,0.5,-0.1,2.980747799854889,1.0176758060421427,0.11798679867986799,0.5936151307438436,0.2152830667682153
dixon_bivar_expected_awmae,4,0.5,0.06,1.0,0.25,-0.15,2.980765436164086,1.0168189895912667,0.11601929423711602,0.5965346534653465,0.21274435135821274
dixon_bivar_expected_awmae,5,1.0,0.0,1.0,0.5,0.1,2.9807739558982864,1.0192307692307692,0.11398832190911398,0.5996445798425997,0.20957095709570958
dixon_bivar_expected_awmae,4,0.75,0.1,1.0,0.5,0.0,2.9808927902144804,1.020944402132521,0.1151942117288652,0.5972962680883473,0.21268088347296268
dixon_bivar_expected_awmae,4,0.5,0.06,1.0,0.5,-0.15,2.9808995508496987,1.0186912922061437,0.11716171617161716,0.5945036811373445,0.21496572734196498
dixon_bivar_expected_awmae,5,0.5,0.03,1.0,0.5,-0.05,2.9809097938968945,1.0188182279766438,0.11614623000761615,0.5958999746128459,0.21236354404671237
dixon_bivar_expected_awmae,5,0.5,0.1,1.0,0.25,0.05,2.980910077721184,1.0165968519928916,0.11474993653211475,0.5991368367605991,0.2121096725057121
dixon_bivar_expected_awmae,5,0.5,0.15,0.0,0.5,-0.15,2.9809139879082758,1.0091393754760092,0.12572988068037572,0.5605483625285606,0.24568418380299567
dixon_bivar_expected_awmae,5,0.75,0.1,1.0,0.25,0.0,2.9809194194244903,1.0166285859355166,0.11202081746636203,0.5988194973343488,0.21160192942371162
dixon_bivar_expected_awmae,4,0.5,0.15,1.0,0.0,0.15,2.980933754775206,1.0202145214521452,0.10814927646610815,0.6014216806296014,0.21103071845646104
dixon_bivar_expected_awmae,4,0.5,0.0,1.0,0.25,-0.15,2.9809342542607467,1.0173902005585174,0.11576542269611577,0.5969154607768469,0.21268088347296268
dixon_bivar_expected_awmae,5,0.25,0.06,0.0,0.5,-0.05,2.9809629270411944,1.0145976136075145,0.12242955064737243,0.5648641787255648,0.24441482609799442
dixon_bivar_expected_awmae,4,0.75,0.15,1.0,0.5,0.15,2.9809752545804615,1.023007108403148,0.11551155115511551,0.6005331302361006,0.21198273673521198
dixon_bivar_expected_awmae,5,0.25,0.1,1.0,0.5,0.0,2.981005011869125,1.0202779893373952,0.11684437674536684,0.5958365067275958,0.21395024117796396
dixon_bivar_expected_awmae,5,0.25,0.06,1.0,0.25,0.05,2.9810383567222685,1.018056613353643,0.11633663366336634,0.5998984513835999,0.2133155623254633
dixon_bivar_expected_awmae,5,1.0,0.15,1.0,0.25,0.15,2.981042913811217,1.017009393247017,0.10846661589235847,0.5997715156130998,0.20874587458745875
dixon_bivar_expected_awmae,4,1.0,0.06,1.0,0.5,0.1,2.9810787156785334,1.0212934755013963,0.11335364305661336,0.59996191926885,0.20969789286620968
dixon_bivar_expected_awmae,5,0.0,0.15,1.0,0.5,0.0,2.9810994485828677,1.0198337141406448,0.11874841330286875,0.5943132774815943,0.21598121350596597
dixon_bivar_expected_awmae,5,0.25,0.1,1.0,0.25,0.1,2.9811142841862566,1.0182152830667681,0.11576542269611577,0.60008885503935,0.21242701193196242
dixon_bivar_expected_awmae,4,0.5,0.1,1.0,0.5,-0.15,2.9811194163247827,1.0177075399847677,0.11805026656511805,0.5936785986290937,0.21509266311246508
dixon_bivar_expected_awmae,5,0.25,0.15,1.0,0.5,-0.05,2.9811198415568527,1.0184056867225184,0.11824067022086825,0.594059405940594,0.21502919522721503
dixon_bivar_expected_awmae,5,0.25,0.06,1.0,0.5,-0.15,2.981124148991063,1.0168189895912667,0.11792333079461792,0.5928535161208428,0.2152830667682153
dixon_bivar_expected_awmae,5,0.5,0.06,1.0,0.5,0.1,2.981139073341732,1.0217694846407717,0.1164001015486164,0.5995811119573495,0.2124904798172125
dixon_bivar_expected_awmae,5,0.25,0.0,1.0,0.5,-0.1,2.981151655719366,1.0188499619192688,0.11595582635186595,0.5947575526783447,0.21287128712871287
dixon_bivar_expected_awmae,5,0.25,0.03,1.0,0.5,-0.15,2.9811706134189513,1.017041127189642,0.11785986290936785,0.5934881949733435,0.21496572734196498
dixon_bivar_expected_awmae,4,0.5,0.03,1.0,0.25,-0.15,2.981198655439473,1.0173902005585174,0.1151942117288652,0.5963442498095963,0.21223660827621224
dixon_bivar_expected_awmae,5,1.0,0.06,1.0,0.25,-0.15,2.9812502832463155,1.0143754760091395,0.11106879918761108,0.5967885250063468,0.21033257171871034
dixon_bivar_expected_awmae,4,1.0,0.15,1.0,0.0,-0.05,2.9812587489528233,1.017009393247017,0.10846661589235847,0.5985656257933486,0.21045950748921047
dixon_bivar_expected_awmae,5,0.75,0.0,1.0,0.25,-0.1,2.9812715533433445,1.015993907083016,0.11233815689261234,0.5982482863670983,0.2121096725057121
dixon_bivar_expected_awmae,4,0.5,0.0,1.0,0.5,0.0,2.981286322078483,1.021991622239147,0.11614623000761615,0.5985021579080985,0.21306169078446305
dixon_bivar_expected_awmae,5,0.75,0.15,1.0,0.25,0.15,2.9813065849248286,1.017897943640518,0.11094186341711094,0.6005331302361006,0.2107133790302107
dixon_bivar_expected_awmae,4,0.75,0.0,1.0,0.25,0.0,2.9813180605932432,1.0196433104848945,0.11081492764661081,0.5997080477278497,0.2098882965219599
dixon_bivar_expected_awmae,5,0.75,0.06,1.0,0.5,0.15,2.981337706036318,1.0215156130997716,0.11513074384361513,0.6003427265803504,0.21077684691546078
dixon_bivar_expected_awmae,4,0.5,0.0,1.0,0.5,-0.15,2.9813427649213677,1.0194846407717695,0.11620969789286621,0.5951383599898451,0.21382330540746383
dixon_bivar_expected_awmae,5,0.0,0.15,1.0,0.5,-0.05,2.9813513801849094,1.0182470170093934,0.11951002792586951,0.5930439197765931,0.21661589235846662
dixon_bivar_expected_awmae,5,0.75,0.06,1.0,0.25,-0.05,2.9813872488196416,1.0162477786240163,0.11208428535161208,0.5983117542523483,0.21128458999746128
dixon_bivar_expected_awmae,4,0.5,0.0,1.0,0.5,-0.1,2.98138785005638,1.0204049251078955,0.11601929423711602,0.5960903782685961,0.2133155623254633
dixon_bivar_expected_awmae,5,0.75,0.1,1.0,0.25,-0.05,2.981402166414163,1.0154861640010155,0.1124016247778624,0.5973597359735974,0.21160192942371162
dixon_bivar_expected_awmae,4,0.75,0.0,1.0,0.5,-0.1,2.98142382187063,1.01999238385377,0.11443259710586444,0.5960903782685961,0.2121096725057121
dixon_bivar_expected_awmae,5,0.75,0.03,1.0,0.25,-0.05,2.9814330728437297,1.0166920538207667,0.11233815689261234,0.5992637725310993,0.21198273673521198
dixon_bivar_expected_awmae,4,1.0,0.06,1.0,0.0,-0.05,2.9814363745532453,1.017961411525768,0.1082127443513582,0.6001523229246002,0.20976136075145976
dixon_bivar_expected_awmae,4,0.5,0.03,1.0,0.5,-0.15,2.981482296073464,1.0186595582635187,0.11703478040111703,0.5947575526783447,0.2145214521452145
dixon_bivar_expected_awmae,5,0.75,0.0,1.0,0.25,-0.15,2.981493503848336,1.0157717694846409,0.11202081746636203,0.5974866717440975,0.21204620462046206
dixon_bivar_expected_awmae,4,1.0,0.15,1.0,0.0,0.1,2.981519807635671,1.018945163747144,0.107006854531607,0.6014851485148515,0.20906321401370906
dixon_bivar_expected_awmae,5,0.5,0.0,1.0,0.5,-0.05,2.98154871309549,1.0191355674028941,0.11589235846661589,0.596026910383346,0.21185580096471185
dixon_bivar_expected_awmae,4,0.75,0.0,1.0,0.5,0.05,2.9815493379585836,1.0226897689768977,0.11481340441736482,0.6002792586951002,0.2123000761614623
dixon_bivar_expected_awmae,5,0.25,0.03,1.0,0.25,0.05,2.9815636096333646,1.018120081238893,0.11620969789286621,0.6003427265803504,0.21312515866971313
dixon_bivar_expected_awmae,5,0.5,0.15,1.0,0.25,-0.05,2.981564433888397,1.0153909621731403,0.11589235846661589,0.5964077176948465,0.21312515866971313
dixon_bivar_expected_awmae,4,0.5,0.15,1.0,0.25,0.15,2.981589718050647,1.0198654480832698,0.11271896420411272,0.5998984513835999,0.2103960396039604
dixon_bivar_expected_awmae,4,0.5,0.15,1.0,0.5,-0.15,2.981593642741242,1.0175488702716426,0.11798679867986799,0.5932977913175933,0.21617161716171618
dixon_bivar_expected_awmae,5,1.0,0.1,1.0,0.25,0.1,2.9816315882021187,1.0172632647880173,0.10941863417110942,0.6005331302361006,0.20931708555470932
dixon_bivar_expected_awmae,4,0.75,0.06,1.0,0.25,0.05,2.9816383584932082,1.0197385123127698,0.11043412033511044,0.5998349834983498,0.2091901497842092
dixon_bivar_expected_awmae,5,0.5,0.03,1.0,0.5,0.15,2.9816395301571106,1.022880172632648,0.11589235846661589,0.6009139375476009,0.2117923330794618
dixon_bivar_expected_awmae,4,0.75,0.1,1.0,0.5,0.15,2.9816757628243544,1.023165778116273,0.11487687230261488,0.6005331302361006,0.2114115257679614
dixon_bivar_expected_awmae,5,0.5,0.1,1.0,0.5,0.15,2.9816909897606085,1.0224041634932723,0.11646356943386646,0.6006600660066007,0.21274435135821274
dixon_bivar_expected_awmae,5,0.0,0.0,0.0,0.5,0.05,2.981720464342138,1.019008631632394,0.12154100025387155,0.5684818481848185,0.24352627570449353
dixon_bivar_expected_awmae,4,0.0,0.15,0.0,0.5,0.15,2.981726724573397,1.021801218583397,0.12154100025387155,0.571084031480071,0.24327240416349327
dixon_bivar_expected_awmae,4,0.5,0.1,1.0,0.5,-0.05,2.981769611207818,1.0202779893373952,0.11678090886011679,0.595963442498096,0.21388677329271388
dixon_bivar_expected_awmae,5,0.25,0.15,1.0,0.5,0.0,2.9817988750226303,1.0198337141406448,0.11741558771261741,0.595011424219345,0.21395024117796396
dixon_bivar_expected_awmae,4,0.5,0.0,1.0,0.25,-0.1,2.9818026084866,1.017929677583143,0.115003808073115,0.597042396547347,0.21147499365321148
dixon_bivar_expected_awmae,5,1.0,0.03,1.0,0.25,-0.05,2.981839076282663,1.0161208428535162,0.11024371667936024,0.5993907083015994,0.20976136075145976
dixon_bivar_expected_awmae,4,0.75,0.1,1.0,0.25,0.15,2.9818624856113165,1.0203414572226452,0.10960903782685961,0.6000253871541,0.20861893881695862
dixon_bivar_expected_awmae,5,0.75,0.06,1.0,0.25,0.0,2.9818750841154427,1.0171997969027673,0.11151307438436152,0.5995176440720995,0.21147499365321148
dixon_bivar_expected_awmae,5,0.0,0.0,1.0,0.5,-0.05,2.9818884908131267,1.0205318608783955,0.11754252348311754,0.5952652957603453,0.21464838791571464
dixon_bivar_expected_awmae,4,1.0,0.06,1.0,0.0,0.0,2.9819029622423794,1.018976897689769,0.10764153338410765,0.6012312769738513,0.20982482863670981
dixon_bivar_expected_awmae,4,0.5,0.15,1.0,0.5,-0.1,2.981934667921206,1.0186912922061437,0.11773292713886774,0.593995938055344,0.21541000253871542
dixon_bivar_expected_awmae,5,0.5,0.03,1.0,0.25,0.0,2.9819397371790144,1.0167872556486417,0.11455953287636456,0.5994541761868495,0.21172886519421172
dixon_bivar_expected_awmae,5,0.5,0.15,1.0,0.25,0.0,2.9819563420215784,1.0155178979436406,0.11544808326986544,0.5966615892358467,0.21236354404671237
dixon_bivar_expected_awmae,5,0.25,0.15,1.0,0.5,0.05,2.9819802088317493,1.0206270627062706,0.11716171617161716,0.5955826351865956,0.21312515866971313
dixon_bivar_expected_awmae,4,0.5,0.15,1.0,0.5,0.1,2.981985523031412,1.0222137598375223,0.11747905559786748,0.5985656257933486,0.21325209444021326
dixon_bivar_expected_awmae,4,0.5,0.15,1.0,0.5,0.0,2.9819949527904477,1.0204049251078955,0.11754252348311754,0.596026910383346,0.2142041127189642
dixon_bivar_expected_awmae,4,0.5,0.0,1.0,0.25,0.05,2.9820386341908094,1.0197385123127698,0.11367098248286367,0.6002157908098502,0.2107133790302107
dixon_bivar_expected_awmae,4,0.5,0.15,1.0,0.5,-0.05,2.982064274231948,1.0194211728865195,0.1177963950241178,0.5950748921045951,0.2145214521452145
dixon_bivar_expected_awmae,5,0.75,0.03,1.0,0.25,-0.15,2.982084274238078,1.0151370906321402,0.11259202843361259,0.5967250571210967,0.21198273673521198
dixon_bivar_expected_awmae,5,0.0,0.15,1.0,0.5,0.05,2.9820856690539714,1.0216108149276466,0.1177963950241178,0.5952018278750952,0.21477532368621477
dixon_bivar_expected_awmae,5,1.0,0.0,1.0,0.25,-0.05,2.9820871123834123,1.0166920538207667,0.11018024879411017,0.6001523229246002,0.2095074892104595
dixon_bivar_expected_awmae,5,0.5,0.03,1.0,0.5,0.1,2.9821004008419836,1.0222454937801473,0.11614623000761615,0.6001523229246002,0.2123000761614623
dixon_bivar_expected_awmae,4,1.0,0.03,1.0,0.25,0.1,2.982106047175996,1.0200558517390201,0.10884742320385885,0.59996191926885,0.20785732419395786
dixon_bivar_expected_awmae,4,0.25,0.03,1.0,0.5,-0.15,2.9821305386054204,1.018976897689769,0.11824067022086825,0.593995938055344,0.2157908098502158
dixon_bivar_expected_awmae,4,0.25,0.06,1.0,0.25,0.05,2.982159172674812,1.020976136075146,0.11474993653211475,0.5994541761868495,0.21198273673521198
dixon_bivar_expected_awmae,4,1.0,0.0,1.0,0.5,0.1,2.9821818884860987,1.0216108149276466,0.11227468900736227,0.6000253871541,0.20842853516120843
dixon_bivar_expected_awmae,5,0.25,0.15,1.0,0.25,-0.15,2.982189951284818,1.0147562833206398,0.11741558771261741,0.5945036811373445,0.21585427773546587
dixon_bivar_expected_awmae,5,0.25,0.1,1.0,0.25,-0.15,2.98219945854336,1.0153909621731403,0.11754252348311754,0.5956461030718456,0.21585427773546587
dixon_bivar_expected_awmae,5,0.5,0.06,1.0,0.25,0.0,2.9822446664284916,1.0167872556486417,0.11494034018786493,0.5988194973343488,0.21191926884996193
dixon_bivar_expected_awmae,4,1.0,0.15,1.0,0.5,0.15,2.982249198689045,1.0223724295506473,0.1137979182533638,0.6002157908098502,0.21064991114496065
dixon_bivar_expected_awmae,5,0.25,0.1,1.0,0.25,-0.05,2.982267321923377,1.016945925361767,0.1164001015486164,0.5969154607768469,0.21388677329271388
dixon_bivar_expected_awmae,5,1.0,0.0,1.0,0.25,0.0,2.9822680593133994,1.017104595074892,0.11018024879411017,0.6007235338918507,0.20944402132520945
dixon_bivar_expected_awmae,4,0.75,0.15,1.0,0.5,0.05,2.9822693158944733,1.0216425488702716,0.115003808073115,0.5974866717440975,0.21172886519421172
dixon_bivar_expected_awmae,4,1.0,0.06,1.0,0.25,0.15,2.982282742992275,1.0205635948210205,0.1082127443513582,0.6003427265803504,0.20728611322670729
dixon_bivar_expected_awmae,4,0.75,0.1,1.0,0.0,0.1,2.9823641347359047,1.0194211728865195,0.1085935516628586,0.6012312769738513,0.21064991114496065
dixon_bivar_expected_awmae,5,0.25,0.1,1.0,0.25,0.0,2.9823647944712444,1.017104595074892,0.11671744097486672,0.5975501396293476,0.21363290175171362
dixon_bivar_expected_awmae,4,0.5,0.1,1.0,0.5,0.05,2.9823898996051565,1.0216742828128966,0.11722518405686723,0.5978674790555979,0.21356943386646357
dixon_bivar_expected_awmae,5,0.5,0.06,1.0,0.25,-0.05,2.9824344425311087,1.015898705255141,0.11563848692561564,0.5978040111703478,0.2123000761614623
dixon_bivar_expected_awmae,4,0.5,0.1,1.0,0.25,-0.15,2.9824489073564115,1.0166920538207667,0.11582889058136583,0.5955826351865956,0.21280781924346281
dixon_bivar_expected_awmae,5,0.0,0.15,1.0,0.5,0.1,2.982454859005868,1.0227215029195227,0.11805026656511805,0.5964077176948465,0.2145214521452145
dixon_bivar_expected_awmae,5,0.25,0.1,1.0,0.5,-0.05,2.9824688050777217,1.0191673013455191,0.11697131251586697,0.5941863417110942,0.21395024117796396
dixon_bivar_expected_awmae,4,0.5,0.0,1.0,0.5,-0.05,2.9824786739716953,1.0210713379030212,0.11551155115511551,0.5965346534653465,0.21274435135821274
dixon_bivar_expected_awmae,5,0.25,0.0,0.0,0.5,-0.1,2.982491225663253,1.0147880172632648,0.12204874333587205,0.5641660319878141,0.24479563340949478
dixon_bivar_expected_awmae,5,0.0,0.15,0.0,0.5,0.1,2.9824933460309118,1.017168062960142,0.12160446813912161,0.5665143437420666,0.24327240416349327
dixon_bivar_expected_awmae,5,0.25,0.03,1.0,0.5,0.0,2.9824950416183684,1.0205318608783955,0.11614623000761615,0.5960903782685961,0.21306169078446305
dixon_bivar_expected_awmae,5,1.0,0.03,1.0,0.25,-0.15,2.9825027840832603,1.01501015486164,0.11106879918761108,0.5972962680883473,0.21045950748921047
dixon_bivar_expected_awmae,5,0.25,0.1,1.0,0.5,-0.15,2.9825192364278217,1.017104595074892,0.11792333079461792,0.5924092409240924,0.21585427773546587
dixon_bivar_expected_awmae,4,0.0,0.03,0.0,0.25,-0.05,2.982519861135579,1.016089108910891,0.11766945925361767,0.5662604722010662,0.24143183549124142
dixon_bivar_expected_awmae,4,0.5,0.0,1.0,0.5,0.05,2.9825295206938405,1.022943640517898,0.11589235846661589,0.5995811119573495,0.21223660827621224
dixon_bivar_expected_awmae,4,0.75,0.06,1.0,0.5,0.15,2.9825347605501955,1.023070576288398,0.11468646864686469,0.6003427265803504,0.21103071845646104
dixon_bivar_expected_awmae,5,0.75,0.06,1.0,0.25,-0.1,2.9825472703680194,1.0157400355420156,0.11246509266311247,0.5971693323178472,0.21185580096471185
dixon_bivar_expected_awmae,5,0.0,0.1,1.0,0.5,-0.05,2.9825516531583034,1.0194529068291445,0.1188118811881188,0.593995938055344,0.2164254887027164
dixon_bivar_expected_awmae,5,0.0,0.15,1.0,0.5,-0.15,2.9825633549155843,1.016882457476517,0.11887534907336887,0.5905686722518406,0.21737750698146738
dixon_bivar_expected_awmae,4,0.75,0.03,1.0,0.25,0.05,2.982570039183834,1.0203414572226452,0.11043412033511044,0.6005331302361006,0.20963442498095963
dixon_bivar_expected_awmae,5,0.5,0.06,1.0,0.25,-0.1,2.9825897000065984,1.0152005585173902,0.11576542269611577,0.5965981213505966,0.21223660827621224
dixon_bivar_expected_awmae,5,0.25,0.1,1.0,0.25,-0.1,2.9825941671695544,1.0161208428535162,0.1169078446306169,0.5963442498095963,0.2145214521452145
dixon_bivar_expected_awmae,5,0.0,0.03,1.0,0.5,-0.05,2.9825958902285437,1.0202145214521452,0.11754252348311754,0.5948210205635949,0.2145214521452145
dixon_bivar_expected_awmae,4,0.25,0.15,0.0,0.5,0.0,2.9826048527497533,1.0171997969027673,0.12363544046712363,0.5658161970043158,0.24479563340949478
dixon_bivar_expected_awmae,5,0.25,0.15,1.0,0.5,-0.1,2.9826050276715512,1.0174536684437674,0.11843107387661843,0.5927265803503428,0.21566387407971566
dixon_bivar_expected_awmae,4,0.0,0.15,1.0,0.25,0.1,2.9826236505611203,1.0212934755013963,0.11513074384361513,0.5981213505965981,0.21280781924346281
dixon_bivar_expected_awmae,4,0.75,0.1,1.0,0.0,0.0,2.9826289681635356,1.0186278243208937,0.10903782685960904,0.5997080477278497,0.2114115257679614
dixon_bivar_expected_awmae,5,0.25,0.06,1.0,0.5,0.1,2.9826496368717255,1.022880172632648,0.11659050520436659,0.5993907083015994,0.21306169078446305
dixon_bivar_expected_awmae,5,0.0,0.15,1.0,0.5,-0.1,2.9826690275960916,1.017929677583143,0.11912922061436913,0.592028433612592,0.21744097486671743
dixon_bivar_expected_awmae,4,0.75,0.1,1.0,0.0,0.05,2.9826731324385047,1.0194846407717695,0.10872048743335871,0.6007235338918507,0.21115765422696114
dixon_bivar_expected_awmae,4,0.5,0.15,1.0,0.0,0.1,2.9826750071659927,1.0196750444275198,0.10833968012185834,0.6000253871541,0.2110941863417111
dixon_bivar_expected_awmae,4,0.5,0.06,1.0,0.25,0.1,2.9826828174483713,1.0198971820258949,0.11259202843361259,0.5998349834983498,0.20944402132520945
dixon_bivar_expected_awmae,5,0.5,0.1,1.0,0.25,-0.05,2.9827085448353863,1.0154544300583905,0.11563848692561564,0.5964711855800965,0.21217314039096216
dixon_bivar_expected_awmae,5,0.25,0.0,1.0,0.5,-0.05,2.9827240662092493,1.0203414572226452,0.11538461538461539,0.5956461030718456,0.21242701193196242
dixon_bivar_expected_awmae,5,0.5,0.06,1.0,0.25,0.05,2.9827250195237354,1.0175806042142677,0.11436912922061437,0.6000253871541,0.21204620462046206
dixon_bivar_expected_awmae,5,0.5,0.1,1.0,0.25,-0.1,2.982762155621744,1.0151370906321402,0.11601929423711602,0.5964711855800965,0.21287128712871287
dixon_bivar_expected_awmae,4,0.25,0.1,1.0,0.25,0.05,2.9828181148538335,1.0206270627062706,0.11462300076161462,0.5985021579080985,0.21191926884996193
dixon_bivar_expected_awmae,4,1.0,0.15,1.0,0.0,-0.1,2.9828236621943915,1.017104595074892,0.10833968012185834,0.5979309469408479,0.2103960396039604
dixon_bivar_expected_awmae,5,0.25,0.1,1.0,0.5,0.15,2.982829167132772,1.0236417872556487,0.11703478040111703,0.6000253871541,0.21325209444021326
dixon_bivar_expected_awmae,4,0.5,0.1,1.0,0.5,-0.1,2.9828303851396774,1.0194846407717695,0.11703478040111703,0.5949479563340949,0.21464838791571464
dixon_bivar_expected_awmae,5,0.25,0.0,1.0,0.5,0.0,2.9828361436602875,1.0211030718456462,0.11608276212236608,0.5971693323178472,0.21274435135821274
dixon_bivar_expected_awmae,4,0.0,0.06,1.0,0.25,0.0,2.9828397098294435,1.0205318608783955,0.11608276212236608,0.5979944148260979,0.21407717694846407
dixon_bivar_expected_awmae,4,0.5,0.15,1.0,0.5,0.05,2.982843283863877,1.0207857324193959,0.11754252348311754,0.5965981213505966,0.21325209444021326
dixon_bivar_expected_awmae,5,0.75,0.1,1.0,0.25,0.1,2.98285791283895,1.0184056867225184,0.11119573495811119,0.6007235338918507,0.21103071845646104
dixon_bivar_expected_awmae,5,0.25,0.15,1.0,0.5,0.15,2.9828659768516697,1.023007108403148,0.11747905559786748,0.599009900990099,0.21350596598121352
dixon_bivar_expected_awmae,4,0.25,0.15,1.0,0.25,0.05,2.9828757900158105,1.01999238385377,0.11474993653211475,0.5976136075145976,0.21191926884996193
dixon_bivar_expected_awmae,5,0.5,0.06,1.0,0.5,0.15,2.9828983250847982,1.022975374460523,0.1157019548108657,0.6004061944656004,0.21172886519421172
dixon_bivar_expected_awmae,5,0.5,0.15,1.0,0.25,-0.15,2.982903210219442,1.0145024117796395,0.11703478040111703,0.5950748921045951,0.2149022594567149
dixon_bivar_expected_awmae,5,0.75,0.03,1.0,0.25,-0.1,2.9829317164773403,1.0161843107387662,0.11202081746636203,0.5974866717440975,0.21191926884996193
dixon_bivar_expected_awmae,5,0.25,0.06,1.0,0.5,0.05,2.9829420781241804,1.0214521452145215,0.11659050520436659,0.597042396547347,0.21318862655496318
dixon_bivar_expected_awmae,4,1.0,0.06,1.0,0.0,-0.15,2.9829526862863194,1.017104595074892,0.10878395531860878,0.5984386900228484,0.2102056359482102
dixon_bivar_expected_awmae,5,0.25,0.06,1.0,0.25,0.0,2.9829657760763917,1.0178662096978928,0.11614623000761615,0.5984386900228484,0.2133790302107134
dixon_bivar_expected_awmae,5,0.5,0.03,1.0,0.25,-0.15,2.9829686494674363,1.0152322924600152,0.11633663366336634,0.5969154607768469,0.21287128712871287
dixon_bivar_expected_awmae,4,0.25,0.15,1.0,0.25,-0.1,2.9829710619235437,1.017961411525768,0.11620969789286621,0.5952652957603453,0.2143945163747144
dixon_bivar_expected_awmae,5,0.5,0.15,1.0,0.25,-0.1,2.982992664601797,1.0151053566895152,0.1169078446306169,0.5960903782685961,0.21414064483371414
dixon_bivar_expected_awmae,5,0.0,0.06,1.0,0.5,0.0,2.9829944839735565,1.021832952526022,0.11684437674536684,0.5955191673013455,0.21388677329271388
dixon_bivar_expected_awmae,5,0.0,0.03,1.0,0.5,-0.1,2.9829989589144663,1.0186595582635187,0.1183041381061183,0.5936151307438436,0.21547347042396547
dixon_bivar_expected_awmae,5,0.0,0.0,1.0,0.5,0.0,2.9829992528044103,1.021959888296522,0.11754252348311754,0.5965346534653465,0.2142041127189642
dixon_bivar_expected_awmae,4,0.25,0.1,1.0,0.25,-0.15,2.9830136971128547,1.0175806042142677,0.11633663366336634,0.5952018278750952,0.2145849200304646
dixon_bivar_expected_awmae,5,0.25,0.03,1.0,0.5,0.05,2.9830354765433404,1.021991622239147,0.11633663366336634,0.5981848184818482,0.21344249809596344
dixon_bivar_expected_awmae,5,0.5,0.0,1.0,0.25,-0.05,2.983076516788386,1.017136329017517,0.11455953287636456,0.598946433104849,0.2121096725057121
dixon_bivar_expected_awmae,4,1.0,0.03,1.0,0.0,-0.05,2.983096924197147,1.0188499619192688,0.10776846915460776,0.6007235338918507,0.20944402132520945
dixon_bivar_expected_awmae,5,0.25,0.0,1.0,0.25,0.0,2.9831310854463235,1.018183549124143,0.11595582635186595,0.5997080477278497,0.21268088347296268
dixon_bivar_expected_awmae,5,0.25,0.03,1.0,0.25,0.0,2.9831406491186887,1.0183739527798934,0.11576542269611577,0.5988829652195988,0.21318862655496318
dixon_bivar_expected_awmae,5,0.0,0.1,1.0,0.5,0.0,2.9831627450541682,1.020912668189896,0.11805026656511805,0.5947575526783447,0.21496572734196498
dixon_bivar_expected_awmae,5,0.75,0.1,1.0,0.25,0.05,2.983174366398611,1.0174854023863924,0.11157654226961157,0.5995176440720995,0.21084031480071083
dixon_bivar_expected_awmae,5,0.0,0.1,1.0,0.5,0.05,2.983204676626755,1.0221502919522722,0.11798679867986799,0.596026910383346,0.2145849200304646
dixon_bivar_expected_awmae,4,0.5,0.03,1.0,0.5,-0.05,2.983215731837285,1.0205953287636456,0.11633663366336634,0.5960903782685961,0.21274435135821274
dixon_bivar_expected_awmae,4,1.0,0.03,1.0,0.5,0.1,2.9832188343274546,1.0217694846407717,0.11265549631886265,0.59996191926885,0.20912668189895914
dixon_bivar_expected_awmae,5,0.0,0.03,1.0,0.5,0.0,2.9832189341917323,1.021959888296522,0.11722518405686723,0.5961538461538461,0.2142041127189642
dixon_bivar_expected_awmae,4,0.75,0.03,1.0,0.25,0.1,2.9832350585945986,1.0207857324193959,0.10954556994160955,0.6002157908098502,0.20855547093170856
dixon_bivar_expected_awmae,4,0.75,0.0,1.0,0.5,0.1,2.9832441485009666,1.0235148514851484,0.11424219345011424,0.6005965981213506,0.2110941863417111
dixon_bivar_expected_awmae,4,0.25,0.0,0.0,0.5,-0.05,2.983259710366309,1.0200241177963951,0.12236608276212237,0.5673394262503173,0.24454176186849455
dixon_bivar_expected_awmae,5,0.75,0.03,1.0,0.5,0.15,2.9832674488608966,1.0216108149276466,0.11532114749936533,0.59996191926885,0.21077684691546078
dixon_bivar_expected_awmae,4,0.0,0.15,1.0,0.25,0.05,2.9832726380438825,1.0212300076161462,0.11487687230261488,0.597105864432597,0.21280781924346281
dixon_bivar_expected_awmae,4,0.0,0.1,1.0,0.25,0.15,2.9833031509531285,1.023070576288398,0.11506727595836506,0.6006600660066007,0.21293475501396295
dixon_bivar_expected_awmae,4,0.5,0.1,1.0,0.5,0.1,2.9833132672303484,1.0227849708047727,0.11722518405686723,0.5992003046458492,0.21306169078446305
dixon_bivar_expected_awmae,4,0.25,0.15,1.0,0.25,-0.05,2.983329517387279,1.019072099517644,0.11525767961411526,0.5960903782685961,0.21293475501396295
dixon_bivar_expected_awmae,4,0.25,0.1,1.0,0.25,0.1,2.9833412936135066,1.0215473470423966,0.11424219345011424,0.5998349834983498,0.21147499365321148
dixon_bivar_expected_awmae,4,1.0,0.1,1.0,0.0,-0.1,2.983357881419192,1.0173902005585174,0.1085935516628586,0.5986290936785986,0.2103960396039604
dixon_bivar_expected_awmae,4,0.75,0.15,1.0,0.0,-0.1,2.983368010661488,1.0173584666158924,0.10897435897435898,0.5972962680883473,0.21160192942371162
dixon_bivar_expected_awmae,5,0.25,0.03,1.0,0.5,0.1,2.983374302398274,1.023165778116273,0.11614623000761615,0.5996445798425997,0.21293475501396295
dixon_bivar_expected_awmae,4,0.0,0.03,1.0,0.25,0.0,2.9833849012878715,1.0208174663620209,0.11576542269611577,0.5979309469408479,0.21350596598121352
dixon_bivar_expected_awmae,5,1.0,0.0,1.0,0.25,-0.1,2.9833862440486496,1.016089108910891,0.11062452399086062,0.5986925615638486,0.21001523229246002
dixon_bivar_expected_awmae,5,0.0,0.1,0.0,0.25,-0.15,2.9833877053537767,1.0075844122873825,0.12027164254887027,0.5609926377253109,0.24289159685199288
dixon_bivar_expected_awmae,4,0.5,0.06,1.0,0.5,-0.05,2.983389623464642,1.0207222645341458,0.1164001015486164,0.5958365067275958,0.21312515866971313
dixon_bivar_expected_awmae,4,1.0,0.03,1.0,0.0,-0.1,2.983425567127524,1.0183104848946434,0.10827621223660827,0.5997715156130998,0.21001523229246002
dixon_bivar_expected_awmae,5,0.0,0.15,1.0,0.25,0.1,2.9834339150587734,1.0198654480832698,0.11525767961411526,0.5985021579080985,0.2126174155877126
dixon_bivar_expected_awmae,5,0.75,0.0,1.0,0.25,-0.05,2.9834561034216334,1.0177075399847677,0.11119573495811119,0.5995176440720995,0.21166539730896167
dixon_bivar_expected_awmae,4,0.5,0.15,1.0,0.5,0.15,2.9834638968948943,1.0231975120588983,0.11754252348311754,0.59996191926885,0.21280781924346281
dixon_bivar_expected_awmae,4,0.25,0.15,1.0,0.25,0.0,2.9834663610592305,1.0198654480832698,0.11443259710586444,0.5966615892358467,0.21204620462046206
dixon_bivar_expected_awmae,4,0.5,0.03,1.0,0.25,0.1,2.9835082568577556,1.0200875856816451,0.11278243208936278,0.59996191926885,0.20957095709570958
dixon_bivar_expected_awmae,4,1.0,0.06,1.0,0.0,-0.1,2.9835086522143586,1.0176123381568927,0.10853008377760853,0.5988194973343488,0.20976136075145976
dixon_bivar_expected_awmae,4,0.0,0.03,1.0,0.25,0.1,2.983515756596734,1.0227532368621477,0.11532114749936533,0.6006600660066007,0.2133155623254633
dixon_bivar_expected_awmae,5,0.5,0.0,1.0,0.25,0.0,2.983525677542748,1.0178662096978928,0.11386138613861387,0.59996191926885,0.21160192942371162
dixon_bivar_expected_awmae,4,0.25,0.03,1.0,0.25,0.05,2.983540226724402,1.021864686468647,0.11430566133536431,0.6000253871541,0.21185580096471185
dixon_bivar_expected_awmae,4,1.0,0.0,1.0,0.5,0.15,2.9835514868256157,1.0222137598375223,0.11202081746636203,0.6004061944656004,0.20779385630870778
dixon_bivar_expected_awmae,4,1.0,0.03,1.0,0.0,-0.15,2.9835729779619884,1.0174536684437674,0.10891089108910891,0.5986290936785986,0.2102056359482102
dixon_bivar_expected_awmae,4,0.0,0.15,1.0,0.25,0.15,2.98357840988113,1.0223724295506473,0.11462300076161462,0.598946433104849,0.21255394770246255
dixon_bivar_expected_awmae,5,0.0,0.15,1.0,0.25,0.05,2.9835973155232347,1.0185008885503934,0.11620969789286621,0.597042396547347,0.21280781924346281
dixon_bivar_expected_awmae,4,0.0,0.06,1.0,0.25,0.05,2.983606439269323,1.0210713379030212,0.11589235846661589,0.5983752221375984,0.21356943386646357
dixon_bivar_expected_awmae,5,0.0,0.0,1.0,0.5,-0.1,2.983620001595316,1.0193259710586444,0.1184945417618685,0.594059405940594,0.21604468139121605
dixon_bivar_expected_awmae,4,0.25,0.06,1.0,0.25,-0.15,2.9836398773128905,1.0184691546077684,0.11563848692561564,0.5956461030718456,0.21388677329271388
dixon_bivar_expected_awmae,4,1.0,0.1,1.0,0.0,-0.05,2.9836512554733856,1.018120081238893,0.10833968012185834,0.5993907083015994,0.21014216806296016
dixon_bivar_expected_awmae,4,0.0,0.1,1.0,0.25,0.05,2.983671743879866,1.021039603960396,0.11551155115511551,0.5978674790555979,0.21306169078446305
dixon_bivar_expected_awmae,4,0.75,0.0,1.0,0.25,0.05,2.9837628892126538,1.0207539984767708,0.11024371667936024,0.6002792586951002,0.20931708555470932
dixon_bivar_expected_awmae,4,0.25,0.03,1.0,0.25,-0.15,2.9838047483201753,1.0187230261487688,0.11589235846661589,0.595963442498096,0.21356943386646357
dixon_bivar_expected_awmae,4,0.75,0.1,1.0,0.0,0.15,2.9838051196539634,1.0197067783701448,0.10776846915460776,0.6008504696623509,0.20931708555470932
dixon_bivar_expected_awmae,5,0.5,0.03,1.0,0.25,-0.1,2.9838335285493747,1.015898705255141,0.11538461538461539,0.596978928662097,0.2117923330794618
dixon_bivar_expected_awmae,5,0.25,0.0,1.0,0.25,-0.05,2.983833551943525,1.0177710078700177,0.11608276212236608,0.5983117542523483,0.21306169078446305
dixon_bivar_expected_awmae,4,1.0,0.1,1.0,0.5,0.15,2.9838554949196086,1.022023356181772,0.11322670728611323,0.5998349834983498,0.20912668189895914
dixon_bivar_expected_awmae,5,0.25,0.0,1.0,0.5,0.05,2.9838627516092364,1.0226580350342727,0.11589235846661589,0.5988829652195988,0.21293475501396295
dixon_bivar_expected_awmae,4,1.0,0.03,1.0,0.5,0.15,2.9838628902949123,1.0221502919522722,0.11233815689261234,0.59996191926885,0.20804772784970804
dixon_bivar_expected_awmae,4,0.0,0.06,0.0,0.25,-0.05,2.9838777179409934,1.0152640264026402,0.11836760599136836,0.5656892612338157,0.24212998222899212
dixon_bivar_expected_awmae,5,0.25,0.0,1.0,0.5,0.1,2.9838793571060753,1.0234513835998984,0.11589235846661589,0.59996191926885,0.21217314039096216
dixon_bivar_expected_awmae,5,0.25,0.15,0.0,0.5,-0.05,2.983884940921316,1.012947448591013,0.12407971566387407,0.5627697385123128,0.24562071591774562
dixon_bivar_expected_awmae,5,0.5,0.0,1.0,0.5,0.1,2.9839001417319766,1.0227532368621477,0.11563848692561564,0.6002157908098502,0.21153846153846154
dixon_bivar_expected_awmae,5,0.25,0.1,1.0,0.5,0.05,2.98390191211755,1.0212300076161462,0.11754252348311754,0.5966615892358467,0.2136963696369637
dixon_bivar_expected_awmae,4,0.5,0.06,0.0,0.5,-0.15,2.9839044470377014,1.015930439197766,0.1243970550901244,0.5643564356435643,0.246001523229246
dixon_bivar_expected_awmae,4,1.0,0.03,1.0,0.0,0.0,2.9839059191669457,1.0197385123127698,0.107006854531607,0.6012312769738513,0.20887281035795888
dixon_bivar_expected_awmae,5,0.5,0.06,1.0,0.25,-0.15,2.983917165318819,1.0151053566895152,0.11646356943386646,0.5962807819243463,0.21325209444021326
dixon_bivar_expected_awmae,5,0.75,0.0,1.0,0.5,0.15,2.983918753496486,1.021959888296522,0.115003808073115,0.6001523229246002,0.21084031480071083
dixon_bivar_expected_awmae,5,0.25,0.03,1.0,0.25,-0.1,2.983933375499582,1.016977659304392,0.11608276212236608,0.5968519928915968,0.21325209444021326
dixon_bivar_expected_awmae,4,0.5,0.03,1.0,0.5,0.0,2.983992365361805,1.021928154353897,0.11659050520436659,0.5977405432850977,0.21306169078446305
dixon_bivar_expected_awmae,4,1.0,0.06,1.0,0.0,0.05,2.983994534073348,1.0195798425996445,0.10662604722010663,0.6010408733181011,0.20817466362020817
dixon_bivar_expected_awmae,4,0.25,0.0,1.0,0.25,-0.05,2.9840073403062912,1.0203414572226452,0.11506727595836506,0.5979944148260979,0.21236354404671237
dixon_bivar_expected_awmae,5,0.25,0.1,1.0,0.25,0.15,2.9840097076660514,1.0192942371160192,0.115003808073115,0.6002157908098502,0.21153846153846154
dixon_bivar_expected_awmae,5,0.0,0.06,1.0,0.5,0.05,2.984016778641824,1.0225945671490226,0.11760599136836761,0.5967250571210967,0.2136963696369637
dixon_bivar_expected_awmae,4,1.0,0.15,1.0,0.0,-0.15,2.9840391994263,1.0165016501650166,0.10884742320385885,0.5969154607768469,0.21052297537446052
dixon_bivar_expected_awmae,4,0.25,0.0,1.0,0.5,-0.1,2.984087697168423,1.0211348057882712,0.11652703731911652,0.5951383599898451,0.21388677329271388
dixon_bivar_expected_awmae,4,0.25,0.1,1.0,0.25,-0.05,2.984106638860952,1.0197702462553948,0.11481340441736482,0.5965346534653465,0.21280781924346281
dixon_bivar_expected_awmae,4,0.75,0.15,1.0,0.0,-0.05,2.9841939640945347,1.018088347296268,0.1085935516628586,0.5978674790555979,0.2114115257679614
dixon_bivar_expected_awmae,4,0.25,0.1,1.0,0.25,0.0,2.9842210094197967,1.0198337141406448,0.11494034018786493,0.596978928662097,0.21191926884996193
dixon_bivar_expected_awmae,4,1.0,0.0,1.0,0.25,0.1,2.9842270218644398,1.0207222645341458,0.10903782685960904,0.59996191926885,0.207984259964458
dixon_bivar_expected_awmae,5,0.25,0.03,1.0,0.25,-0.05,2.9842744076012226,1.0172949987306423,0.11646356943386646,0.5976770753998477,0.2133790302107134
dixon_bivar_expected_awmae,4,0.0,0.06,1.0,0.25,-0.05,2.9842857723531835,1.0201510535668952,0.11544808326986544,0.5960903782685961,0.21356943386646357
dixon_bivar_expected_awmae,4,0.25,0.0,1.0,0.25,0.0,2.984287623099513,1.0216425488702716,0.11455953287636456,0.5992637725310993,0.21204620462046206
dixon_bivar_expected_awmae,4,0.25,0.15,1.0,0.0,-0.15,2.9843006467912265,1.0186595582635187,0.11106879918761108,0.5963442498095963,0.21433104848946433
dixon_bivar_expected_awmae,4,0.75,0.1,1.0,0.0,-0.05,2.984303398945438,1.0187230261487688,0.10929169840060929,0.5988829652195988,0.21191926884996193
dixon_bivar_expected_awmae,4,0.25,0.1,1.0,0.5,-0.1,2.984318544886612,1.0201193196242702,0.11874841330286875,0.594059405940594,0.2161081492764661
dixon_bivar_expected_awmae,5,0.0,0.15,1.0,0.25,0.15,2.9843258880967145,1.0208492003046459,0.11513074384361513,0.5995176440720995,0.21236354404671237
dixon_bivar_expected_awmae,5,0.25,0.06,1.0,0.25,-0.05,2.9843270303349043,1.0172949987306423,0.11608276212236608,0.596978928662097,0.21293475501396295
dixon_bivar_expected_awmae,5,0.25,0.1,1.0,0.5,0.1,2.9843446761400383,1.022911906575273,0.1172886519421173,0.5986290936785986,0.214013709063214
dixon_bivar_expected_awmae,4,0.25,0.03,1.0,0.25,0.0,2.9843489794380824,1.0212300076161462,0.11462300076161462,0.5988829652195988,0.21217314039096216
dixon_bivar_expected_awmae,4,0.75,0.15,1.0,0.0,-0.15,2.9843513813470177,1.0174219345011424,0.10948210205635948,0.5967250571210967,0.2124904798172125
dixon_bivar_expected_awmae,5,1.0,0.1,1.0,0.25,0.15,2.98435702588283,1.0183739527798934,0.10814927646610815,0.6004061944656004,0.20811119573495812
dixon_bivar_expected_awmae,4,0.0,0.06,1.0,0.25,0.15,2.9843736704423014,1.0235465854277734,0.11436912922061437,0.6006600660066007,0.2121096725057121
dixon_bivar_expected_awmae,4,0.25,0.03,1.0,0.5,-0.1,2.9843772417140575,1.0207539984767708,0.11735211982736735,0.5946940847930947,0.21477532368621477
dixon_bivar_expected_awmae,4,0.25,0.06,1.0,0.25,-0.05,2.9843826310652357,1.0198654480832698,0.11474993653211475,0.5965981213505966,0.21223660827621224
dixon_bivar_expected_awmae,4,0.25,0.06,1.0,0.5,-0.1,2.9843860048733823,1.0204366590505205,0.11798679867986799,0.5944402132520944,0.21566387407971566
dixon_bivar_expected_awmae,4,1.0,0.03,1.0,0.25,0.15,2.9843925973135894,1.0211982736735212,0.10827621223660827,0.6002792586951002,0.20734958111195734
dixon_bivar_expected_awmae,4,0.25,0.0,1.0,0.5,-0.15,2.9844149932768267,1.0201827875095202,0.11741558771261741,0.5943767453668444,0.21547347042396547
dixon_bivar_expected_awmae,5,0.0,0.1,1.0,0.5,-0.1,2.984458592728232,1.0185960903782687,0.11862147753236862,0.5925996445798426,0.21617161716171618
dixon_bivar_expected_awmae,4,0.0,0.03,0.0,0.5,0.1,2.98447006800432,1.0234831175425234,0.12217567910637217,0.5717821782178217,0.24384361513074385
dixon_bivar_expected_awmae,5,0.0,0.0,1.0,0.5,-0.15,2.9844859212459087,1.0183104848946434,0.11862147753236862,0.5930439197765931,0.2162985529322163
dixon_bivar_expected_awmae,4,0.5,0.15,1.0,0.0,-0.1,2.9845001383228644,1.018120081238893,0.10916476263010917,0.5965346534653465,0.21242701193196242
dixon_bivar_expected_awmae,4,0.0,0.1,0.0,0.5,0.1,2.984520260770338,1.021959888296522,0.12179487179487179,0.5693703985783194,0.24358974358974358
dixon_bivar_expected_awmae,4,0.0,0.0,1.0,0.25,0.05,2.9845218546802075,1.0225628332063976,0.11538461538461539,0.5998349834983498,0.2133790302107134
dixon_bivar_expected_awmae,4,0.25,0.06,1.0,0.5,-0.15,2.9845313942615164,1.019008631632394,0.11855800964711856,0.5931073876618431,0.2161081492764661
dixon_bivar_expected_awmae,4,0.0,0.15,0.0,0.25,-0.05,2.9845414228789218,1.0132013201320131,0.11976389946686976,0.5634044173648134,0.24314546839299314
dixon_bivar_expected_awmae,4,0.25,0.15,1.0,0.25,-0.15,2.984562592589737,1.017041127189642,0.11646356943386646,0.5935516628585935,0.2145214521452145
dixon_bivar_expected_awmae,4,1.0,0.1,1.0,0.0,-0.15,2.9845637726301986,1.017104595074892,0.10891089108910891,0.5978674790555979,0.2102056359482102
dixon_bivar_expected_awmae,5,0.5,0.0,1.0,0.25,-0.1,2.9845659196905165,1.0161525767961412,0.1157019548108657,0.5976136075145976,0.21223660827621224
dixon_bivar_expected_awmae,4,0.5,0.15,1.0,0.0,-0.15,2.9845690604440156,1.0177392739273927,0.11011678090886012,0.5962173140390962,0.21306169078446305
dixon_bivar_expected_awmae,4,0.0,0.1,1.0,0.25,0.0,2.984582641399705,1.020912668189896,0.11576542269611577,0.597042396547347,0.2136963696369637
dixon_bivar_expected_awmae,4,1.0,0.0,1.0,0.25,0.15,2.984591338403772,1.021896420411272,0.1082127443513582,0.6009774054328509,0.20779385630870778
dixon_bivar_expected_awmae,4,0.75,0.06,1.0,0.0,0.0,2.9846055418018786,1.0198971820258949,0.10865701954810866,0.6005965981213506,0.2110941863417111
dixon_bivar_expected_awmae,4,0.5,0.06,1.0,0.5,0.05,2.984611883726337,1.023165778116273,0.11659050520436659,0.5988829652195988,0.21287128712871287
dixon_bivar_expected_awmae,4,0.5,0.1,1.0,0.5,0.0,2.9846213769315617,1.0212300076161462,0.11646356943386646,0.5960903782685961,0.21293475501396295
dixon_bivar_expected_awmae,4,0.0,0.06,0.0,0.5,0.1,2.9846219425791474,1.0227532368621477,0.12166793602437166,0.5705128205128205,0.2433993399339934
dixon_bivar_expected_awmae,4,1.0,0.0,1.0,0.0,-0.05,2.9846267646961526,1.0194529068291445,0.10808580858085809,0.6011678090886011,0.20995176440720995
dixon_bivar_expected_awmae,5,1.0,0.0,1.0,0.25,-0.15,2.9846304979492264,1.0156448337141406,0.11100533130236101,0.5974232038588474,0.21045950748921047
dixon_bivar_expected_awmae,4,1.0,0.06,1.0,0.5,0.15,2.984632149207529,1.0224993653211476,0.11265549631886265,0.6001523229246002,0.20849200304645849
dixon_bivar_expected_awmae,5,0.0,0.06,1.0,0.5,-0.05,2.984635667990578,1.0203414572226452,0.1172886519421173,0.5937420665143437,0.21426758060421427
dixon_bivar_expected_awmae,4,0.5,0.15,1.0,0.0,0.05,2.984647251688578,1.0197385123127698,0.10795887281035796,0.5987560294490988,0.21128458999746128
dixon_bivar_expected_awmae,5,0.0,0.03,1.0,0.5,0.05,2.984649369429051,1.023134044173648,0.11773292713886774,0.5971693323178472,0.214013709063214
dixon_bivar_expected_awmae,5,0.25,0.06,1.0,0.25,0.1,2.9846697014556067,1.0191673013455191,0.11582889058136583,0.6003427265803504,0.21236354404671237
dixon_bivar_expected_awmae,5,0.5,0.0,1.0,0.5,0.15,2.9846837584394814,1.0235465854277734,0.1151942117288652,0.6005965981213506,0.2105864432597106
dixon_bivar_expected_awmae,4,0.0,0.03,1.0,0.25,-0.05,2.984712708150637,1.0204049251078955,0.11576542269611577,0.5969154607768469,0.21363290175171362
dixon_bivar_expected_awmae,4,0.0,0.06,1.0,0.25,0.1,2.9847392600114326,1.0227215029195227,0.1151942117288652,0.5998984513835999,0.21318862655496318
dixon_bivar_expected_awmae,5,0.5,0.15,1.0,0.25,0.15,2.9847457333006253,1.0184691546077684,0.11297283574511298,0.5998349834983498,0.2110941863417111
dixon_bivar_expected_awmae,4,0.25,0.15,1.0,0.0,0.1,2.9847646543627873,1.0214204112718963,0.10694338664635694,0.598946433104849,0.2107133790302107
dixon_bivar_expected_awmae,4,0.0,0.1,1.0,0.25,-0.05,2.984775164338514,1.0197702462553948,0.11608276212236608,0.5957095709570958,0.2136963696369637
dixon_bivar_expected_awmae,5,1.0,0.03,1.0,0.25,0.05,2.984809303046162,1.0177075399847677,0.1097994414826098,0.6005331302361006,0.2088093424727088
dixon_bivar_expected_awmae,5,0.75,0.06,1.0,0.25,0.05,2.984812295997845,1.0186595582635187,0.11157654226961157,0.6007235338918507,0.2114115257679614
dixon_bivar_expected_awmae,4,0.25,0.0,1.0,0.25,-0.15,2.984844832736043,1.0193894389438944,0.11532114749936533,0.5960903782685961,0.21293475501396295
dixon_bivar_expected_awmae,5,0.0,0.1,1.0,0.5,-0.15,2.9848666179949515,1.0176123381568927,0.1188118811881188,0.5916476263010917,0.21706016755521707
dixon_bivar_expected_awmae,4,1.0,0.0,1.0,0.0,-0.1,2.9849129936599375,1.019040365575019,0.10808580858085809,0.6002792586951002,0.20995176440720995
dixon_bivar_expected_awmae,4,0.25,0.06,1.0,0.25,0.0,2.9849471748740024,1.0205953287636456,0.11487687230261488,0.5977405432850977,0.21198273673521198
dixon_bivar_expected_awmae,4,0.0,0.0,1.0,0.25,0.0,2.9849654309498166,1.0213886773292713,0.11582889058136583,0.5983117542523483,0.21344249809596344
dixon_bivar_expected_awmae,4,0.0,0.1,1.0,0.25,0.1,2.984984709515689,1.0224676313785224,0.115003808073115,0.5988194973343488,0.212998222899213
dixon_bivar_expected_awmae,5,0.5,0.1,1.0,0.25,-0.15,2.9850422493949984,1.0152640264026402,0.11684437674536684,0.5957730388423458,0.21395024117796396
dixon_bivar_expected_awmae,4,0.75,0.03,1.0,0.25,0.15,2.985047200646305,1.0216742828128966,0.1091012947448591,0.6003427265803504,0.20779385630870778
dixon_bivar_expected_awmae,4,0.25,0.1,1.0,0.25,0.15,2.9850739031850866,1.0224358974358974,0.11392485402386393,0.6005331302361006,0.21103071845646104
dixon_bivar_expected_awmae,4,0.5,0.1,1.0,0.25,0.15,2.9850893589021013,1.0208492003046459,0.11221122112211221,0.6000253871541,0.20963442498095963
dixon_bivar_expected_awmae,4,0.25,0.15,1.0,0.0,-0.1,2.9851078838635847,1.0196433104848945,0.10948210205635948,0.5965346534653465,0.21312515866971313
dixon_bivar_expected_awmae,4,0.25,0.03,0.0,0.5,-0.05,2.9851182263869784,1.0195798425996445,0.12236608276212237,0.5661335364305662,0.24403401878649403
dixon_bivar_expected_awmae,4,0.5,0.15,1.0,0.0,-0.05,2.9851616404680685,1.0188499619192688,0.10795887281035796,0.5968519928915968,0.21153846153846154
dixon_bivar_expected_awmae,4,0.25,0.06,1.0,0.25,-0.1,2.985179244694639,1.0194529068291445,0.1151942117288652,0.595963442498096,0.21287128712871287
dixon_bivar_expected_awmae,4,0.25,0.1,1.0,0.25,-0.1,2.9851848914522137,1.0186912922061437,0.1157019548108657,0.5954556994160954,0.21312515866971313
dixon_bivar_expected_awmae,4,0.25,0.15,1.0,0.5,0.0,2.9852290259631533,1.022118558009647,0.11843107387661843,0.5950748921045951,0.21547347042396547
dixon_bivar_expected_awmae,4,0.75,0.06,1.0,0.25,0.15,2.9852355838835782,1.0212934755013963,0.10891089108910891,0.5996445798425997,0.20741304899720742
dixon_bivar_expected_awmae,5,0.0,0.1,1.0,0.5,0.1,2.9852483966229766,1.0235148514851484,0.11798679867986799,0.5971693323178472,0.214013709063214
dixon_bivar_expected_awmae,4,0.0,0.03,1.0,0.25,0.05,2.9852737945636445,1.0223089616653973,0.11513074384361513,0.5990733688753491,0.21325209444021326
dixon_bivar_expected_awmae,5,0.0,0.06,0.0,0.5,0.05,2.9852778438293086,1.018088347296268,0.12122366082762122,0.566070068545316,0.24320893627824322
dixon_bivar_expected_awmae,4,0.0,0.15,0.0,0.5,0.1,2.985296927705839,1.0197385123127698,0.12242955064737243,0.5668951510535669,0.2430820005077431
dixon_bivar_expected_awmae,4,0.75,0.03,1.0,0.5,0.15,2.985333552794731,1.0238639248540238,0.11398832190911398,0.6000253871541,0.2103960396039604
dixon_bivar_expected_awmae,4,0.25,0.15,1.0,0.0,0.15,2.9853550326518765,1.022118558009647,0.10687991876110688,0.5998984513835999,0.21026910383346026
dixon_bivar_expected_awmae,4,0.25,0.15,0.0,0.25,-0.15,2.985416508799778,1.0115828890581366,0.12179487179487179,0.5628332063975628,0.24441482609799442
dixon_bivar_expected_awmae,4,0.25,0.03,1.0,0.25,-0.1,2.985423305232329,1.0201827875095202,0.11494034018786493,0.5965981213505966,0.21312515866971313
dixon_bivar_expected_awmae,5,0.0,0.1,1.0,0.25,0.05,2.9854364709424015,1.0196750444275198,0.11601929423711602,0.5982482863670983,0.21325209444021326
dixon_bivar_expected_awmae,4,0.5,0.03,1.0,0.5,0.05,2.9854415481965564,1.0235148514851484,0.11627316577811628,0.5992003046458492,0.21268088347296268
dixon_bivar_expected_awmae,5,0.5,0.1,1.0,0.25,0.1,2.985452262383225,1.0185008885503934,0.11373445036811373,0.5998349834983498,0.21160192942371162
dixon_bivar_expected_awmae,4,0.75,0.06,1.0,0.0,0.05,2.9854551689840707,1.0205635948210205,0.10846661589235847,0.6009139375476009,0.21077684691546078
dixon_bivar_expected_awmae,5,0.5,0.0,1.0,0.25,-0.15,2.9854636528853633,1.016025641025641,0.11551155115511551,0.5968519928915968,0.21223660827621224
dixon_bivar_expected_awmae,5,0.25,0.03,0.0,0.5,-0.1,2.985465521553206,1.0144706778370145,0.12268342218837268,0.5632774815943132,0.24543031226199544
dixon_bivar_expected_awmae,4,0.5,0.1,0.0,0.5,-0.15,2.985468630291483,1.0153274942878903,0.12446052297537447,0.5631505458238132,0.24555724803249557
dixon_bivar_expected_awmae,5,0.75,0.06,1.0,0.25,0.1,2.985496868630944,1.019008631632394,0.11062452399086062,0.6004061944656004,0.21026910383346026
dixon_bivar_expected_awmae,4,0.25,0.06,1.0,0.5,-0.05,2.9855249370108226,1.0217694846407717,0.11722518405686723,0.5950748921045951,0.2145214521452145
dixon_bivar_expected_awmae,4,1.0,0.15,1.0,0.0,0.15,2.9855421138897547,1.0203414572226452,0.10561056105610561,0.6007235338918507,0.20773038842345773
dixon_bivar_expected_awmae,4,0.25,0.0,1.0,0.25,-0.1,2.9855506833041185,1.0200558517390201,0.11468646864686469,0.5964711855800965,0.21223660827621224
dixon_bivar_expected_awmae,4,0.25,0.06,1.0,0.25,0.1,2.985570171451745,1.0225945671490226,0.11436912922061437,0.6001523229246002,0.21166539730896167
dixon_bivar_expected_awmae,5,0.25,0.03,1.0,0.25,0.1,2.9855931366975965,1.0191673013455191,0.11576542269611577,0.6002157908098502,0.2117923330794618
dixon_bivar_expected_awmae,5,0.25,0.03,1.0,0.25,-0.15,2.9856071685615526,1.016882457476517,0.11659050520436659,0.5961538461538461,0.214013709063214
dixon_bivar_expected_awmae,5,0.0,0.15,1.0,0.25,0.0,2.9856452811958523,1.0183104848946434,0.11620969789286621,0.595963442498096,0.21325209444021326
dixon_bivar_expected_awmae,5,0.25,0.06,1.0,0.5,0.15,2.985708741587037,1.0246890073622748,0.11659050520436659,0.6004696623508504,0.21274435135821274
dixon_bivar_expected_awmae,5,0.25,0.06,1.0,0.25,-0.15,2.9857276902160375,1.0163429804518913,0.11671744097486672,0.5955191673013455,0.2142041127189642
dixon_bivar_expected_awmae,5,0.0,0.1,1.0,0.25,0.15,2.985729628059086,1.0215790809850216,0.11538461538461539,0.6004061944656004,0.2124904798172125
dixon_bivar_expected_awmae,5,0.25,0.0,1.0,0.25,-0.1,2.9857349665859867,1.0172632647880173,0.11614623000761615,0.5966615892358467,0.21306169078446305
dixon_bivar_expected_awmae,4,0.25,0.1,1.0,0.5,-0.05,2.9858079436203835,1.0214204112718963,0.11792333079461792,0.5946306169078446,0.21496572734196498
dixon_bivar_expected_awmae,4,0.0,0.15,1.0,0.25,0.0,2.9858788216315975,1.0205953287636456,0.11525767961411526,0.5957095709570958,0.21293475501396295
dixon_bivar_expected_awmae,5,0.0,0.1,1.0,0.5,0.15,2.9858792871709445,1.0249111449606498,0.11798679867986799,0.5987560294490988,0.21395024117796396
dixon_bivar_expected_awmae,4,0.0,0.06,1.0,0.25,-0.1,2.9858926837372026,1.019008631632394,0.11633663366336634,0.5947575526783447,0.214013709063214
dixon_bivar_expected_awmae,4,0.75,0.06,1.0,0.0,-0.05,2.9859077265301317,1.0193259710586444,0.10948210205635948,0.5996445798425997,0.21147499365321148
dixon_bivar_expected_awmae,4,0.25,0.03,1.0,0.5,-0.05,2.9859165565251438,1.0226580350342727,0.11646356943386646,0.5957730388423458,0.21388677329271388
dixon_bivar_expected_awmae,4,0.25,0.15,1.0,0.0,0.05,2.9859484123507776,1.0205953287636456,0.10783193703985783,0.5980578827113481,0.21134805788271135
dixon_bivar_expected_awmae,4,0.5,0.06,1.0,0.5,0.0,2.985953506517862,1.022055090124397,0.1164001015486164,0.5968519928915968,0.21306169078446305
dixon_bivar_expected_awmae,4,0.25,0.03,1.0,0.25,-0.05,2.985960054418994,1.0202779893373952,0.115003808073115,0.5969154607768469,0.21223660827621224
dixon_bivar_expected_awmae,5,0.25,0.06,1.0,0.25,-0.1,2.9859737085702576,1.0175806042142677,0.11614623000761615,0.5964711855800965,0.21395024117796396
dixon_bivar_expected_awmae,5,0.25,0.15,1.0,0.5,0.1,2.9859920924226833,1.0223724295506473,0.11766945925361767,0.5969154607768469,0.2136963696369637
dixon_bivar_expected_awmae,5,0.0,0.03,1.0,0.5,-0.15,2.9860084375726275,1.018151815181518,0.11817720233561818,0.5921553693830921,0.21591774562071592
dixon_bivar_expected_awmae,4,0.5,0.06,1.0,0.5,0.1,2.9860148580026453,1.024022594567149,0.11665397308961666,0.5998984513835999,0.21293475501396295
dixon_bivar_expected_awmae,4,0.0,0.06,1.0,0.25,-0.15,2.986053723228242,1.0184374206651434,0.11678090886011679,0.5943767453668444,0.21496572734196498
dixon_bivar_expected_awmae,5,0.25,0.0,1.0,0.25,0.05,2.9860965912676862,1.0194529068291445,0.11563848692561564,0.6002157908098502,0.2123000761614623
dixon_bivar_expected_awmae,5,0.25,0.03,1.0,0.5,0.15,2.9861049716456356,1.0242129982228991,0.11620969789286621,0.6000253871541,0.21172886519421172
dixon_bivar_expected_awmae,5,0.0,0.15,1.0,0.5,0.15,2.9861115561296576,1.0244986037065245,0.11798679867986799,0.5974232038588474,0.21414064483371414
dixon_bivar_expected_awmae,5,0.0,0.06,1.0,0.5,-0.15,2.986112415214086,1.0185960903782687,0.11798679867986799,0.5921553693830921,0.2162985529322163
dixon_bivar_expected_awmae,5,0.75,0.03,1.0,0.25,0.05,2.986153324150305,1.0192625031733942,0.11100533130236101,0.6008504696623509,0.21128458999746128
dixon_bivar_expected_awmae,4,0.0,0.0,0.0,0.5,0.1,2.9861790894602396,1.0253236862147754,0.12160446813912161,0.5727976643818228,0.24403401878649403
dixon_bivar_expected_awmae,4,0.75,0.0,1.0,0.5,0.15,2.9862213906400923,1.0245938055343995,0.11367098248286367,0.6005331302361006,0.21014216806296016
dixon_bivar_expected_awmae,4,0.5,0.06,1.0,0.25,0.15,2.9862326503549412,1.0213886773292713,0.11138613861386139,0.59996191926885,0.20817466362020817
dixon_bivar_expected_awmae,4,0.5,0.1,1.0,0.0,0.1,2.9862538843951163,1.0213569433866463,0.10846661589235847,0.6010408733181011,0.2110941863417111
dixon_bivar_expected_awmae,4,0.0,0.0,1.0,0.25,-0.05,2.986273595102455,1.020912668189896,0.11582889058136583,0.5973597359735974,0.21356943386646357
dixon_bivar_expected_awmae,4,0.0,0.1,1.0,0.25,-0.1,2.986295974179004,1.0193894389438944,0.11671744097486672,0.595011424219345,0.21515613099771516
dixon_bivar_expected_awmae,5,0.25,0.0,1.0,0.5,0.15,2.9863375357846187,1.024022594567149,0.11646356943386646,0.6003427265803504,0.21172886519421172
dixon_bivar_expected_awmae,4,1.0,0.0,1.0,0.0,-0.15,2.9863497170822564,1.0183422188372684,0.1082127443513582,0.5988829652195988,0.2091901497842092
dixon_bivar_expected_awmae,5,0.0,0.03,0.0,0.5,0.05,2.9863605161862727,1.0187864940340188,0.12096978928662097,0.5663239400863164,0.24257425742574257
dixon_bivar_expected_awmae,4,0.25,0.1,1.0,0.5,0.0,2.9863686440617614,1.022911906575273,0.11741558771261741,0.5956461030718456,0.2145849200304646
dixon_bivar_expected_awmae,5,0.0,0.06,1.0,0.5,0.15,2.986389996160055,1.0253236862147754,0.1183041381061183,0.5998984513835999,0.21382330540746383
dixon_bivar_expected_awmae,5,0.75,0.03,1.0,0.25,0.0,2.9864134300829512,1.0185643564356435,0.11132267072861132,0.5997080477278497,0.21096725057121096
dixon_bivar_expected_awmae,5,0.0,0.15,1.0,0.25,-0.05,2.9864137085634583,1.0172949987306423,0.11722518405686723,0.5952018278750952,0.21433104848946433
dixon_bivar_expected_awmae,4,0.25,0.15,1.0,0.5,0.15,2.9864250208604246,1.0252284843869002,0.11843107387661843,0.5993907083015994,0.21515613099771516
dixon_bivar_expected_awmae,5,0.0,0.0,1.0,0.5,0.05,2.9864822750338367,1.0234513835998984,0.11785986290936785,0.5972962680883473,0.214013709063214
dixon_bivar_expected_awmae,5,1.0,0.06,1.0,0.25,0.1,2.986483594920822,1.0182787509520184,0.1084031480071084,0.5997080477278497,0.2076034526529576
dixon_bivar_expected_awmae,5,0.0,0.1,1.0,0.25,0.0,2.9865267539137292,1.0192625031733942,0.11582889058136583,0.5968519928915968,0.21274435135821274
dixon_bivar_expected_awmae,4,1.0,0.03,1.0,0.0,0.05,2.9865491325091744,1.0200875856816451,0.1064991114496065,0.6005965981213506,0.20766692053820768
dixon_bivar_expected_awmae,5,0.0,0.06,1.0,0.5,0.1,2.986565053237581,1.0242764661081494,0.1177963950241178,0.5978674790555979,0.2136963696369637
dixon_bivar_expected_awmae,5,0.0,0.1,1.0,0.25,0.1,2.9865678184139,1.021007870017771,0.11525767961411526,0.5990733688753491,0.21280781924346281
dixon_bivar_expected_awmae,5,0.0,0.06,1.0,0.5,-0.1,2.98656940420974,1.0198019801980198,0.11798679867986799,0.592980451891343,0.2156004061944656
dixon_bivar_expected_awmae,4,0.25,0.03,1.0,0.5,0.1,2.9865783936502486,1.0252602183295252,0.11722518405686723,0.6001523229246002,0.21375983752221375
dixon_bivar_expected_awmae,4,0.0,0.03,1.0,0.25,-0.1,2.9866072940990294,1.0201193196242702,0.11608276212236608,0.5958365067275958,0.21426758060421427
dixon_bivar_expected_awmae,4,1.0,0.0,1.0,0.0,0.0,2.9866154411767525,1.0200875856816451,0.107006854531607,0.6009139375476009,0.20849200304645849
dixon_bivar_expected_awmae,4,1.0,0.1,1.0,0.0,0.1,2.9866233081274434,1.0200241177963951,0.10643564356435643,0.6004696623508504,0.20766692053820768
dixon_bivar_expected_awmae,4,0.0,0.0,1.0,0.25,0.1,2.986646480359936,1.0235465854277734,0.115003808073115,0.6004696623508504,0.2126174155877126
dixon_bivar_expected_awmae,4,0.75,0.1,1.0,0.0,-0.15,2.986650692771801,1.0182787509520184,0.10878395531860878,0.5971693323178472,0.21147499365321148
dixon_bivar_expected_awmae,4,0.25,0.15,1.0,0.5,-0.05,2.9866516111961756,1.0214204112718963,0.11862147753236862,0.5941863417110942,0.21617161716171618
dixon_bivar_expected_awmae,4,0.5,0.0,1.0,0.25,0.1,2.9866520963714898,1.0213886773292713,0.11271896420411272,0.6001523229246002,0.20957095709570958
dixon_bivar_expected_awmae,4,0.5,0.1,1.0,0.5,0.15,2.98665506319959,1.0245938055343995,0.11684437674536684,0.6003427265803504,0.21293475501396295
dixon_bivar_expected_awmae,5,0.0,0.06,1.0,0.25,-0.05,2.986662923749709,1.0189134298045188,0.1157019548108657,0.5966615892358467,0.212998222899213
dixon_bivar_expected_awmae,4,0.25,0.06,1.0,0.5,0.1,2.9866809971803994,1.02503808073115,0.11766945925361767,0.5995176440720995,0.2145849200304646
dixon_bivar_expected_awmae,5,0.0,0.03,1.0,0.5,0.1,2.986727198598514,1.0245620715917745,0.11792333079461792,0.5986290936785986,0.21382330540746383
dixon_bivar_expected_awmae,5,0.25,0.0,1.0,0.25,-0.15,2.9867320128466255,1.0174854023863924,0.11608276212236608,0.5965346534653465,0.21382330540746383
dixon_bivar_expected_awmae,4,0.25,0.0,1.0,0.25,0.05,2.986757673244065,1.0227532368621477,0.11430566133536431,0.6002157908098502,0.21147499365321148
dixon_bivar_expected_awmae,4,0.0,0.0,1.0,0.25,-0.15,2.986789465192003,1.0194211728865195,0.11620969789286621,0.5948844884488449,0.2145214521452145
dixon_bivar_expected_awmae,4,0.0,0.0,1.0,0.25,-0.1,2.9868150368226654,1.0207539984767708,0.11551155115511551,0.595963442498096,0.21395024117796396
dixon_bivar_expected_awmae,5,0.0,0.06,1.0,0.25,0.0,2.9868184285581427,1.0192942371160192,0.11601929423711602,0.5976136075145976,0.21306169078446305
dixon_bivar_expected_awmae,4,0.25,0.15,1.0,0.5,-0.15,2.986840142262564,1.0198337141406448,0.11862147753236862,0.5925361766945926,0.21756791063721756
dixon_bivar_expected_awmae,4,0.5,0.1,1.0,0.0,0.15,2.9868550480492835,1.021896420411272,0.10802234069560802,0.6014851485148515,0.21045950748921047
dixon_bivar_expected_awmae,4,0.75,0.06,1.0,0.0,0.1,2.986866050285898,1.020912668189896,0.10783193703985783,0.6009139375476009,0.20976136075145976
dixon_bivar_expected_awmae,5,0.0,0.0,1.0,0.5,0.1,2.986924966179354,1.0247524752475248,0.11785986290936785,0.5988194973343488,0.2136963696369637
dixon_bivar_expected_awmae,4,0.25,0.15,1.0,0.5,0.05,2.986929930280339,1.0233561817720234,0.11817720233561818,0.595963442498096,0.21509266311246508
dixon_bivar_expected_awmae,4,0.25,0.06,1.0,0.5,0.05,2.986933060491263,1.024022594567149,0.1172886519421173,0.5977405432850977,0.21433104848946433
dixon_bivar_expected_awmae,4,0.25,0.1,1.0,0.5,-0.15,2.9869536236722127,1.0192307692307692,0.11893881695861894,0.5923457730388424,0.21661589235846662
dixon_bivar_expected_awmae,4,0.25,0.0,1.0,0.5,0.0,2.986957310402812,1.0234831175425234,0.1169078446306169,0.5972962680883473,0.2136963696369637
dixon_bivar_expected_awmae,4,0.75,0.03,1.0,0.0,0.05,2.9869779082521672,1.021039603960396,0.10827621223660827,0.6009774054328509,0.21026910383346026
dixon_bivar_expected_awmae,5,0.5,0.03,1.0,0.25,0.05,2.9869896790464185,1.0191038334602691,0.11341711094186342,0.59996191926885,0.2114115257679614
dixon_bivar_expected_awmae,4,0.25,0.15,1.0,0.0,-0.05,2.98701484394244,1.0206905305915206,0.10827621223660827,0.5969154607768469,0.21242701193196242
dixon_bivar_expected_awmae,5,0.75,0.1,1.0,0.25,0.15,2.9870488936761923,1.0192942371160192,0.11043412033511044,0.5998349834983498,0.20938055343995937
dixon_bivar_expected_awmae,4,0.25,0.1,1.0,0.5,0.1,2.9870640682960024,1.02503808073115,0.11792333079461792,0.5988829652195988,0.2149022594567149
dixon_bivar_expected_awmae,4,0.25,0.06,1.0,0.5,0.0,2.9871346911177805,1.022975374460523,0.11716171617161716,0.5958999746128459,0.214013709063214
dixon_bivar_expected_awmae,4,0.5,0.06,1.0,0.5,0.15,2.987142567610663,1.0248476770753998,0.1164001015486164,0.6005965981213506,0.21223660827621224
dixon_bivar_expected_awmae,5,0.5,0.1,1.0,0.25,0.15,2.9871732766420322,1.0196115765422695,0.11329017517136329,0.6005331302361006,0.2110941863417111
dixon_bivar_expected_awmae,4,0.25,0.1,1.0,0.5,0.15,2.987184104093425,1.0257362274689008,0.11817720233561818,0.5998349834983498,0.2143945163747144
dixon_bivar_expected_awmae,4,0.75,0.1,1.0,0.0,-0.1,2.987199212129923,1.0192307692307692,0.1085935516628586,0.5979944148260979,0.21166539730896167
dixon_bivar_expected_awmae,4,0.5,0.15,1.0,0.0,0.0,2.987290528037412,1.0199606499111449,0.10751459761360752,0.5976136075145976,0.2114115257679614
dixon_bivar_expected_awmae,4,0.75,0.0,1.0,0.25,0.15,2.9873223917483305,1.0227532368621477,0.10884742320385885,0.6006600660066007,0.20741304899720742
dixon_bivar_expected_awmae,4,0.0,0.15,1.0,0.5,0.05,2.98734459440063,1.0246572734196497,0.1183041381061183,0.5957730388423458,0.21566387407971566
dixon_bivar_expected_awmae,4,0.0,0.1,0.0,0.25,-0.05,2.9873650794974025,1.01501015486164,0.11855800964711856,0.5642294998730643,0.24206651434374207
dixon_bivar_expected_awmae,5,0.0,0.03,1.0,0.25,-0.05,2.987368496355622,1.018976897689769,0.11627316577811628,0.596978928662097,0.21356943386646357
dixon_bivar_expected_awmae,5,1.0,0.0,1.0,0.25,0.05,2.987382803106379,1.0182152830667681,0.10935516628585935,0.6002157908098502,0.20811119573495812
dixon_bivar_expected_awmae,5,1.0,0.06,1.0,0.25,0.15,2.987408349090589,1.0193894389438944,0.10802234069560802,0.6006600660066007,0.20766692053820768
dixon_bivar_expected_awmae,4,0.0,0.1,1.0,0.25,-0.15,2.987428478376562,1.018945163747144,0.11659050520436659,0.5938055343995938,0.21547347042396547
dixon_bivar_expected_awmae,4,0.25,0.03,1.0,0.25,0.1,2.9874538035563134,1.023134044173648,0.1137979182533638,0.6004061944656004,0.2109037826859609
dixon_bivar_expected_awmae,4,0.75,0.06,1.0,0.0,-0.1,2.9874878654602495,1.0196115765422695,0.10897435897435898,0.5987560294490988,0.21160192942371162
dixon_bivar_expected_awmae,5,0.0,0.1,1.0,0.25,-0.1,2.9875134459810457,1.0173267326732673,0.11703478040111703,0.5950748921045951,0.21414064483371414
dixon_bivar_expected_awmae,5,0.0,0.06,1.0,0.25,-0.15,2.9875762387285025,1.016882457476517,0.11754252348311754,0.5948210205635949,0.21477532368621477
dixon_bivar_expected_awmae,4,0.25,0.0,1.0,0.5,-0.05,2.9875800445336766,1.0228167047473977,0.11614623000761615,0.5956461030718456,0.21312515866971313
dixon_bivar_expected_awmae,4,0.0,0.15,1.0,0.25,-0.1,2.9876567549380884,1.0191038334602691,0.11627316577811628,0.593995938055344,0.2149022594567149
dixon_bivar_expected_awmae,5,0.0,0.1,1.0,0.25,-0.05,2.9876761409395165,1.0184691546077684,0.11608276212236608,0.5957730388423458,0.21318862655496318
dixon_bivar_expected_awmae,4,0.5,0.1,1.0,0.0,-0.15,2.9876927192586673,1.0192307692307692,0.10929169840060929,0.5965346534653465,0.21217314039096216
dixon_bivar_expected_awmae,5,0.75,0.0,1.0,0.25,0.0,2.987732163225903,1.0192307692307692,0.11094186341711094,0.60008885503935,0.21134805788271135
dixon_bivar_expected_awmae,4,0.25,0.1,1.0,0.0,0.1,2.9877480436329686,1.0228167047473977,0.107006854531607,0.60008885503935,0.21084031480071083
dixon_bivar_expected_awmae,4,0.5,0.03,1.0,0.5,0.1,2.987791018607645,1.0249428789032748,0.11614623000761615,0.6004061944656004,0.2126174155877126
dixon_bivar_expected_awmae,4,0.75,0.03,1.0,0.0,-0.05,2.9878152492922427,1.0203414572226452,0.10903782685960904,0.6000253871541,0.2110941863417111
dixon_bivar_expected_awmae,4,0.75,0.03,1.0,0.0,0.0,2.9878315402225817,1.021039603960396,0.10865701954810866,0.6010408733181011,0.21128458999746128
dixon_bivar_expected_awmae,4,0.0,0.03,1.0,0.25,0.15,2.987839832580182,1.0238639248540238,0.11468646864686469,0.6005331302361006,0.2117923330794618
dixon_bivar_expected_awmae,4,0.0,0.15,1.0,0.25,-0.05,2.9878876351509773,1.0205001269357705,0.11595582635186595,0.5952652957603453,0.2143945163747144
dixon_bivar_expected_awmae,5,0.0,0.15,1.0,0.25,-0.1,2.987906243974567,1.0167872556486417,0.11766945925361767,0.594059405940594,0.21502919522721503
dixon_bivar_expected_awmae,4,0.5,0.0,1.0,0.5,0.1,2.9879169343566025,1.0248159431327748,0.11576542269611577,0.6000253871541,0.21172886519421172
dixon_bivar_expected_awmae,4,0.0,0.03,1.0,0.25,-0.15,2.987917812633805,1.0193577050012694,0.11665397308961666,0.5949479563340949,0.2152195988829652
dixon_bivar_expected_awmae,5,0.75,0.06,1.0,0.25,0.15,2.987918771529687,1.0196433104848945,0.11037065244986037,0.6002157908098502,0.2091901497842092
dixon_bivar_expected_awmae,5,0.0,0.1,0.0,0.5,0.05,2.9879291241983577,1.0175171363290174,0.12160446813912161,0.564927646610815,0.24378014724549377
dixon_bivar_expected_awmae,4,0.25,0.06,0.0,0.5,-0.05,2.9879461209355656,1.0191673013455191,0.12261995430312261,0.5651180502665651,0.24454176186849455
dixon_bivar_expected_awmae,5,0.0,0.03,1.0,0.5,0.15,2.9880168965199814,1.0257044935262758,0.11760599136836761,0.5997715156130998,0.212998222899213
dixon_bivar_expected_awmae,4,0.5,0.1,1.0,0.0,-0.1,2.9880232220523686,1.0193894389438944,0.10872048743335871,0.5967885250063468,0.21153846153846154
dixon_bivar_expected_awmae,4,0.75,0.0,1.0,0.25,0.1,2.988043339628539,1.0222772277227723,0.10872048743335871,0.5996445798425997,0.20773038842345773
dixon_bivar_expected_awmae,5,0.0,0.06,1.0,0.25,0.05,2.988070032622771,1.0210713379030212,0.11544808326986544,0.598946433104849,0.21325209444021326
dixon_bivar_expected_awmae,5,0.0,0.1,1.0,0.25,-0.15,2.9880993448963236,1.0162477786240163,0.11741558771261741,0.593932470170094,0.21477532368621477
dixon_bivar_expected_awmae,4,0.25,0.1,1.0,0.5,0.05,2.988134176681016,1.0236100533130237,0.11817720233561818,0.5966615892358467,0.21464838791571464
dixon_bivar_expected_awmae,4,0.25,0.15,1.0,0.5,-0.1,2.988135660383441,1.0203414572226452,0.11906575272911907,0.5927900482355928,0.2164889565879665
dixon_bivar_expected_awmae,5,0.0,0.0,1.0,0.25,-0.05,2.98814949917376,1.0195481086570195,0.11614623000761615,0.5976770753998477,0.21350596598121352
dixon_bivar_expected_awmae,4,0.5,0.03,1.0,0.25,0.15,2.9881656333230504,1.0216108149276466,0.11132267072861132,0.5993272404163493,0.20766692053820768
dixon_bivar_expected_awmae,5,0.75,0.0,1.0,0.25,0.05,2.9881958318686785,1.0198337141406448,0.11043412033511044,0.6004696623508504,0.2103960396039604
dixon_bivar_expected_awmae,5,0.0,0.06,1.0,0.25,0.1,2.988197127773318,1.0217060167555216,0.11544808326986544,0.6000253871541,0.21287128712871287
dixon_bivar_expected_awmae,5,0.0,0.0,1.0,0.5,0.15,2.9882491874069315,1.0258314292967758,0.1177963950241178,0.6002157908098502,0.21287128712871287
dixon_bivar_expected_awmae,4,0.25,0.03,1.0,0.5,0.0,2.988258325232807,1.0234196496572734,0.1169078446306169,0.5964711855800965,0.21350596598121352
dixon_bivar_expected_awmae,4,0.5,0.1,1.0,0.0,-0.05,2.9882623037417564,1.0204683929931455,0.10795887281035796,0.5978040111703478,0.21134805788271135
dixon_bivar_expected_awmae,4,0.0,0.15,1.0,0.25,-0.15,2.988279003944273,1.0191990352881442,0.11601929423711602,0.5935516628585935,0.2161081492764661
dixon_bivar_expected_awmae,4,0.25,0.0,1.0,0.5,0.05,2.9882849415628234,1.0251332825590251,0.11652703731911652,0.598946433104849,0.2133790302107134
dixon_bivar_expected_awmae,4,0.5,0.06,1.0,0.0,-0.05,2.988313398662934,1.0212934755013963,0.10814927646610815,0.5988829652195988,0.21128458999746128
dixon_bivar_expected_awmae,5,0.0,0.15,1.0,0.25,-0.15,2.9883290279623016,1.0166920538207667,0.11735211982736735,0.593932470170094,0.21623508504696623
dixon_bivar_expected_awmae,5,0.25,0.06,1.0,0.25,0.15,2.988330980964277,1.0201193196242702,0.11532114749936533,0.6002157908098502,0.21122112211221122
dixon_bivar_expected_awmae,4,1.0,0.1,1.0,0.0,0.15,2.98833754475435,1.0212934755013963,0.10554709317085555,0.6012312769738513,0.20741304899720742
dixon_bivar_expected_awmae,4,0.25,0.06,1.0,0.25,0.15,2.988354902865051,1.022943640517898,0.11386138613861387,0.6002157908098502,0.21026910383346026
dixon_bivar_expected_awmae,4,0.25,0.03,1.0,0.5,0.05,2.988398739689348,1.0252919522721502,0.11671744097486672,0.5986925615638486,0.2142041127189642
dixon_bivar_expected_awmae,4,0.25,0.1,1.0,0.0,0.05,2.9884309948789523,1.0225945671490226,0.10745112972835745,0.5988829652195988,0.21153846153846154
dixon_bivar_expected_awmae,4,0.25,0.06,1.0,0.5,0.15,2.9884600339149636,1.0262439705509012,0.11773292713886774,0.6004696623508504,0.21407717694846407
dixon_bivar_expected_awmae,4,0.0,0.06,1.0,0.5,0.0,2.9885069932702684,1.0245938055343995,0.11805026656511805,0.5957730388423458,0.21515613099771516
dixon_bivar_expected_awmae,4,0.0,0.03,0.0,0.25,-0.1,2.9885300327776307,1.01501015486164,0.11855800964711856,0.5637217567910637,0.24263772531099265
dixon_bivar_expected_awmae,4,0.0,0.03,1.0,0.5,-0.1,2.9885326617502987,1.0216742828128966,0.11906575272911907,0.593995938055344,0.2168062960142168
dixon_bivar_expected_awmae,5,0.0,0.03,1.0,0.25,0.0,2.988544484753927,1.0201510535668952,0.11582889058136583,0.5979309469408479,0.21306169078446305
dixon_bivar_expected_awmae,4,0.5,0.03,1.0,0.5,0.15,2.9885729899613396,1.0256727595836506,0.1157019548108657,0.6007870017771008,0.21153846153846154
dixon_bivar_expected_awmae,5,0.0,0.03,1.0,0.25,-0.1,2.9885765844318737,1.0186278243208937,0.11608276212236608,0.5957730388423458,0.2133790302107134
dixon_bivar_expected_awmae,4,0.5,0.1,1.0,0.0,0.05,2.9886047215619076,1.0213569433866463,0.10814927646610815,0.5998349834983498,0.2109037826859609
dixon_bivar_expected_awmae,4,0.25,0.15,1.0,0.0,0.0,2.9887021904293074,1.0210713379030212,0.10751459761360752,0.5969154607768469,0.21147499365321148
dixon_bivar_expected_awmae,4,0.5,0.0,1.0,0.25,0.15,2.98876394101035,1.0221502919522722,0.11214775323686214,0.5998984513835999,0.20842853516120843
dixon_bivar_expected_awmae,4,0.5,0.06,1.0,0.0,0.05,2.9887861221382357,1.0214838791571466,0.10827621223660827,0.6001523229246002,0.21064991114496065
dixon_bivar_expected_awmae,4,0.0,0.0,1.0,0.5,-0.05,2.9887920129312837,1.0238956587966488,0.11798679867986799,0.5954556994160954,0.21534653465346534
dixon_bivar_expected_awmae,5,1.0,0.03,1.0,0.25,0.1,2.9888505336362585,1.0192942371160192,0.1084031480071084,0.6003427265803504,0.2076034526529576
dixon_bivar_expected_awmae,4,0.25,0.1,1.0,0.0,-0.15,2.9888660104552347,1.0203414572226452,0.11005331302361006,0.5964711855800965,0.2133155623254633
dixon_bivar_expected_awmae,4,0.0,0.1,1.0,0.5,0.0,2.9888803183667068,1.0238004569687738,0.11874841330286875,0.5952652957603453,0.2152830667682153
dixon_bivar_expected_awmae,4,1.0,0.03,1.0,0.0,0.1,2.988885281984609,1.0211030718456462,0.10643564356435643,0.6014216806296014,0.20773038842345773
dixon_bivar_expected_awmae,5,0.0,0.0,1.0,0.25,-0.1,2.988899029808981,1.019072099517644,0.11576542269611577,0.5964077176948465,0.21312515866971313
dixon_bivar_expected_awmae,4,0.5,0.06,1.0,0.0,-0.1,2.988928294361779,1.0202779893373952,0.10853008377760853,0.5976136075145976,0.2114115257679614
dixon_bivar_expected_awmae,4,0.0,0.0,0.0,0.5,0.05,2.988931737764862,1.0235465854277734,0.12192180756537192,0.5687357197258187,0.24403401878649403
dixon_bivar_expected_awmae,4,0.75,0.03,1.0,0.0,-0.1,2.9889489250334815,1.0199289159685199,0.10922823051535922,0.5992003046458492,0.21153846153846154
dixon_bivar_expected_awmae,4,1.0,0.0,1.0,0.0,0.05,2.988966306577998,1.0208809342472709,0.1064991114496065,0.6007235338918507,0.20779385630870778
dixon_bivar_expected_awmae,5,0.0,0.03,1.0,0.25,-0.15,2.9889760461071284,1.0175806042142677,0.11678090886011679,0.5947575526783447,0.2142041127189642
dixon_bivar_expected_awmae,4,0.0,0.15,1.0,0.5,0.0,2.989027791594314,1.023134044173648,0.11906575272911907,0.5941228738258442,0.21655242447321654
dixon_bivar_expected_awmae,5,0.0,0.06,1.0,0.25,-0.1,2.9890360844154373,1.018151815181518,0.11671744097486672,0.5953287636455953,0.2136963696369637
dixon_bivar_expected_awmae,4,0.5,0.03,1.0,0.0,-0.1,2.9890555073648946,1.0207222645341458,0.10872048743335871,0.5984386900228484,0.21134805788271135
dixon_bivar_expected_awmae,5,0.0,0.06,1.0,0.25,0.15,2.989115072225891,1.0225628332063976,0.11538461538461539,0.6007235338918507,0.21198273673521198
dixon_bivar_expected_awmae,4,0.25,0.0,1.0,0.5,0.1,2.989115151527838,1.0262439705509012,0.11652703731911652,0.6000253871541,0.2126174155877126
dixon_bivar_expected_awmae,4,0.0,0.15,1.0,0.5,-0.15,2.9891153057150595,1.0196433104848945,0.11976389946686976,0.5908860116780909,0.21826605737496826
dixon_bivar_expected_awmae,4,0.25,0.1,1.0,0.0,-0.1,2.9891606111286717,1.021007870017771,0.10903782685960904,0.5969154607768469,0.21268088347296268
dixon_bivar_expected_awmae,4,0.0,0.1,0.0,0.25,-0.1,2.989178153610724,1.0136455953287637,0.11944656004061945,0.5621350596598121,0.24346280781924345
dixon_bivar_expected_awmae,4,0.75,0.06,1.0,0.0,0.15,2.9892210673840403,1.0215790809850216,0.10757806549885758,0.6011043412033511,0.20931708555470932
dixon_bivar_expected_awmae,4,0.25,0.15,1.0,0.5,0.1,2.9892686058420823,1.0246572734196497,0.11843107387661843,0.5971693323178472,0.2152195988829652
dixon_bivar_expected_awmae,5,0.0,0.15,0.0,0.25,-0.15,2.989300712147745,1.0063150545823814,0.12122366082762122,0.5581365828890581,0.24244732165524244
dixon_bivar_expected_awmae,4,0.0,0.06,1.0,0.5,0.05,2.9893510317861898,1.0252602183295252,0.11893881695861894,0.597105864432597,0.2152195988829652
dixon_bivar_expected_awmae,5,0.0,0.03,1.0,0.25,0.05,2.98937427914222,1.0216425488702716,0.11544808326986544,0.5993907083015994,0.21293475501396295
dixon_bivar_expected_awmae,4,0.5,0.0,1.0,0.0,-0.15,2.9893933609698062,1.0205001269357705,0.10853008377760853,0.5977405432850977,0.21103071845646104
dixon_bivar_expected_awmae,5,0.25,0.0,1.0,0.25,0.1,2.989418046118465,1.0202779893373952,0.1151942117288652,0.6002157908098502,0.21128458999746128
dixon_bivar_expected_awmae,4,0.5,0.06,1.0,0.0,0.1,2.989429041421357,1.022055090124397,0.10833968012185834,0.6009774054328509,0.21026910383346026
dixon_bivar_expected_awmae,4,0.5,0.1,1.0,0.0,0.0,2.9894608728532357,1.0211348057882712,0.10802234069560802,0.5986290936785986,0.21122112211221122
dixon_bivar_expected_awmae,5,0.0,0.0,1.0,0.25,0.0,2.9894771638866393,1.021039603960396,0.11538461538461539,0.5986290936785986,0.21306169078446305
dixon_bivar_expected_awmae,5,0.75,0.03,1.0,0.25,0.15,2.989523823173072,1.0205635948210205,0.11011678090886012,0.6008504696623509,0.20906321401370906
dixon_bivar_expected_awmae,4,0.0,0.15,1.0,0.5,-0.1,2.989527362872409,1.0208809342472709,0.11963696369636964,0.5921553693830921,0.21763137852246764
dixon_bivar_expected_awmae,4,0.25,0.1,0.0,0.5,-0.05,2.989530069774532,1.017993145468393,0.12325463315562325,0.5639756283320639,0.24536684437674536
dixon_bivar_expected_awmae,4,0.25,0.03,1.0,0.5,0.15,2.9895384804004856,1.0260853008377762,0.11741558771261741,0.6002792586951002,0.21280781924346281
dixon_bivar_expected_awmae,4,0.0,0.03,1.0,0.5,-0.15,2.9895392491308086,1.0207222645341458,0.11906575272911907,0.5927900482355928,0.21686976389946688
dixon_bivar_expected_awmae,4,0.0,0.15,1.0,0.0,-0.1,2.989545271928767,1.0202779893373952,0.11227468900736227,0.596026910383346,0.2142041127189642
dixon_bivar_expected_awmae,4,0.0,0.06,1.0,0.5,-0.05,2.989592351085654,1.0226263010916476,0.1184945417618685,0.5941228738258442,0.21515613099771516
dixon_bivar_expected_awmae,4,0.0,0.1,1.0,0.5,-0.05,2.989629076488645,1.0225945671490226,0.11931962427011931,0.5942498095963442,0.21661589235846662
dixon_bivar_expected_awmae,4,0.5,0.06,1.0,0.0,0.0,2.989675807480027,1.0214204112718963,0.10833968012185834,0.5993272404163493,0.21064991114496065
dixon_bivar_expected_awmae,4,0.75,0.0,1.0,0.0,-0.1,2.9896826162663106,1.0205318608783955,0.10922823051535922,0.5998984513835999,0.21128458999746128
dixon_bivar_expected_awmae,4,0.0,0.15,1.0,0.0,0.0,2.9896857249785946,1.0225628332063976,0.10954556994160955,0.5974866717440975,0.212998222899213
dixon_bivar_expected_awmae,4,0.0,0.15,1.0,0.5,-0.05,2.989691656199023,1.0216742828128966,0.11995430312261995,0.5931073876618431,0.21731403909621733
dixon_bivar_expected_awmae,4,0.75,0.06,1.0,0.0,-0.15,2.9897029374663235,1.0195481086570195,0.10897435897435898,0.5978040111703478,0.2117923330794618
dixon_bivar_expected_awmae,4,0.0,0.03,1.0,0.5,-0.05,2.989726925277838,1.0235148514851484,0.1184945417618685,0.5950748921045951,0.21591774562071592
dixon_bivar_expected_awmae,5,0.0,0.15,0.0,0.5,0.05,2.9897628027718697,1.0167555217060167,0.12192180756537192,0.5637217567910637,0.24447829398324447
dixon_bivar_expected_awmae,5,0.0,0.03,1.0,0.25,0.1,2.989811836717885,1.0224358974358974,0.11538461538461539,0.6003427265803504,0.21255394770246255
dixon_bivar_expected_awmae,4,1.0,0.06,1.0,0.0,0.1,2.9898341587727297,1.0212300076161462,0.10618177202335619,0.6008504696623509,0.20753998476770755
dixon_bivar_expected_awmae,5,0.5,0.06,1.0,0.25,0.1,2.989835315010781,1.0199606499111449,0.1130997715156131,0.5998349834983498,0.21103071845646104
dixon_bivar_expected_awmae,4,0.0,0.03,1.0,0.5,0.0,2.9898991488394255,1.0244351358212744,0.11855800964711856,0.595963442498096,0.2152195988829652
dixon_bivar_expected_awmae,4,0.5,0.15,0.0,0.5,-0.15,2.989931594480214,1.0137090632140138,0.12515866971312517,0.5605483625285606,0.244986037065245
dixon_bivar_expected_awmae,4,0.0,0.0,1.0,0.5,-0.1,2.9899413029621975,1.0226263010916476,0.11805026656511805,0.5941228738258442,0.21553693830921553
dixon_bivar_expected_awmae,4,0.0,0.15,1.0,0.0,-0.05,2.9899876637074514,1.0214204112718963,0.11100533130236101,0.5964711855800965,0.21350596598121352
dixon_bivar_expected_awmae,4,0.0,0.06,0.0,0.25,-0.1,2.9899920095765276,1.0152005585173902,0.1183041381061183,0.562960142168063,0.24251078954049252
dixon_bivar_expected_awmae,4,0.25,0.0,1.0,0.25,0.1,2.989992409911453,1.0233244478293984,0.11405178979436405,0.60008885503935,0.2103960396039604
dixon_bivar_expected_awmae,4,0.0,0.06,0.0,0.5,0.05,2.9900117311811214,1.0213886773292713,0.12179487179487179,0.5662604722010662,0.24365321147499366
dixon_bivar_expected_awmae,4,0.0,0.15,1.0,0.5,0.1,2.9900168495377573,1.026021832952526,0.11862147753236862,0.5967250571210967,0.21534653465346534
dixon_bivar_expected_awmae,4,0.5,0.06,1.0,0.0,-0.15,2.9900212166250397,1.0200558517390201,0.10872048743335871,0.5965981213505966,0.21153846153846154
dixon_bivar_expected_awmae,4,0.0,0.0,0.0,0.25,-0.15,2.99002839279902,1.0148197512058899,0.11855800964711856,0.5622619954303123,0.24371667936024372
dixon_bivar_expected_awmae,4,0.75,0.0,1.0,0.0,-0.05,2.9900350209991964,1.021039603960396,0.10884742320385885,0.6004061944656004,0.2107133790302107
dixon_bivar_expected_awmae,5,0.0,0.0,0.0,0.5,0.0,2.990055878887276,1.017961411525768,0.12135059659812135,0.5641660319878141,0.24378014724549377
dixon_bivar_expected_awmae,4,1.0,0.06,1.0,0.0,0.15,2.990081055102245,1.0217377506981467,0.10548362528560548,0.6012312769738513,0.20696877380045697
dixon_bivar_expected_awmae,4,0.0,0.03,0.0,0.5,0.05,2.990121092811339,1.0224358974358974,0.12185833968012186,0.5674028941355674,0.24371667936024372
dixon_bivar_expected_awmae,4,0.75,0.0,1.0,0.0,0.0,2.9901288792617176,1.0214204112718963,0.10853008377760853,0.6006600660066007,0.2103960396039604
dixon_bivar_expected_awmae,4,0.0,0.1,1.0,0.5,-0.15,2.9902499189665974,1.0201827875095202,0.11938309215536938,0.5917745620715917,0.2171871033257172
dixon_bivar_expected_awmae,4,0.0,0.0,1.0,0.5,0.0,2.9902789676470007,1.0249746128459,0.1183041381061183,0.5966615892358467,0.21483879157146485
dixon_bivar_expected_awmae,4,0.25,0.06,1.0,0.0,-0.15,2.990307399417339,1.0213569433866463,0.10916476263010917,0.5968519928915968,0.21255394770246255
dixon_bivar_expected_awmae,4,0.5,0.0,1.0,0.0,-0.1,2.9903165781222163,1.0213569433866463,0.10884742320385885,0.5988829652195988,0.2110941863417111
dixon_bivar_expected_awmae,5,0.0,0.0,1.0,0.25,0.1,2.9903775106767565,1.0227215029195227,0.11494034018786493,0.6007235338918507,0.21160192942371162
dixon_bivar_expected_awmae,4,0.0,0.1,0.0,0.5,0.05,2.990414549803972,1.0200558517390201,0.12236608276212237,0.5648641787255648,0.24397055090124398
dixon_bivar_expected_awmae,4,0.0,0.06,1.0,0.5,-0.1,2.990428987917935,1.0214204112718963,0.11925615638486925,0.5931708555470931,0.2164889565879665
dixon_bivar_expected_awmae,4,0.25,0.03,1.0,0.25,0.15,2.9904366541230005,1.0234513835998984,0.11386138613861387,0.6002792586951002,0.21007870017771008
dixon_bivar_expected_awmae,4,0.75,0.03,1.0,0.0,0.1,2.9905019574376044,1.022055090124397,0.10764153338410765,0.6009774054328509,0.20957095709570958
dixon_bivar_expected_awmae,5,0.5,0.03,1.0,0.25,0.1,2.990520162743444,1.0208809342472709,0.11259202843361259,0.6005331302361006,0.21096725057121096
dixon_bivar_expected_awmae,5,1.0,0.03,1.0,0.25,0.15,2.9905416597799044,1.0201827875095202,0.10776846915460776,0.6007235338918507,0.20696877380045697
dixon_bivar_expected_awmae,5,0.0,0.0,1.0,0.25,0.05,2.990547022241481,1.0221502919522722,0.11532114749936533,0.5997080477278497,0.21274435135821274
dixon_bivar_expected_awmae,4,0.25,0.06,1.0,0.0,0.05,2.9905957746886136,1.0231975120588983,0.10757806549885758,0.5998349834983498,0.21128458999746128
dixon_bivar_expected_awmae,5,0.0,0.0,1.0,0.25,-0.15,2.990627251042104,1.018183549124143,0.11627316577811628,0.5953287636455953,0.21356943386646357
dixon_bivar_expected_awmae,5,0.0,0.03,0.0,0.5,0.0,2.9906370886602622,1.0178344757552678,0.12122366082762122,0.5637852246763138,0.2440974866717441
dixon_bivar_expected_awmae,4,0.25,0.15,0.0,0.5,-0.05,2.9906427907151274,1.0165651180502666,0.12427011931962427,0.5628332063975628,0.24631886265549632
dixon_bivar_expected_awmae,5,1.0,0.0,1.0,0.25,0.15,2.9906615244037384,1.0205001269357705,0.10795887281035796,0.6012947448591013,0.2070957095709571
dixon_bivar_expected_awmae,4,0.75,0.0,1.0,0.0,0.05,2.9906746760299523,1.0221502919522722,0.1078954049251079,0.6008504696623509,0.20995176440720995
dixon_bivar_expected_awmae,4,0.0,0.0,1.0,0.5,-0.15,2.9906934586569003,1.0213569433866463,0.1184945417618685,0.592980451891343,0.2162985529322163
dixon_bivar_expected_awmae,4,0.0,0.1,1.0,0.5,-0.1,2.990764358644396,1.0214204112718963,0.11944656004061945,0.5926631124650926,0.21667936024371667
dixon_bivar_expected_awmae,4,0.75,0.03,1.0,0.0,-0.15,2.9907661188897805,1.0203097232800202,0.10846661589235847,0.5982482863670983,0.21134805788271135
dixon_bivar_expected_awmae,4,0.0,0.1,1.0,0.0,-0.1,2.990774795100956,1.0210713379030212,0.11176694592536177,0.5961538461538461,0.21325209444021326
dixon_bivar_expected_awmae,4,0.0,0.15,1.0,0.0,0.1,2.990782439663052,1.0241812642802741,0.1078954049251079,0.5985021579080985,0.21204620462046206
dixon_bivar_expected_awmae,4,0.0,0.15,1.0,0.0,-0.15,2.9907865145229913,1.0195163747143945,0.1130997715156131,0.595011424219345,0.21502919522721503
dixon_bivar_expected_awmae,5,0.25,0.06,0.0,0.5,-0.1,2.9907892604058404,1.0145658796648895,0.12274689007362274,0.5617542523483118,0.24536684437674536
dixon_bivar_expected_awmae,4,0.5,0.03,1.0,0.0,-0.05,2.9907911676172803,1.0215790809850216,0.10827621223660827,0.5988829652195988,0.2107133790302107
dixon_bivar_expected_awmae,4,0.25,0.1,1.0,0.0,0.0,2.9909314347592626,1.0221502919522722,0.10795887281035796,0.5978040111703478,0.21191926884996193
dixon_bivar_expected_awmae,5,1.0,0.0,1.0,0.25,0.1,2.9909457161616153,1.0198337141406448,0.10846661589235847,0.6004696623508504,0.20728611322670729
dixon_bivar_expected_awmae,4,0.5,0.0,1.0,0.5,0.15,2.990984992633058,1.0258948971820259,0.11525767961411526,0.6002157908098502,0.21077684691546078
dixon_bivar_expected_awmae,4,0.5,0.03,1.0,0.0,0.0,2.990992193504233,1.021959888296522,0.10795887281035796,0.5995176440720995,0.2102056359482102
dixon_bivar_expected_awmae,4,0.0,0.0,0.0,0.25,-0.1,2.991022493549139,1.0164064483371413,0.11785986290936785,0.5640390962173141,0.24212998222899212
dixon_bivar_expected_awmae,5,0.75,0.15,1.0,0.0,0.05,2.991023085193678,1.0206270627062706,0.10472201066260473,0.6010408733181011,0.20785732419395786
dixon_bivar_expected_awmae,4,0.0,0.1,1.0,0.0,-0.15,2.9910342933958347,1.0203731911652705,0.1130997715156131,0.5960903782685961,0.2145849200304646
dixon_bivar_expected_awmae,5,0.25,0.1,0.0,0.5,-0.1,2.991055215733525,1.0133917237877634,0.12338156892612338,0.5603579588728104,0.24606499111449606
dixon_bivar_expected_awmae,4,0.0,0.1,1.0,0.5,0.05,2.9910641748987,1.0252602183295252,0.11817720233561818,0.5958365067275958,0.2145214521452145
dixon_bivar_expected_awmae,5,0.5,0.0,1.0,0.25,0.05,2.991090989843303,1.0201827875095202,0.11284589997461285,0.5995811119573495,0.21084031480071083
dixon_bivar_expected_awmae,4,0.25,0.06,1.0,0.0,0.0,2.991110755637754,1.023102310231023,0.10770500126935771,0.598946433104849,0.21185580096471185
dixon_bivar_expected_awmae,4,0.25,0.0,0.0,0.5,-0.1,2.9911198055074806,1.0194211728865195,0.12211221122112212,0.5639756283320639,0.24473216552424473
dixon_bivar_expected_awmae,4,0.25,0.03,1.0,0.0,-0.15,2.9911316855894206,1.021928154353897,0.10872048743335871,0.5972962680883473,0.21242701193196242
dixon_bivar_expected_awmae,4,0.0,0.15,1.0,0.0,0.05,2.9911849302012503,1.0234196496572734,0.10897435897435898,0.5979309469408479,0.21268088347296268
dixon_bivar_expected_awmae,4,0.0,0.1,1.0,0.0,-0.05,2.9912750043905802,1.0227532368621477,0.11062452399086062,0.5972328002030972,0.21325209444021326
dixon_bivar_expected_awmae,5,0.75,0.0,1.0,0.25,0.15,2.991309012761934,1.0215156130997716,0.10935516628585935,0.6010408733181011,0.20849200304645849
dixon_bivar_expected_awmae,4,0.5,0.0,1.0,0.0,-0.05,2.9913182798409332,1.021959888296522,0.10846661589235847,0.5994541761868495,0.21014216806296016
dixon_bivar_expected_awmae,4,0.5,0.03,1.0,0.0,-0.15,2.9913219661714594,1.0206270627062706,0.10853008377760853,0.597105864432597,0.2110941863417111
dixon_bivar_expected_awmae,5,0.0,0.06,0.0,0.5,0.0,2.9913223006150034,1.0175488702716426,0.1210967250571211,0.5632774815943132,0.24441482609799442
dixon_bivar_expected_awmae,4,0.0,0.15,1.0,0.0,0.15,2.991398894855692,1.0252284843869002,0.10713379030210714,0.5993272404163493,0.21153846153846154
dixon_bivar_expected_awmae,4,0.5,0.03,1.0,0.0,0.05,2.9914285216858447,1.0223406956080223,0.10802234069560802,0.6002792586951002,0.20995176440720995
dixon_bivar_expected_awmae,4,0.0,0.0,1.0,0.5,0.05,2.9915727948232513,1.0261487687230262,0.11855800964711856,0.5976770753998477,0.2145849200304646
dixon_bivar_expected_awmae,4,0.75,0.03,1.0,0.0,0.15,2.9916907215546833,1.0223406956080223,0.10745112972835745,0.6011043412033511,0.20912668189895914
dixon_bivar_expected_awmae,4,1.0,0.0,1.0,0.0,0.1,2.991702410665433,1.022086824067022,0.10611830413810612,0.6011678090886011,0.20728611322670729
dixon_bivar_expected_awmae,4,0.0,0.03,1.0,0.5,0.05,2.9917596911223283,1.0260853008377762,0.11855800964711856,0.5972328002030972,0.21483879157146485
dixon_bivar_expected_awmae,4,0.0,0.0,1.0,0.25,0.15,2.9917701146067146,1.0247207413048998,0.11449606499111449,0.6004061944656004,0.21128458999746128
dixon_bivar_expected_awmae,5,0.75,0.03,1.0,0.25,0.1,2.991800638722293,1.0205953287636456,0.10973597359735973,0.5996445798425997,0.208999746128459
dixon_bivar_expected_awmae,5,0.25,0.0,1.0,0.25,0.15,2.9918203735087636,1.0212934755013963,0.11468646864686469,0.6004061944656004,0.2103960396039604
dixon_bivar_expected_awmae,4,0.0,0.06,1.0,0.5,0.1,2.991856946452662,1.027005585173902,0.11874841330286875,0.5982482863670983,0.2152195988829652
dixon_bivar_expected_awmae,4,0.5,0.06,1.0,0.0,0.15,2.991875786174305,1.023165778116273,0.1078954049251079,0.6011043412033511,0.20969789286620968
dixon_bivar_expected_awmae,4,0.0,0.06,1.0,0.5,-0.15,2.9920722633730366,1.0210713379030212,0.119002284843869,0.5921553693830921,0.21731403909621733
dixon_bivar_expected_awmae,5,0.25,0.03,1.0,0.25,0.15,2.9920883202784037,1.021007870017771,0.11481340441736482,0.5998349834983498,0.21052297537446052
dixon_bivar_expected_awmae,5,0.25,0.15,1.0,0.0,0.05,2.9922116481375514,1.0208809342472709,0.10542015740035542,0.5992003046458492,0.20976136075145976
dixon_bivar_expected_awmae,4,0.0,0.1,1.0,0.5,0.1,2.99222839243144,1.0267517136329019,0.11836760599136836,0.5973597359735974,0.2145214521452145
dixon_bivar_expected_awmae,5,0.0,0.03,0.0,0.5,-0.05,2.9923376870929372,1.0163429804518913,0.12116019294237117,0.5613734450368114,0.2454937801472455
dixon_bivar_expected_awmae,5,0.25,0.15,1.0,0.0,-0.1,2.9923756345745067,1.0186278243208937,0.107006854531607,0.5968519928915968,0.21103071845646104
dixon_bivar_expected_awmae,4,0.25,0.0,1.0,0.5,0.15,2.9923867783608555,1.026942117288652,0.11678090886011679,0.6004696623508504,0.21191926884996193
dixon_bivar_expected_awmae,5,0.5,0.06,1.0,0.25,0.15,2.9924439109559597,1.0208809342472709,0.11208428535161208,0.5995176440720995,0.20976136075145976
dixon_bivar_expected_awmae,4,0.0,0.03,1.0,0.5,0.15,2.992446527477432,1.028116273165778,0.11887534907336887,0.6000253871541,0.2145214521452145
dixon_bivar_expected_awmae,4,1.0,0.03,1.0,0.0,0.15,2.9924582924158596,1.0226580350342727,0.10561056105610561,0.6016120842853516,0.2070957095709571
dixon_bivar_expected_awmae,4,0.5,0.03,1.0,0.0,0.1,2.992465816079616,1.023070576288398,0.10795887281035796,0.6008504696623509,0.20976136075145976
dixon_bivar_expected_awmae,4,0.25,0.0,1.0,0.0,0.0,2.992472486921494,1.024117796395024,0.10738766184310738,0.5997715156130998,0.21103071845646104
dixon_bivar_expected_awmae,4,0.0,0.03,0.0,0.25,-0.15,2.992485549008747,1.0138359989845138,0.11931962427011931,0.5615003808073115,0.2440974866717441
dixon_bivar_expected_awmae,4,0.0,0.15,1.0,0.5,0.15,2.9924991419537963,1.0275767961411526,0.11862147753236862,0.5979309469408479,0.2149022594567149
dixon_bivar_expected_awmae,4,0.25,0.03,1.0,0.0,0.0,2.9925200831093117,1.0236417872556487,0.10783193703985783,0.5993272404163493,0.21147499365321148
dixon_bivar_expected_awmae,4,0.25,0.0,1.0,0.25,0.15,2.9925406481044328,1.023990860624524,0.1136075145976136,0.59996191926885,0.20963442498095963
dixon_bivar_expected_awmae,4,0.0,0.03,1.0,0.5,0.1,2.992551985751111,1.0273863924854023,0.11893881695861894,0.5986925615638486,0.2152195988829652
dixon_bivar_expected_awmae,4,0.0,0.1,1.0,0.5,0.15,2.992576671921707,1.028084539223153,0.11868494541761869,0.5991368367605991,0.21496572734196498
dixon_bivar_expected_awmae,5,0.25,0.15,1.0,0.0,0.0,2.9925779782833417,1.0197702462553948,0.10637217567910637,0.5980578827113481,0.21033257171871034
dixon_bivar_expected_awmae,5,1.0,0.15,1.0,0.0,-0.1,2.9925913592902327,1.0195481086570195,0.10478547854785479,0.5995176440720995,0.20703224168570702
dixon_bivar_expected_awmae,5,0.25,0.15,1.0,0.0,0.1,2.992592614656258,1.0212934755013963,0.10573749682660574,0.6002157908098502,0.2095074892104595
dixon_bivar_expected_awmae,4,0.25,0.1,1.0,0.0,0.15,2.9926190964547104,1.0241812642802741,0.10694338664635694,0.6004061944656004,0.21014216806296016
dixon_bivar_expected_awmae,4,0.25,0.1,1.0,0.0,-0.05,2.9927172952030032,1.021896420411272,0.10808580858085809,0.5964711855800965,0.21172886519421172
dixon_bivar_expected_awmae,4,0.25,0.06,1.0,0.0,-0.1,2.9927838284780344,1.022086824067022,0.10853008377760853,0.5968519928915968,0.21185580096471185
dixon_bivar_expected_awmae,4,0.0,0.1,1.0,0.0,0.0,2.992825248531699,1.0235465854277734,0.10973597359735973,0.5979309469408479,0.21287128712871287
dixon_bivar_expected_awmae,5,0.75,0.15,1.0,0.0,0.0,2.992831712490059,1.0203731911652705,0.1051028179741051,0.60008885503935,0.20823813150545825
dixon_bivar_expected_awmae,4,0.0,0.06,1.0,0.0,-0.1,2.992882068328785,1.0228167047473977,0.11094186341711094,0.5971693323178472,0.212998222899213
dixon_bivar_expected_awmae,4,0.0,0.06,1.0,0.5,0.15,2.992890690532319,1.0284336125920284,0.1184945417618685,0.59996191926885,0.21477532368621477
dixon_bivar_expected_awmae,4,0.75,0.0,1.0,0.0,0.15,2.993024342868021,1.022880172632648,0.10764153338410765,0.6015486164001016,0.20938055343995937
dixon_bivar_expected_awmae,5,0.0,0.0,0.0,0.5,-0.05,2.99304743075243,1.017136329017517,0.12128712871287128,0.5618177202335618,0.244986037065245
dixon_bivar_expected_awmae,4,0.5,0.0,1.0,0.0,0.05,2.993127222370604,1.0231975120588983,0.10827621223660827,0.6010408733181011,0.21014216806296016
dixon_bivar_expected_awmae,4,1.0,0.0,1.0,0.0,0.15,2.9931303708833563,1.023038842345773,0.10573749682660574,0.6018659558263518,0.20684183802995684
dixon_bivar_expected_awmae,5,0.75,0.1,1.0,0.0,-0.05,2.9931316635663547,1.0200241177963951,0.10586443259710586,0.6003427265803504,0.20785732419395786
dixon_bivar_expected_awmae,4,0.75,0.0,1.0,0.0,-0.15,2.9931775372863383,1.0211665397308962,0.10833968012185834,0.5983117542523483,0.2110941863417111
dixon_bivar_expected_awmae,4,0.0,0.06,1.0,0.0,-0.15,2.9932760933723683,1.0215156130997716,0.11183041381061183,0.596026910383346,0.21287128712871287
dixon_bivar_expected_awmae,5,0.5,0.0,1.0,0.25,0.1,2.9934072444297333,1.0213569433866463,0.11202081746636203,0.6000253871541,0.21001523229246002
dixon_bivar_expected_awmae,5,0.0,0.1,0.0,0.5,0.0,2.993476053645418,1.017136329017517,0.12128712871287128,0.5618177202335618,0.24454176186849455
dixon_bivar_expected_awmae,4,0.0,0.0,1.0,0.5,0.15,2.9934868904919205,1.0282749428789033,0.11887534907336887,0.6003427265803504,0.21407717694846407
dixon_bivar_expected_awmae,5,0.25,0.15,0.0,0.5,-0.1,2.9934875310936375,1.011963696369637,0.1243970550901244,0.5588347296268088,0.2465092663112465
dixon_bivar_expected_awmae,5,0.25,0.1,1.0,0.0,0.0,2.993553480177494,1.021039603960396,0.10637217567910637,0.5991368367605991,0.2102056359482102
dixon_bivar_expected_awmae,5,0.0,0.15,0.0,0.5,0.0,2.9935685656189537,1.0157083015993906,0.12217567910637217,0.5609926377253109,0.24555724803249557
dixon_bivar_expected_awmae,4,0.75,0.0,1.0,0.0,0.1,2.9935711630018482,1.0232927138867733,0.10751459761360752,0.6012947448591013,0.20963442498095963
dixon_bivar_expected_awmae,4,0.5,0.0,1.0,0.0,0.0,2.9936206394955773,1.023070576288398,0.10827621223660827,0.6002792586951002,0.21045950748921047
dixon_bivar_expected_awmae,5,0.75,0.15,1.0,0.0,-0.05,2.9936466760987996,1.0199289159685199,0.10542015740035542,0.5990733688753491,0.2083015993907083
dixon_bivar_expected_awmae,4,0.0,0.06,1.0,0.0,-0.05,2.993655077575326,1.0235783193703987,0.11037065244986037,0.5979944148260979,0.21274435135821274
dixon_bivar_expected_awmae,5,0.75,0.0,1.0,0.25,0.1,2.99370945170346,1.0211348057882712,0.10960903782685961,0.5995176440720995,0.20855547093170856
dixon_bivar_expected_awmae,4,0.25,0.0,1.0,0.0,-0.15,2.9937310193364692,1.0221502919522722,0.1085935516628586,0.5967250571210967,0.21134805788271135
dixon_bivar_expected_awmae,5,0.25,0.15,1.0,0.0,-0.15,2.993772755337228,1.0188816958618938,0.10738766184310738,0.5962173140390962,0.21153846153846154
dixon_bivar_expected_awmae,5,0.75,0.15,1.0,0.0,0.1,2.993789753396423,1.0222454937801473,0.10389692815435389,0.6018024879411018,0.20741304899720742
dixon_bivar_expected_awmae,4,0.25,0.03,1.0,0.0,-0.05,2.9937968477505175,1.0235148514851484,0.10795887281035796,0.5984386900228484,0.21153846153846154
dixon_bivar_expected_awmae,4,0.5,0.03,1.0,0.0,0.15,2.9938411921959602,1.0237687230261487,0.1078954049251079,0.6011678090886011,0.20957095709570958
dixon_bivar_expected_awmae,4,0.25,0.06,1.0,0.0,-0.05,2.9938862205648933,1.023165778116273,0.10776846915460776,0.5978674790555979,0.21191926884996193
dixon_bivar_expected_awmae,4,0.25,0.03,0.0,0.5,-0.1,2.993925963585243,1.019008631632394,0.123000761614623,0.5633409494795634,0.24543031226199544
dixon_bivar_expected_awmae,4,0.0,0.15,0.0,0.5,0.05,2.9939357482928046,1.0198019801980198,0.12236608276212237,0.5640390962173141,0.24466869763899468
dixon_bivar_expected_awmae,4,0.0,0.03,1.0,0.0,-0.15,2.9941096297957186,1.0227849708047727,0.11119573495811119,0.5967885250063468,0.212998222899213
dixon_bivar_expected_awmae,5,0.75,0.1,1.0,0.0,0.0,2.9942461508678115,1.0207539984767708,0.10522975374460523,0.6009139375476009,0.20722264534145723
dixon_bivar_expected_awmae,4,0.25,0.03,1.0,0.0,0.05,2.9944131254918247,1.0242129982228991,0.10751459761360752,0.6000253871541,0.2110941863417111
dixon_bivar_expected_awmae,5,0.5,0.03,1.0,0.25,0.15,2.9944818298729476,1.0216108149276466,0.11195734958111196,0.5995176440720995,0.20931708555470932
dixon_bivar_expected_awmae,4,0.0,0.1,1.0,0.0,0.1,2.9945084343698896,1.0256727595836506,0.1084031480071084,0.5993272404163493,0.21204620462046206
dixon_bivar_expected_awmae,5,0.5,0.15,1.0,0.0,0.05,2.9945563815319707,1.0212934755013963,0.10522975374460523,0.59996191926885,0.20842853516120843
dixon_bivar_expected_awmae,4,0.0,0.0,1.0,0.0,-0.15,2.9946163252447637,1.0233879157146484,0.11081492764661081,0.5972328002030972,0.21280781924346281
dixon_bivar_expected_awmae,5,0.25,0.15,1.0,0.0,-0.05,2.994665159156629,1.0198019801980198,0.10637217567910637,0.597105864432597,0.21045950748921047
dixon_bivar_expected_awmae,4,0.25,0.06,1.0,0.0,0.1,2.9946700204899237,1.0247207413048998,0.107006854531607,0.6000253871541,0.21052297537446052
dixon_bivar_expected_awmae,4,0.25,0.0,1.0,0.0,-0.05,2.9947032627088808,1.0242764661081494,0.10776846915460776,0.598946433104849,0.21147499365321148
dixon_bivar_expected_awmae,4,0.0,0.06,1.0,0.0,0.0,2.9947100956256083,1.0245620715917745,0.10935516628585935,0.5984386900228484,0.21242701193196242
dixon_bivar_expected_awmae,5,1.0,0.15,1.0,0.0,0.0,2.9947883966490454,1.0215156130997716,0.10389692815435389,0.6008504696623509,0.20633409494795632
dixon_bivar_expected_awmae,4,0.5,0.0,1.0,0.0,0.1,2.9948200806603458,1.023927392739274,0.10738766184310738,0.6007235338918507,0.20906321401370906
dixon_bivar_expected_awmae,5,0.25,0.0,0.0,0.5,-0.15,2.994923388418451,1.0145024117796395,0.1223026148768723,0.56010408733181,0.24536684437674536
dixon_bivar_expected_awmae,5,0.25,0.1,0.0,0.5,-0.15,2.9949245963968574,1.0118367605991367,0.12376237623762376,0.5575653719218076,0.24657273419649658
dixon_bivar_expected_awmae,5,0.75,0.1,1.0,0.0,0.05,2.994952160023677,1.0213252094440213,0.10535668951510535,0.6016755521706016,0.20747651688245747
dixon_bivar_expected_awmae,4,0.0,0.0,1.0,0.5,0.1,2.995025089868832,1.0281797410510283,0.11868494541761869,0.5991368367605991,0.2149022594567149
dixon_bivar_expected_awmae,5,0.25,0.15,1.0,0.0,0.15,2.9950976659487516,1.0224041634932723,0.10542015740035542,0.6009774054328509,0.20906321401370906
dixon_bivar_expected_awmae,4,0.25,0.0,1.0,0.0,0.05,2.995311935469848,1.0246255394770247,0.1071972581873572,0.59996191926885,0.21001523229246002
dixon_bivar_expected_awmae,5,0.5,0.0,1.0,0.25,0.15,2.995364591769177,1.0224993653211476,0.11151307438436152,0.6002157908098502,0.20925361766945924
dixon_bivar_expected_awmae,4,0.25,0.03,1.0,0.0,0.1,2.995411661802126,1.0246255394770247,0.10713379030210714,0.60008885503935,0.20995176440720995
dixon_bivar_expected_awmae,5,0.25,0.06,0.0,0.5,-0.15,2.9954517343402363,1.012979182533638,0.12319116527037319,0.5587077938563088,0.24593805534399593
dixon_bivar_expected_awmae,5,0.25,0.1,1.0,0.0,0.05,2.9955054181798806,1.021832952526022,0.10605483625285606,0.6000253871541,0.20969789286620968
dixon_bivar_expected_awmae,5,0.25,0.03,0.0,0.5,-0.15,2.9955350124802242,1.0138042650418888,0.12255648641787256,0.5590886011678091,0.24555724803249557
dixon_bivar_expected_awmae,5,0.0,0.03,1.0,0.25,0.15,2.9955421275990424,1.0235148514851484,0.11474993653211475,0.6000253871541,0.2107133790302107
dixon_bivar_expected_awmae,5,0.25,0.1,1.0,0.0,-0.15,2.995544021843136,1.0199289159685199,0.10694338664635694,0.5969154607768469,0.21103071845646104
dixon_bivar_expected_awmae,5,0.5,0.15,1.0,0.0,0.1,2.9955858937831694,1.022055090124397,0.10503935008885504,0.6009774054328509,0.20842853516120843
dixon_bivar_expected_awmae,4,0.0,0.03,1.0,0.0,-0.05,2.995608247689643,1.0244668697638994,0.1097994414826098,0.5981213505965981,0.21223660827621224
dixon_bivar_expected_awmae,4,0.25,0.0,1.0,0.0,-0.1,2.9956113458389275,1.0235465854277734,0.10814927646610815,0.5978674790555979,0.21147499365321148
dixon_bivar_expected_awmae,5,1.0,0.15,1.0,0.0,-0.05,2.995659893979717,1.020976136075146,0.10427773546585428,0.5998984513835999,0.20658796648895658
dixon_bivar_expected_awmae,4,0.0,0.03,0.0,0.5,0.0,2.9957388963769067,1.0215790809850216,0.12204874333587205,0.5642294998730643,0.24492256917999491
dixon_bivar_expected_awmae,5,0.75,0.15,1.0,0.0,-0.1,2.9957560070057014,1.0201510535668952,0.10478547854785479,0.5979309469408479,0.20823813150545825
dixon_bivar_expected_awmae,4,0.25,0.03,1.0,0.0,-0.1,2.9957974119268904,1.0228167047473977,0.1084031480071084,0.597042396547347,0.21134805788271135
dixon_bivar_expected_awmae,4,0.0,0.1,1.0,0.0,0.05,2.995867680126511,1.0249428789032748,0.10872048743335871,0.5981213505965981,0.21204620462046206
dixon_bivar_expected_awmae,5,0.0,0.06,0.0,0.5,-0.05,2.9959623138793465,1.0163747143945163,0.12135059659812135,0.5605483625285606,0.24568418380299567
dixon_bivar_expected_awmae,4,0.0,0.1,1.0,0.0,0.15,2.996034001997982,1.0267199796902766,0.10751459761360752,0.60008885503935,0.21103071845646104
dixon_bivar_expected_awmae,5,0.75,0.06,1.0,0.0,-0.05,2.99606860466595,1.020944402132521,0.10599136836760599,0.6008504696623509,0.20811119573495812
dixon_bivar_expected_awmae,5,0.25,0.06,1.0,0.0,-0.05,2.9961575503824065,1.021991622239147,0.10611830413810612,0.5990733688753491,0.21014216806296016
dixon_bivar_expected_awmae,4,0.0,0.0,1.0,0.0,-0.1,2.996202032644546,1.0242764661081494,0.11075145976136075,0.5981848184818482,0.21280781924346281
dixon_bivar_expected_awmae,4,0.0,0.03,1.0,0.0,-0.1,2.996263893221131,1.024086062452399,0.11068799187611068,0.5976770753998477,0.21293475501396295
dixon_bivar_expected_awmae,5,0.25,0.1,1.0,0.0,-0.05,2.9962941212084573,1.0207857324193959,0.10643564356435643,0.5979944148260979,0.21033257171871034
dixon_bivar_expected_awmae,4,0.5,0.0,1.0,0.0,0.15,2.996450460934459,1.0244986037065245,0.10745112972835745,0.6009774054328509,0.20893627824320893
dixon_bivar_expected_awmae,4,0.0,0.06,0.0,0.25,-0.15,2.996637069744185,1.0136455953287637,0.11957349581111958,0.5601675552170602,0.24365321147499366
dixon_bivar_expected_awmae,5,0.25,0.06,1.0,0.0,0.0,2.9966495295944706,1.0221502919522722,0.10605483625285606,0.5998984513835999,0.20931708555470932
dixon_bivar_expected_awmae,5,0.25,0.1,1.0,0.0,-0.1,2.996734534779651,1.0205635948210205,0.10618177202335619,0.597042396547347,0.2102056359482102
dixon_bivar_expected_awmae,5,0.0,0.15,1.0,0.0,-0.05,2.9967425860832297,1.0214204112718963,0.10675298299060676,0.5974232038588474,0.21115765422696114
dixon_bivar_expected_awmae,4,0.0,0.03,1.0,0.0,0.0,2.996833358771953,1.0256092916984005,0.1091012947448591,0.598946433104849,0.21223660827621224
dixon_bivar_expected_awmae,5,1.0,0.1,1.0,0.0,-0.1,2.9968971825928286,1.0205635948210205,0.10497588220360497,0.5998349834983498,0.206016755521706
dixon_bivar_expected_awmae,4,0.0,0.06,1.0,0.0,0.05,2.996957947762246,1.0261805026656512,0.10891089108910891,0.5992003046458492,0.2123000761614623
dixon_bivar_expected_awmae,4,0.25,0.0,1.0,0.0,0.1,2.99698347656062,1.0251650165016502,0.107006854531607,0.6002792586951002,0.20957095709570958
dixon_bivar_expected_awmae,5,0.0,0.0,1.0,0.25,0.15,2.996984470640768,1.023927392739274,0.11462300076161462,0.6002157908098502,0.21052297537446052
dixon_bivar_expected_awmae,4,0.0,0.15,0.0,0.25,-0.1,2.9970216510882075,1.0123127697385124,0.1205889819751206,0.5594694084793095,0.24378014724549377
dixon_bivar_expected_awmae,4,0.25,0.06,1.0,0.0,0.15,2.9970480261269365,1.0255775577557755,0.10656257933485656,0.6005331302361006,0.2095074892104595
dixon_bivar_expected_awmae,5,1.0,0.15,1.0,0.0,-0.15,2.9970716081488806,1.01999238385377,0.10408733181010409,0.5976136075145976,0.2060802234069561
dixon_bivar_expected_awmae,4,0.0,0.06,0.0,0.5,0.0,2.9972142085625983,1.0208174663620209,0.12204874333587205,0.5632774815943132,0.24454176186849455
dixon_bivar_expected_awmae,5,0.5,0.15,1.0,0.0,0.0,2.9972343129861394,1.0212934755013963,0.10522975374460523,0.5987560294490988,0.20836506727595835
dixon_bivar_expected_awmae,5,0.75,0.06,1.0,0.0,-0.1,2.997269916986629,1.0208809342472709,0.10592790048235592,0.5997715156130998,0.20836506727595835
dixon_bivar_expected_awmae,5,0.5,0.15,1.0,0.0,0.15,2.9972805259204365,1.0225310992637726,0.10434120335110435,0.6011678090886011,0.20773038842345773
dixon_bivar_expected_awmae,5,1.0,0.1,1.0,0.0,-0.05,2.9973648880297645,1.0213252094440213,0.10453160700685453,0.6004061944656004,0.2055090124397055
dixon_bivar_expected_awmae,4,0.25,0.1,0.0,0.5,-0.1,2.9976142731578284,1.0171997969027673,0.12388931200812389,0.5604848946433105,0.2461919268849962
dixon_bivar_expected_awmae,5,0.0,0.15,1.0,0.0,0.0,2.9976611861332474,1.021991622239147,0.10605483625285606,0.5978040111703478,0.21052297537446052
dixon_bivar_expected_awmae,4,0.0,0.0,0.0,0.5,0.0,2.997670970838075,1.0226580350342727,0.12166793602437166,0.5645468392993146,0.24447829398324447
dixon_bivar_expected_awmae,5,0.25,0.03,1.0,0.0,-0.05,2.9977018495980823,1.0225310992637726,0.10599136836760599,0.5994541761868495,0.20976136075145976
dixon_bivar_expected_awmae,4,0.25,0.06,0.0,0.5,-0.1,2.997714409976475,1.019008631632394,0.12312769738512312,0.5622619954303123,0.24543031226199544
dixon_bivar_expected_awmae,5,0.25,0.1,1.0,0.0,0.1,2.9977584481803468,1.023102310231023,0.10599136836760599,0.6009774054328509,0.20925361766945924
dixon_bivar_expected_awmae,4,0.0,0.0,1.0,0.0,-0.05,2.9977689669077128,1.0253554201574004,0.10954556994160955,0.5983117542523483,0.21198273673521198
dixon_bivar_expected_awmae,5,0.5,0.1,1.0,0.0,0.0,2.9978082894136437,1.022086824067022,0.10554709317085555,0.6000253871541,0.20849200304645849
dixon_bivar_expected_awmae,5,0.75,0.06,1.0,0.0,0.05,2.997825233108049,1.0217377506981467,0.1051028179741051,0.6012947448591013,0.20633409494795632
dixon_bivar_expected_awmae,4,0.0,0.0,1.0,0.0,0.0,2.997868533068537,1.0264026402640265,0.10916476263010917,0.5995176440720995,0.21204620462046206
dixon_bivar_expected_awmae,5,1.0,0.15,1.0,0.0,0.05,2.9979071833925635,1.0233244478293984,0.10269103833460269,0.6013582127443513,0.20614369129220614
dixon_bivar_expected_awmae,4,0.0,0.06,1.0,0.0,0.1,2.9980228443104244,1.026878649403402,0.1082127443513582,0.5998349834983498,0.21153846153846154
dixon_bivar_expected_awmae,5,0.5,0.1,1.0,0.0,0.05,2.998028397031657,1.0228167047473977,0.10491241431835491,0.6005965981213506,0.20811119573495812
dixon_bivar_expected_awmae,5,0.75,0.15,1.0,0.0,-0.15,2.998128142633183,1.0198971820258949,0.10503935008885504,0.5971693323178472,0.20817466362020817
dixon_bivar_expected_awmae,5,0.0,0.15,1.0,0.0,0.1,2.998169427058743,1.023959126681899,0.10535668951510535,0.5997715156130998,0.20963442498095963
dixon_bivar_expected_awmae,5,1.0,0.1,1.0,0.0,-0.15,2.998293369670248,1.0205001269357705,0.10478547854785479,0.598946433104849,0.20614369129220614
dixon_bivar_expected_awmae,4,0.0,0.03,1.0,0.0,0.1,2.9983039956820354,1.0274181264280273,0.1082127443513582,0.6005331302361006,0.21128458999746128
dixon_bivar_expected_awmae,4,0.0,0.1,0.0,0.5,0.0,2.998319139247232,1.0203097232800202,0.12192180756537192,0.5622619954303123,0.24517644072099518
dixon_bivar_expected_awmae,5,0.75,0.03,1.0,0.0,-0.1,2.9983334624328903,1.0213252094440213,0.10567402894135568,0.6004696623508504,0.2076034526529576
dixon_bivar_expected_awmae,5,0.5,0.15,1.0,0.0,-0.1,2.9983658600561474,1.0202779893373952,0.1052932216298553,0.5967250571210967,0.20893627824320893
dixon_bivar_expected_awmae,4,0.25,0.03,1.0,0.0,0.15,2.998440790581928,1.0261487687230262,0.1063087077938563,0.6004696623508504,0.2091901497842092
dixon_bivar_expected_awmae,5,0.25,0.03,1.0,0.0,0.0,2.998456713502862,1.022880172632648,0.10605483625285606,0.6003427265803504,0.20957095709570958
dixon_bivar_expected_awmae,5,0.5,0.15,1.0,0.0,-0.15,2.9985290016498922,1.0197702462553948,0.10599136836760599,0.5964077176948465,0.20995176440720995
dixon_bivar_expected_awmae,4,0.0,0.03,0.0,0.5,-0.05,2.998632353838193,1.0208174663620209,0.12173140390962173,0.5617542523483118,0.2461919268849962
dixon_bivar_expected_awmae,5,1.0,0.06,1.0,0.0,-0.1,2.9988001367334123,1.0214204112718963,0.10453160700685453,0.6002157908098502,0.20588981975120588
dixon_bivar_expected_awmae,5,0.75,0.06,1.0,0.0,0.0,2.998800221958915,1.022086824067022,0.10542015740035542,0.6013582127443513,0.20734958111195734
dixon_bivar_expected_awmae,5,0.0,0.15,1.0,0.0,-0.1,2.998801205588209,1.021007870017771,0.10751459761360752,0.5964711855800965,0.21172886519421172
dixon_bivar_expected_awmae,5,0.25,0.06,1.0,0.0,-0.1,2.9988108353842,1.0215790809850216,0.1063087077938563,0.5978674790555979,0.21033257171871034
dixon_bivar_expected_awmae,5,1.0,0.06,1.0,0.0,-0.05,2.9988194802937835,1.0223089616653973,0.10427773546585428,0.6012947448591013,0.2055090124397055
dixon_bivar_expected_awmae,4,0.0,0.15,0.0,0.5,0.0,2.9988778708291797,1.019040365575019,0.12268342218837268,0.5613734450368114,0.24606499111449606
dixon_bivar_expected_awmae,5,0.25,0.03,1.0,0.0,-0.1,2.9988931348428753,1.0224676313785224,0.1063087077938563,0.5988829652195988,0.2105864432597106
dixon_bivar_expected_awmae,5,0.5,0.1,1.0,0.0,0.1,2.999049924613381,1.022975374460523,0.10516628585935517,0.6011678090886011,0.207984259964458
dixon_bivar_expected_awmae,5,0.75,0.1,1.0,0.0,0.1,2.9991627340652474,1.0222772277227723,0.10465854277735466,0.6009774054328509,0.20620715917745622
dixon_bivar_expected_awmae,5,0.0,0.15,1.0,0.0,-0.15,2.9992245008367,1.0205953287636456,0.10827621223660827,0.5960903782685961,0.21274435135821274
dixon_bivar_expected_awmae,5,1.0,0.06,1.0,0.0,-0.15,2.9992565180241404,1.021039603960396,0.1051028179741051,0.5998984513835999,0.2067149022594567
dixon_bivar_expected_awmae,5,1.0,0.1,1.0,0.0,0.0,2.9992748522615904,1.022911906575273,0.10376999238385377,0.6014216806296014,0.20531860878395533
dixon_bivar_expected_awmae,5,0.25,0.06,1.0,0.0,-0.15,2.99928870231488,1.0212617415587713,0.10637217567910637,0.5967885250063468,0.21001523229246002
dixon_bivar_expected_awmae,4,0.25,0.0,1.0,0.0,0.15,2.9995520326677028,1.0265930439197766,0.10605483625285606,0.6007235338918507,0.2088093424727088
dixon_bivar_expected_awmae,5,0.75,0.1,1.0,0.0,-0.1,2.9996201564241574,1.020944402132521,0.10535668951510535,0.5986925615638486,0.2079207920792079
dixon_bivar_expected_awmae,5,0.75,0.1,1.0,0.0,-0.15,2.999629308254255,1.0206270627062706,0.1052932216298553,0.5980578827113481,0.207984259964458
dixon_bivar_expected_awmae,4,0.0,0.03,1.0,0.0,0.05,2.999718454710375,1.026973851231277,0.10872048743335871,0.5993272404163493,0.21166539730896167
dixon_bivar_expected_awmae,5,0.5,0.1,1.0,0.0,-0.05,2.9998365086094925,1.021801218583397,0.10567402894135568,0.5985021579080985,0.2088093424727088
dixon_bivar_expected_awmae,5,0.0,0.15,1.0,0.0,0.05,2.9998967636403413,1.023102310231023,0.10599136836760599,0.5983117542523483,0.21014216806296016
dixon_bivar_expected_awmae,5,1.0,0.03,1.0,0.0,-0.1,2.999904442008981,1.0223089616653973,0.10434120335110435,0.6010408733181011,0.20557248032495556
dixon_bivar_expected_awmae,5,0.5,0.15,1.0,0.0,-0.05,3.0002303390580347,1.0206905305915206,0.10561056105610561,0.5972962680883473,0.2083015993907083
dixon_bivar_expected_awmae,5,1.0,0.15,1.0,0.0,0.1,3.000235577214297,1.0235148514851484,0.10231023102310231,0.6011043412033511,0.20468392993145468
dixon_bivar_expected_awmae,4,0.25,0.15,0.0,0.5,-0.1,3.0002364987419914,1.0154544300583905,0.12477786240162478,0.5587077938563088,0.24644579842599645
dixon_bivar_expected_awmae,5,0.75,0.15,1.0,0.0,0.15,3.0002750590184344,1.0238321909113988,0.10332571718710333,0.6011678090886011,0.2060802234069561
dixon_bivar_expected_awmae,5,0.5,0.06,1.0,0.0,0.05,3.000389154287362,1.0234831175425234,0.10554709317085555,0.6011043412033511,0.20779385630870778
dixon_bivar_expected_awmae,5,0.0,0.1,1.0,0.0,0.0,3.0003893760748483,1.022848438690023,0.10681645087585681,0.5984386900228484,0.21045950748921047
dixon_bivar_expected_awmae,5,0.75,0.03,1.0,0.0,-0.05,3.0004625942332765,1.0223406956080223,0.10554709317085555,0.6011043412033511,0.20747651688245747
dixon_bivar_expected_awmae,4,0.0,0.0,0.0,0.5,-0.05,3.000769988848703,1.021832952526022,0.12128712871287128,0.561944656004062,0.24523990860624523
dixon_bivar_expected_awmae,5,0.25,0.03,1.0,0.0,-0.15,3.0008347648811733,1.021959888296522,0.10643564356435643,0.5973597359735974,0.20995176440720995
dixon_bivar_expected_awmae,5,0.25,0.06,1.0,0.0,0.05,3.0008645374005103,1.0235148514851484,0.10624523990860625,0.6004061944656004,0.20938055343995937
dixon_bivar_expected_awmae,5,1.0,0.03,1.0,0.0,-0.15,3.000928140551498,1.021896420411272,0.10465854277735466,0.6001523229246002,0.2060802234069561
dixon_bivar_expected_awmae,5,0.75,0.03,1.0,0.0,-0.15,3.000984268349417,1.020912668189896,0.10624523990860625,0.599009900990099,0.20785732419395786
dixon_bivar_expected_awmae,5,0.25,0.15,0.0,0.5,-0.15,3.001055105916754,1.0111703478040113,0.12484133028687484,0.5555978674790556,0.2465092663112465
dixon_bivar_expected_awmae,5,0.5,0.06,1.0,0.0,-0.05,3.001177888738088,1.0222772277227723,0.10624523990860625,0.5993907083015994,0.20861893881695862
dixon_bivar_expected_awmae,5,0.75,0.06,1.0,0.0,-0.15,3.0012079239050675,1.0208174663620209,0.10592790048235592,0.5983752221375984,0.20804772784970804
dixon_bivar_expected_awmae,5,0.25,0.0,1.0,0.0,-0.05,3.001242752174279,1.0235148514851484,0.10611830413810612,0.59996191926885,0.20957095709570958
dixon_bivar_expected_awmae,5,0.25,0.0,1.0,0.0,-0.1,3.0013021892525336,1.0232927138867733,0.10611830413810612,0.5990733688753491,0.20995176440720995
dixon_bivar_expected_awmae,5,1.0,0.0,1.0,0.0,-0.15,3.0013557302382967,1.0221820258948973,0.10465854277735466,0.6006600660066007,0.206016755521706
dixon_bivar_expected_awmae,5,0.5,0.1,1.0,0.0,-0.15,3.001358516489228,1.0206270627062706,0.10542015740035542,0.5965346534653465,0.2086824067022087
dixon_bivar_expected_awmae,5,0.0,0.15,1.0,0.0,0.15,3.001371239931437,1.0248159431327748,0.10472201066260473,0.5996445798425997,0.20836506727595835
dixon_bivar_expected_awmae,5,0.0,0.1,1.0,0.0,-0.15,3.00139974243301,1.0214838791571466,0.10827621223660827,0.5964711855800965,0.21172886519421172
dixon_bivar_expected_awmae,5,0.75,0.0,1.0,0.0,-0.15,3.0014517471676605,1.0215156130997716,0.10611830413810612,0.5996445798425997,0.20753998476770755
dixon_bivar_expected_awmae,4,0.0,0.06,0.0,0.5,-0.05,3.001494221727962,1.0201510535668952,0.12217567910637217,0.5608657019548109,0.24612845899974614
dixon_bivar_expected_awmae,5,0.25,0.1,1.0,0.0,0.15,3.001522044352826,1.024086062452399,0.10567402894135568,0.6009139375476009,0.20855547093170856
dixon_bivar_expected_awmae,4,0.0,0.1,0.0,0.25,-0.15,3.001529074077837,1.0136455953287637,0.12008123889312008,0.5584539223153084,0.24378014724549377
dixon_bivar_expected_awmae,5,0.75,0.0,1.0,0.0,-0.05,3.001545012720412,1.0224993653211476,0.10573749682660574,0.6011043412033511,0.20703224168570702
dixon_bivar_expected_awmae,4,0.0,0.06,1.0,0.0,0.15,3.001588252607624,1.0277037319116527,0.1078954049251079,0.5998984513835999,0.21064991114496065
dixon_bivar_expected_awmae,5,0.75,0.0,1.0,0.0,-0.1,3.0016831252093383,1.021896420411272,0.10586443259710586,0.6002792586951002,0.20696877380045697
dixon_bivar_expected_awmae,5,0.5,0.03,1.0,0.0,-0.05,3.0016963465796667,1.0227849708047727,0.10662604722010663,0.6002792586951002,0.20874587458745875
dixon_bivar_expected_awmae,5,0.0,0.1,1.0,0.0,0.05,3.0017002640081225,1.0237369890835237,0.10675298299060676,0.599009900990099,0.20995176440720995
dixon_bivar_expected_awmae,4,0.0,0.0,1.0,0.0,0.05,3.0017007666261986,1.027798933739528,0.10872048743335871,0.59996191926885,0.21153846153846154
dixon_bivar_expected_awmae,4,0.0,0.15,0.0,0.25,-0.15,3.0017327009263917,1.012122366082762,0.12128712871287128,0.5571845646103072,0.24473216552424473
dixon_bivar_expected_awmae,5,0.5,0.06,1.0,0.0,0.0,3.001938575237154,1.0231975120588983,0.10586443259710586,0.6003427265803504,0.2083015993907083
dixon_bivar_expected_awmae,5,0.5,0.1,1.0,0.0,-0.1,3.001982421621621,1.0211665397308962,0.10586443259710586,0.5973597359735974,0.20874587458745875
dixon_bivar_expected_awmae,5,1.0,0.0,1.0,0.0,-0.1,3.0020311958535215,1.023038842345773,0.10421426758060422,0.6014851485148515,0.20563594821020564
dixon_bivar_expected_awmae,5,0.5,0.1,1.0,0.0,0.15,3.0020424077045775,1.0237687230261487,0.10396039603960396,0.6006600660066007,0.20658796648895658
dixon_bivar_expected_awmae,5,0.0,0.1,1.0,0.0,0.1,3.0020648005184007,1.0245620715917745,0.10592790048235592,0.59996191926885,0.20887281035795888
dixon_bivar_expected_awmae,5,0.0,0.1,1.0,0.0,-0.1,3.0022854346598673,1.0227215029195227,0.10738766184310738,0.5972328002030972,0.2110941863417111
dixon_bivar_expected_awmae,5,0.5,0.06,1.0,0.0,-0.1,3.002339752053511,1.0217377506981467,0.10637217567910637,0.5982482863670983,0.20906321401370906
dixon_bivar_expected_awmae,5,0.5,0.06,1.0,0.0,-0.15,3.002528669381067,1.0214521452145215,0.10605483625285606,0.5975501396293476,0.2091901497842092
dixon_bivar_expected_awmae,5,0.25,0.0,1.0,0.0,-0.15,3.0027083794454903,1.022848438690023,0.10611830413810612,0.5978674790555979,0.20969789286620968
dixon_bivar_expected_awmae,5,0.75,0.03,1.0,0.0,0.0,3.0027131178122883,1.023007108403148,0.10484894643310484,0.6010408733181011,0.20658796648895658
dixon_bivar_expected_awmae,5,1.0,0.15,1.0,0.0,0.15,3.0029721899883146,1.0245938055343995,0.10186595582635187,0.6014216806296014,0.20423965473470423
dixon_bivar_expected_awmae,5,0.25,0.06,1.0,0.0,0.1,3.0029743632055643,1.0246255394770247,0.10605483625285606,0.6009139375476009,0.2091901497842092
dixon_bivar_expected_awmae,5,0.0,0.1,0.0,0.5,-0.05,3.0030531878257603,1.0165333841076416,0.12173140390962173,0.5585173902005586,0.24562071591774562
dixon_bivar_expected_awmae,5,1.0,0.1,1.0,0.0,0.1,3.0031456582956384,1.023927392739274,0.1025006346788525,0.6012312769738513,0.20385884742320387
dixon_bivar_expected_awmae,5,0.5,0.03,1.0,0.0,0.0,3.0031550001633884,1.0238321909113988,0.10618177202335619,0.6010408733181011,0.20817466362020817
dixon_bivar_expected_awmae,5,0.5,0.06,1.0,0.0,0.1,3.0031826767730267,1.0238321909113988,0.1052932216298553,0.6011678090886011,0.20722264534145723
dixon_bivar_expected_awmae,4,0.25,0.0,0.0,0.5,-0.15,3.0031955057998787,1.018945163747144,0.12281035795887281,0.5602310231023102,0.246001523229246
dixon_bivar_expected_awmae,5,0.0,0.1,1.0,0.0,-0.05,3.0032367712647714,1.023007108403148,0.107006854531607,0.5974866717440975,0.2107133790302107
dixon_bivar_expected_awmae,5,0.0,0.0,0.0,0.5,-0.1,3.0033024351912756,1.0167237877633917,0.12147753236862148,0.5585173902005586,0.24606499111449606
dixon_bivar_expected_awmae,5,1.0,0.06,1.0,0.0,0.0,3.0033069593251938,1.0238956587966488,0.10351612084285351,0.6012312769738513,0.2043031226199543
dixon_bivar_expected_awmae,5,0.5,0.0,1.0,0.0,-0.05,3.0034020539469375,1.023134044173648,0.10675298299060676,0.6004696623508504,0.20849200304645849
dixon_bivar_expected_awmae,5,0.25,0.03,1.0,0.0,0.05,3.0034631110666776,1.024022594567149,0.10599136836760599,0.6004696623508504,0.20874587458745875
dixon_bivar_expected_awmae,5,0.5,0.03,1.0,0.0,-0.1,3.0034924316804408,1.0222137598375223,0.10681645087585681,0.5987560294490988,0.2088093424727088
dixon_bivar_expected_awmae,5,0.0,0.06,1.0,0.0,0.05,3.003502352376937,1.0251332825590251,0.1064991114496065,0.60008885503935,0.20938055343995937
dixon_bivar_expected_awmae,5,0.5,0.0,1.0,0.0,0.0,3.003542119563879,1.0236417872556487,0.10656257933485656,0.6009774054328509,0.20785732419395786
dixon_bivar_expected_awmae,5,0.5,0.03,1.0,0.0,0.05,3.003681890160694,1.0243716679360244,0.10573749682660574,0.6012947448591013,0.2076034526529576
dixon_bivar_expected_awmae,4,0.0,0.03,1.0,0.0,0.15,3.0037173856190993,1.028116273165778,0.1078954049251079,0.5998349834983498,0.21001523229246002
dixon_bivar_expected_awmae,5,0.75,0.06,1.0,0.0,0.1,3.003818889992914,1.0234831175425234,0.10427773546585428,0.6009139375476009,0.20563594821020564
dixon_bivar_expected_awmae,5,0.5,0.0,1.0,0.0,-0.1,3.003866504418135,1.0222772277227723,0.10713379030210714,0.5994541761868495,0.20874587458745875
dixon_bivar_expected_awmae,5,0.25,0.0,1.0,0.0,0.0,3.0039222492222635,1.024086062452399,0.10611830413810612,0.6001523229246002,0.2086824067022087
dixon_bivar_expected_awmae,5,1.0,0.03,1.0,0.0,-0.05,3.003973691727721,1.0237687230261487,0.10376999238385377,0.6014216806296014,0.2048743335872049
dixon_bivar_expected_awmae,5,1.0,0.1,1.0,0.0,0.15,3.003986918221507,1.0243082000507744,0.10262757044935263,0.6018659558263518,0.20341457222645343
dixon_bivar_expected_awmae,4,0.25,0.1,0.0,0.5,-0.15,3.004005899122582,1.016089108910891,0.1242066514343742,0.5576288398070576,0.24657273419649658
dixon_bivar_expected_awmae,5,0.5,0.06,1.0,0.0,0.15,3.0040251154206405,1.024022594567149,0.10484894643310484,0.6009774054328509,0.20633409494795632
dixon_bivar_expected_awmae,5,0.75,0.03,1.0,0.0,0.05,3.0040461927164217,1.0232609799441483,0.10465854277735466,0.6007870017771008,0.20582635186595583
dixon_bivar_expected_awmae,5,1.0,0.1,1.0,0.0,0.05,3.0040569385179756,1.024117796395024,0.10294490987560294,0.6009139375476009,0.20443005839045442
dixon_bivar_expected_awmae,5,0.5,0.0,1.0,0.0,-0.15,3.0041339670346012,1.0221502919522722,0.10713379030210714,0.5988194973343488,0.20957095709570958
dixon_bivar_expected_awmae,5,0.25,0.06,1.0,0.0,0.15,3.004142740487746,1.0254188880426505,0.10567402894135568,0.6014216806296014,0.2088093424727088
dixon_bivar_expected_awmae,4,0.25,0.06,0.0,0.5,-0.15,3.0042178186179154,1.0173902005585174,0.12363544046712363,0.5587712617415588,0.24631886265549632
dixon_bivar_expected_awmae,5,0.0,0.06,1.0,0.0,0.0,3.0042367176072085,1.0244351358212744,0.10656257933485656,0.598946433104849,0.21001523229246002
dixon_bivar_expected_awmae,5,0.0,0.15,0.0,0.5,-0.05,3.0044267740361716,1.0144072099517645,0.12268342218837268,0.5564229499873065,0.24517644072099518
dixon_bivar_expected_awmae,4,0.25,0.03,0.0,0.5,-0.15,3.0044644407467085,1.0184691546077684,0.12287382584412287,0.5594059405940595,0.24568418380299567
dixon_bivar_expected_awmae,5,0.5,0.03,1.0,0.0,-0.15,3.004561303074649,1.021801218583397,0.10681645087585681,0.5978674790555979,0.20931708555470932
dixon_bivar_expected_awmae,5,0.0,0.1,1.0,0.0,0.15,3.0045625750353917,1.0257996953541508,0.10491241431835491,0.6003427265803504,0.20804772784970804
dixon_bivar_expected_awmae,5,0.0,0.06,1.0,0.0,-0.15,3.0046395547320737,1.023007108403148,0.10732419395785732,0.597042396547347,0.2105864432597106
dixon_bivar_expected_awmae,5,0.75,0.0,1.0,0.0,0.0,3.0047030453259,1.0234196496572734,0.10478547854785479,0.6006600660066007,0.20620715917745622
dixon_bivar_expected_awmae,5,0.0,0.03,1.0,0.0,0.05,3.0049449298672344,1.0254188880426505,0.1064991114496065,0.6001523229246002,0.20912668189895914
dixon_bivar_expected_awmae,5,0.75,0.1,1.0,0.0,0.15,3.0051471624749952,1.0243716679360244,0.10376999238385377,0.6009774054328509,0.2056994160954557
dixon_bivar_expected_awmae,5,0.0,0.06,1.0,0.0,-0.05,3.0052022116056065,1.0243399339933994,0.1064991114496065,0.5982482863670983,0.20982482863670981
dixon_bivar_expected_awmae,4,0.0,0.0,1.0,0.0,0.1,3.005320708912869,1.0287509520182787,0.10808580858085809,0.59996191926885,0.21033257171871034
dixon_bivar_expected_awmae,5,0.75,0.0,1.0,0.0,0.05,3.005685492966766,1.0237052551408987,0.10465854277735466,0.6009139375476009,0.20576288398070577
dixon_bivar_expected_awmae,5,0.0,0.06,1.0,0.0,-0.1,3.0057439228659173,1.0238321909113988,0.1064991114496065,0.5973597359735974,0.20982482863670981
dixon_bivar_expected_awmae,5,0.0,0.03,1.0,0.0,-0.15,3.005810303819073,1.0236735211982737,0.10745112972835745,0.5976136075145976,0.21052297537446052
dixon_bivar_expected_awmae,5,0.75,0.06,1.0,0.0,0.15,3.0060292565408777,1.0246255394770247,0.10415079969535415,0.6015486164001016,0.20557248032495556
dixon_bivar_expected_awmae,5,0.0,0.1,0.0,0.5,-0.1,3.006077663574076,1.0140264026402641,0.123000761614623,0.5550901243970551,0.24523990860624523
dixon_bivar_expected_awmae,5,0.0,0.03,0.0,0.5,-0.1,3.006255121445465,1.0163747143945163,0.12135059659812135,0.5568037572988068,0.24504950495049505
dixon_bivar_expected_awmae,5,0.25,0.03,1.0,0.0,0.1,3.006353442959181,1.0253871541000255,0.10573749682660574,0.6009139375476009,0.20849200304645849
dixon_bivar_expected_awmae,5,0.0,0.06,1.0,0.0,0.1,3.0064507827359184,1.0260535668951511,0.10592790048235592,0.6001523229246002,0.20849200304645849
dixon_bivar_expected_awmae,4,0.25,0.15,0.0,0.5,-0.15,3.0064765696727638,1.01494668697639,0.12515866971312517,0.5561056105610561,0.24695354150799695
dixon_bivar_expected_awmae,4,0.0,0.0,1.0,0.0,0.15,3.006526020356767,1.029131759329779,0.10707032241685707,0.5997080477278497,0.20887281035795888
dixon_bivar_expected_awmae,5,0.5,0.0,1.0,0.0,0.05,3.00671330033872,1.0252602183295252,0.10535668951510535,0.6012312769738513,0.20696877380045697
dixon_bivar_expected_awmae,5,0.25,0.0,1.0,0.0,0.05,3.006718565999929,1.0249428789032748,0.10592790048235592,0.6005965981213506,0.20817466362020817
dixon_bivar_expected_awmae,5,1.0,0.0,1.0,0.0,-0.05,3.006887484481879,1.0243399339933994,0.10351612084285351,0.6009139375476009,0.20436659050520437
dixon_bivar_expected_awmae,5,0.0,0.03,1.0,0.0,0.0,3.0069379848526787,1.0255775577557755,0.10643564356435643,0.5992003046458492,0.20938055343995937
dixon_bivar_expected_awmae,5,0.75,0.03,1.0,0.0,0.1,3.00696905013063,1.0245303376491495,0.1044046712363544,0.6011678090886011,0.2056994160954557
dixon_bivar_expected_awmae,4,0.0,0.1,0.0,0.5,-0.05,3.007089485563501,1.0197385123127698,0.12255648641787256,0.5590886011678091,0.2461919268849962
dixon_bivar_expected_awmae,5,0.0,0.03,1.0,0.0,-0.1,3.0071446289330126,1.0246255394770247,0.10681645087585681,0.5982482863670983,0.21014216806296016
dixon_bivar_expected_awmae,4,0.0,0.0,0.0,0.5,-0.1,3.0076206437545157,1.0207222645341458,0.12192180756537192,0.5591520690530591,0.2466996699669967
dixon_bivar_expected_awmae,5,0.5,0.03,1.0,0.0,0.1,3.007682065074098,1.0248476770753998,0.10491241431835491,0.6005965981213506,0.20582635186595583
dixon_bivar_expected_awmae,5,0.0,0.06,1.0,0.0,0.15,3.0077419070842355,1.0264661081492765,0.10567402894135568,0.6004696623508504,0.20804772784970804
dixon_bivar_expected_awmae,5,0.75,0.03,1.0,0.0,0.15,3.0078279857355046,1.02503808073115,0.10408733181010409,0.6014216806296014,0.2048743335872049
dixon_bivar_expected_awmae,5,0.0,0.03,1.0,0.0,-0.05,3.0078429123073844,1.0255140898705255,0.10611830413810612,0.5984386900228484,0.20944402132520945
dixon_bivar_expected_awmae,5,0.25,0.03,1.0,0.0,0.15,3.008161812411426,1.0260853008377762,0.10561056105610561,0.6009774054328509,0.20785732419395786
dixon_bivar_expected_awmae,5,0.5,0.03,1.0,0.0,0.15,3.0083127797490796,1.0251967504442752,0.10472201066260473,0.6011043412033511,0.20576288398070577
dixon_bivar_expected_awmae,5,0.0,0.0,1.0,0.0,-0.15,3.0083648901965665,1.0244668697638994,0.10738766184310738,0.5977405432850977,0.2102056359482102
dixon_bivar_expected_awmae,5,0.5,0.0,1.0,0.0,0.1,3.008656929547118,1.0252919522721502,0.1051028179741051,0.6009139375476009,0.20582635186595583
dixon_bivar_expected_awmae,5,0.0,0.0,0.0,0.5,-0.15,3.0089495104059143,1.0151688245747652,0.1223026148768723,0.5546458492003047,0.24536684437674536
dixon_bivar_expected_awmae,5,0.25,0.0,1.0,0.0,0.1,3.008985590622791,1.0261487687230262,0.10554709317085555,0.6011043412033511,0.2079207920792079
dixon_bivar_expected_awmae,5,1.0,0.06,1.0,0.0,0.05,3.009004714180837,1.0253871541000255,0.103008377760853,0.6010408733181011,0.2037953795379538
dixon_bivar_expected_awmae,5,0.0,0.15,0.0,0.5,-0.1,3.009128226792201,1.0132330540746382,0.12287382584412287,0.5531226199543031,0.2454937801472455
dixon_bivar_expected_awmae,5,1.0,0.06,1.0,0.0,0.1,3.0095756877378066,1.0256727595836506,0.10231023102310231,0.6012312769738513,0.20316070068545317
dixon_bivar_expected_awmae,5,0.0,0.0,1.0,0.0,-0.1,3.009646497948951,1.0254823559279005,0.107006854531607,0.5981213505965981,0.20995176440720995
dixon_bivar_expected_awmae,5,0.0,0.0,1.0,0.0,-0.05,3.009848785159129,1.0266247778624016,0.1064991114496065,0.599009900990099,0.20976136075145976
dixon_bivar_expected_awmae,5,0.0,0.0,1.0,0.0,0.0,3.00999505016618,1.0267517136329019,0.10656257933485656,0.5997080477278497,0.20925361766945924
dixon_bivar_expected_awmae,5,1.0,0.03,1.0,0.0,0.0,3.010250469807566,1.0252284843869002,0.103008377760853,0.6005331302361006,0.2032876364559533
dixon_bivar_expected_awmae,5,0.0,0.06,0.0,0.5,-0.1,3.010389132652373,1.016945925361767,0.12141406448337141,0.5558517390200558,0.2453033764914953
dixon_bivar_expected_awmae,5,1.0,0.0,1.0,0.0,0.0,3.0104383682989457,1.0255775577557755,0.10294490987560294,0.6007870017771008,0.20341457222645343
dixon_bivar_expected_awmae,5,0.75,0.0,1.0,0.0,0.15,3.010491629642529,1.0261805026656512,0.10396039603960396,0.602056359482102,0.20493780147245494
dixon_bivar_expected_awmae,5,0.75,0.0,1.0,0.0,0.1,3.0105204035907533,1.0252284843869002,0.10408733181010409,0.6009139375476009,0.20493780147245494
dixon_bivar_expected_awmae,5,1.0,0.06,1.0,0.0,0.15,3.0106771204539613,1.0257679614115258,0.10199289159685199,0.6012947448591013,0.20176440720995176
dixon_bivar_expected_awmae,5,0.0,0.1,0.0,0.5,-0.15,3.010805503648719,1.012947448591013,0.12274689007362274,0.5517263264788017,0.24492256917999491
dixon_bivar_expected_awmae,5,0.0,0.0,1.0,0.0,0.05,3.0109736842501453,1.0272911906575273,0.10624523990860625,0.6002792586951002,0.20855547093170856
dixon_bivar_expected_awmae,5,0.25,0.0,1.0,0.0,0.15,3.011119399705159,1.0271642548870272,0.10497588220360497,0.6011043412033511,0.20703224168570702
dixon_bivar_expected_awmae,5,1.0,0.03,1.0,0.0,0.05,3.0111202809379716,1.0257996953541508,0.10294490987560294,0.6011043412033511,0.20322416857070322
dixon_bivar_expected_awmae,4,0.0,0.15,0.0,0.5,-0.05,3.011324725774161,1.0182152830667681,0.12287382584412287,0.5565498857578065,0.24593805534399593
dixon_bivar_expected_awmae,5,0.0,0.06,0.0,0.5,-0.15,3.011443224460544,1.0137407971566388,0.12255648641787256,0.5524879411018024,0.24504950495049505
dixon_bivar_expected_awmae,5,0.0,0.03,0.0,0.5,-0.15,3.0117830167402673,1.0150736227468902,0.12223914699162224,0.5534399593805535,0.24517644072099518
dixon_bivar_expected_awmae,5,0.0,0.03,1.0,0.0,0.1,3.011976252719854,1.027005585173902,0.10599136836760599,0.5996445798425997,0.20817466362020817
dixon_bivar_expected_awmae,5,1.0,0.0,1.0,0.0,0.05,3.012391423349898,1.0265930439197766,0.10243716679360244,0.6012947448591013,0.20303376491495304
dixon_bivar_expected_awmae,5,0.5,0.0,1.0,0.0,0.15,3.012703678815935,1.0262757044935262,0.10465854277735466,0.6009139375476009,0.205001269357705
dixon_bivar_expected_awmae,5,0.0,0.03,1.0,0.0,0.15,3.0127128018445815,1.0277671997969027,0.10561056105610561,0.6000253871541,0.2076034526529576
dixon_bivar_expected_awmae,5,0.75,0.15,1.75,0.5,-0.15,3.0128214083008693,1.022880172632648,0.11601929423711602,0.5997080477278497,0.20785732419395786
dixon_bivar_expected_awmae,5,1.0,0.0,1.0,0.0,0.1,3.01304683508158,1.0271007870017772,0.10211982736735212,0.6018659558263518,0.20265295760345264
dixon_bivar_expected_awmae,5,1.0,0.03,1.0,0.0,0.1,3.013095556237895,1.0267517136329019,0.10211982736735212,0.6012312769738513,0.20246255394770246
dixon_bivar_expected_awmae,5,0.0,0.0,1.0,0.0,0.1,3.0134389767014573,1.027925869510028,0.10586443259710586,0.6004061944656004,0.20823813150545825
dixon_bivar_expected_awmae,4,0.0,0.03,0.0,0.5,-0.1,3.014041436284942,1.0207857324193959,0.12217567910637217,0.5571210967250572,0.24587458745874588
dixon_bivar_expected_awmae,4,0.0,0.15,0.0,0.5,-0.1,3.0143400341490496,1.0167555217060167,0.12331810104087332,0.5534399593805535,0.2458111195734958
dixon_bivar_expected_awmae,5,1.0,0.03,1.0,0.0,0.15,3.014833418884816,1.027005585173902,0.10192942371160194,0.6013582127443513,0.2017009393247017
dixon_bivar_expected_awmae,4,0.0,0.1,0.0,0.5,-0.1,3.0150198008245375,1.017961411525768,0.123000761614623,0.5544554455445545,0.24511297283574512
dixon_bivar_expected_awmae,4,0.75,0.15,1.75,0.5,-0.15,3.01503804618513,1.0247207413048998,0.115003808073115,0.5998984513835999,0.20684183802995684
dixon_bivar_expected_awmae,5,0.0,0.0,1.0,0.0,0.15,3.015672910021295,1.029036557501904,0.10567402894135568,0.6008504696623509,0.20804772784970804
dixon_bivar_expected_awmae,5,1.0,0.0,1.0,0.0,0.15,3.0157839345689474,1.0276085300837776,0.10205635948210205,0.601992891596852,0.20201827875095202
dixon_bivar_expected_awmae,5,0.5,0.15,1.75,0.5,-0.15,3.0159300413253063,1.0243082000507744,0.11513074384361513,0.5991368367605991,0.20811119573495812
dixon_bivar_expected_awmae,5,1.0,0.15,1.75,0.5,-0.15,3.016234491200309,1.023134044173648,0.11563848692561564,0.5994541761868495,0.2069053059152069
dixon_bivar_expected_awmae,4,1.0,0.15,1.75,0.5,-0.15,3.0165414789374996,1.0245620715917745,0.11487687230261488,0.5995811119573495,0.20620715917745622
dixon_bivar_expected_awmae,5,1.0,0.15,1.75,0.5,-0.05,3.0165832658676512,1.0243716679360244,0.1151942117288652,0.6008504696623509,0.206016755521706
dixon_bivar_expected_awmae,5,1.0,0.15,1.75,0.5,-0.1,3.0166702947138972,1.0236735211982737,0.11551155115511551,0.5998349834983498,0.20627062706270627
dixon_bivar_expected_awmae,5,0.0,0.15,1.75,0.5,-0.15,3.016844122601671,1.0255775577557755,0.1164001015486164,0.5981213505965981,0.20874587458745875
dixon_bivar_expected_awmae,5,0.75,0.15,1.75,0.5,-0.05,3.016890510669644,1.0251967504442752,0.11513074384361513,0.6003427265803504,0.2060802234069561
dixon_bivar_expected_awmae,4,0.5,0.15,1.75,0.5,-0.15,3.017013065409916,1.0254506219852755,0.11462300076161462,0.599009900990099,0.20753998476770755
dixon_bivar_expected_awmae,5,0.5,0.15,1.75,0.5,-0.1,3.017032331905075,1.0249428789032748,0.11532114749936533,0.5995176440720995,0.20766692053820768
dixon_bivar_expected_awmae,5,0.75,0.15,1.75,0.5,-0.1,3.017529424389297,1.0244986037065245,0.11525767961411526,0.5993907083015994,0.20646103071845645
dixon_bivar_expected_awmae,5,0.5,0.1,1.75,0.5,-0.15,3.017616198507906,1.0251332825590251,0.1151942117288652,0.5996445798425997,0.2079207920792079
dixon_bivar_expected_awmae,4,0.0,0.06,0.0,0.5,-0.15,3.0176294465598845,1.0175488702716426,0.12350850469662351,0.5526148768723026,0.24593805534399593
dixon_bivar_expected_awmae,4,0.0,0.06,0.0,0.5,-0.1,3.0178197322157727,1.0207222645341458,0.12223914699162224,0.5557248032495558,0.24568418380299567
dixon_bivar_expected_awmae,5,0.5,0.15,1.75,0.5,0.0,3.0178610830680084,1.0264343742066515,0.115003808073115,0.6007235338918507,0.20665143437420666
dixon_bivar_expected_awmae,5,0.75,0.1,1.75,0.5,-0.15,3.017908277047645,1.0242764661081494,0.115003808073115,0.5996445798425997,0.2067783701447068
dixon_bivar_expected_awmae,4,1.0,0.1,1.75,0.5,-0.1,3.0179838340648213,1.0257996953541508,0.11405178979436405,0.6007870017771008,0.205001269357705
dixon_bivar_expected_awmae,4,1.0,0.1,1.75,0.5,-0.15,3.0180918938875156,1.025006346788525,0.11354404671236354,0.5993907083015994,0.2043031226199543
dixon_bivar_expected_awmae,5,1.0,0.1,1.75,0.5,-0.1,3.0181506061353534,1.023990860624524,0.11544808326986544,0.6003427265803504,0.2063975628332064
dixon_bivar_expected_awmae,4,1.0,0.15,1.75,0.5,-0.1,3.018177339105096,1.0254188880426505,0.11468646864686469,0.5997715156130998,0.20531860878395533
dixon_bivar_expected_awmae,5,0.75,0.1,1.75,0.5,-0.1,3.0186214925243426,1.0251650165016502,0.11494034018786493,0.6002157908098502,0.20627062706270627
dixon_bivar_expected_awmae,5,0.0,0.15,0.0,0.5,-0.15,3.018659888857014,1.0126935770500127,0.12274689007362274,0.5493145468392994,0.24479563340949478
dixon_bivar_expected_awmae,4,0.0,0.1,0.0,0.5,-0.15,3.0186883141918996,1.017041127189642,0.12325463315562325,0.5519167301345519,0.24574765168824575
dixon_bivar_expected_awmae,5,0.5,0.1,1.75,0.5,-0.05,3.0188432898739896,1.0261805026656512,0.115003808073115,0.6006600660066007,0.20684183802995684
dixon_bivar_expected_awmae,5,0.0,0.15,1.75,0.5,-0.1,3.018979044211516,1.0271325209444022,0.1157019548108657,0.5986290936785986,0.2079207920792079
dixon_bivar_expected_awmae,5,1.0,0.15,1.75,0.5,0.05,3.018986062124583,1.0258314292967758,0.11494034018786493,0.6016120842853516,0.2051916730134552
dixon_bivar_expected_awmae,5,1.0,0.06,1.75,0.5,-0.15,3.0190256748042135,1.0237052551408987,0.11494034018786493,0.5997080477278497,0.20620715917745622
dixon_bivar_expected_awmae,5,0.5,0.15,1.75,0.5,-0.05,3.019025823697049,1.0260853008377762,0.11494034018786493,0.5996445798425997,0.20684183802995684
dixon_bivar_expected_awmae,5,1.0,0.1,1.75,0.5,-0.15,3.0190605579727348,1.0235148514851484,0.11557501904036557,0.5992003046458492,0.2069053059152069
dixon_bivar_expected_awmae,5,0.0,0.15,1.75,0.5,-0.05,3.0191555894785167,1.028021071337903,0.11601929423711602,0.59996191926885,0.20785732419395786
dixon_bivar_expected_awmae,4,0.5,0.06,1.75,0.5,-0.15,3.019157717133137,1.0263074384361512,0.11436912922061437,0.6000253871541,0.20588981975120588
dixon_bivar_expected_awmae,4,1.0,0.15,1.75,0.5,-0.05,3.019196653355492,1.0265295760345265,0.11411525767961411,0.6006600660066007,0.2051916730134552
dixon_bivar_expected_awmae,4,1.0,0.06,1.75,0.5,-0.15,3.019257198036097,1.0254506219852755,0.11329017517136329,0.60008885503935,0.20373191165270374
dixon_bivar_expected_awmae,5,0.5,0.1,1.75,0.5,-0.1,3.019346118851533,1.0252284843869002,0.11538461538461539,0.5997080477278497,0.20703224168570702
dixon_bivar_expected_awmae,5,0.75,0.15,1.75,0.5,0.0,3.0194003383402035,1.0265295760345265,0.11487687230261488,0.6005331302361006,0.20588981975120588
dixon_bivar_expected_awmae,5,1.0,0.03,1.75,0.5,-0.15,3.0194019064534685,1.0236417872556487,0.115003808073115,0.6005331302361006,0.20588981975120588
dixon_bivar_expected_awmae,5,0.25,0.06,1.75,0.5,-0.15,3.019456633501717,1.0258314292967758,0.1151942117288652,0.5997080477278497,0.20741304899720742
dixon_bivar_expected_awmae,4,0.0,0.0,0.0,0.5,-0.15,3.0195107324853603,1.0204049251078955,0.12204874333587205,0.5543285097740543,0.24555724803249557
dixon_bivar_expected_awmae,4,0.75,0.1,1.75,0.5,-0.15,3.0196343715305813,1.0256727595836506,0.11455953287636456,0.5993272404163493,0.20582635186595583
dixon_bivar_expected_awmae,5,1.0,0.06,1.75,0.5,-0.1,3.0196406694104234,1.0244986037065245,0.115003808073115,0.6007870017771008,0.206016755521706
dixon_bivar_expected_awmae,4,0.5,0.1,1.75,0.5,-0.15,3.019642964637205,1.0264978420919015,0.11455953287636456,0.5996445798425997,0.2070957095709571
dixon_bivar_expected_awmae,5,0.25,0.1,1.75,0.5,-0.15,3.019643130368526,1.0264026402640265,0.11474993653211475,0.5995176440720995,0.20766692053820768
dixon_bivar_expected_awmae,4,1.0,0.06,1.75,0.5,-0.1,3.0197853480155654,1.0257996953541508,0.11335364305661336,0.6005965981213506,0.20354150799695353
dixon_bivar_expected_awmae,5,0.75,0.1,1.75,0.5,-0.05,3.019812669544464,1.0263391723787763,0.115003808073115,0.6009139375476009,0.20633409494795632
dixon_bivar_expected_awmae,5,0.75,0.06,1.75,0.5,-0.15,3.0198289870073443,1.0242447321655241,0.115003808073115,0.5992003046458492,0.206016755521706
dixon_bivar_expected_awmae,5,0.25,0.03,1.75,0.5,-0.15,3.0198389917695034,1.0258948971820259,0.11513074384361513,0.5998349834983498,0.20728611322670729
dixon_bivar_expected_awmae,4,0.0,0.03,0.0,0.5,-0.15,3.019902476038858,1.0196433104848945,0.12274689007362274,0.5538842345773038,0.2458111195734958
dixon_bivar_expected_awmae,4,0.75,0.1,1.75,0.5,-0.1,3.0202487067941046,1.0266247778624016,0.11474993653211475,0.6004696623508504,0.2060802234069561
dixon_bivar_expected_awmae,4,0.25,0.15,1.75,0.5,-0.15,3.020261747674086,1.0274181264280273,0.11544808326986544,0.5986925615638486,0.20811119573495812
dixon_bivar_expected_awmae,5,1.0,0.15,1.75,0.5,0.0,3.0204138516006025,1.0256410256410255,0.11468646864686469,0.6007235338918507,0.20506473724295507
dixon_bivar_expected_awmae,5,0.25,0.15,1.75,0.5,-0.1,3.0204285709084684,1.0271007870017772,0.11513074384361513,0.5995811119573495,0.20753998476770755
dixon_bivar_expected_awmae,5,0.25,0.15,1.75,0.5,-0.15,3.0204318259943013,1.0258314292967758,0.11525767961411526,0.5983752221375984,0.20773038842345773
dixon_bivar_expected_awmae,4,1.0,0.03,1.75,0.5,-0.15,3.0204500741662654,1.0254188880426505,0.11341711094186342,0.6005965981213506,0.20385884742320387
dixon_bivar_expected_awmae,4,0.5,0.03,1.75,0.5,-0.1,3.020516590460384,1.0271325209444022,0.11436912922061437,0.6008504696623509,0.20525514089870525
dixon_bivar_expected_awmae,5,0.75,0.15,1.75,0.5,0.05,3.0206273255004445,1.0267517136329019,0.11532114749936533,0.6008504696623509,0.20557248032495556
dixon_bivar_expected_awmae,5,0.75,0.03,1.75,0.5,-0.15,3.0206289088999307,1.0245938055343995,0.11506727595836506,0.5998984513835999,0.206016755521706
dixon_bivar_expected_awmae,4,0.5,0.1,1.75,0.5,-0.05,3.0206590153607364,1.0276719979690276,0.11455953287636456,0.6007870017771008,0.2060802234069561
dixon_bivar_expected_awmae,5,1.0,0.1,1.75,0.5,0.0,3.020682003767051,1.025958365067276,0.11494034018786493,0.6014851485148515,0.2051916730134552
dixon_bivar_expected_awmae,5,0.25,0.15,1.75,0.5,-0.05,3.0207215804903735,1.0275767961411526,0.11532114749936533,0.60008885503935,0.20785732419395786
dixon_bivar_expected_awmae,4,0.5,0.15,1.75,0.5,-0.1,3.020763058964951,1.026973851231277,0.11474993653211475,0.5993907083015994,0.20728611322670729
dixon_bivar_expected_awmae,5,1.0,0.15,1.75,0.5,0.1,3.0207813345809362,1.0268151815181519,0.11417872556486418,0.6018659558263518,0.20404925107895405
dixon_bivar_expected_awmae,5,0.25,0.0,1.75,0.5,-0.1,3.0208290597215828,1.0264343742066515,0.1151942117288652,0.6005331302361006,0.20620715917745622
dixon_bivar_expected_awmae,5,0.25,0.03,1.75,0.5,-0.1,3.0208310075617235,1.0265930439197766,0.115003808073115,0.6002792586951002,0.20646103071845645
dixon_bivar_expected_awmae,5,0.25,0.15,1.75,0.5,0.0,3.0208846358911923,1.027925869510028,0.11582889058136583,0.6007870017771008,0.20715917745620716
dixon_bivar_expected_awmae,4,0.5,0.06,1.75,0.5,-0.1,3.02093858628086,1.0273863924854023,0.11411525767961411,0.6004696623508504,0.2051916730134552
dixon_bivar_expected_awmae,5,0.5,0.06,1.75,0.5,-0.15,3.0209692281444034,1.0254823559279005,0.11506727595836506,0.5996445798425997,0.20703224168570702
dixon_bivar_expected_awmae,4,0.75,0.15,1.75,0.5,-0.1,3.021016723455351,1.0264343742066515,0.11430566133536431,0.5992637725310993,0.20582635186595583
dixon_bivar_expected_awmae,5,0.75,0.03,1.75,0.5,-0.1,3.0210469546463328,1.0252284843869002,0.11563848692561564,0.6006600660066007,0.20658796648895658
dixon_bivar_expected_awmae,5,1.0,0.06,1.75,0.5,-0.05,3.021072278509548,1.0251650165016502,0.11506727595836506,0.6009139375476009,0.20544554455445543
dixon_bivar_expected_awmae,5,0.25,0.15,1.75,0.5,0.05,3.0211930905330147,1.0282114749936533,0.11563848692561564,0.6007870017771008,0.20652449860370653
dixon_bivar_expected_awmae,4,0.0,0.15,1.75,0.5,-0.15,3.0212188635241697,1.028084539223153,0.11627316577811628,0.5982482863670983,0.2086824067022087
dixon_bivar_expected_awmae,4,1.0,0.03,1.75,0.5,-0.05,3.021307974938455,1.0266882457476516,0.1136075145976136,0.6016120842853516,0.2029068291444529
dixon_bivar_expected_awmae,5,0.0,0.1,1.75,0.5,-0.15,3.0213833194566146,1.0266565118050266,0.11595582635186595,0.5980578827113481,0.207984259964458
dixon_bivar_expected_awmae,5,0.5,0.06,1.75,0.5,-0.1,3.02140805162927,1.0262757044935262,0.11468646864686469,0.6000253871541,0.2063975628332064
dixon_bivar_expected_awmae,5,1.0,0.1,1.75,0.5,0.05,3.021414083694259,1.0264661081492765,0.11417872556486418,0.6018024879411018,0.20404925107895405
dixon_bivar_expected_awmae,4,1.0,0.06,1.75,0.5,-0.05,3.0214308399198715,1.027069053059152,0.11341711094186342,0.6013582127443513,0.20366844376745366
dixon_bivar_expected_awmae,5,0.75,0.06,1.75,0.5,-0.1,3.021441379235484,1.0256727595836506,0.11525767961411526,0.6006600660066007,0.20633409494795632
dixon_bivar_expected_awmae,5,1.0,0.0,1.75,0.5,-0.15,3.0214722960902414,1.024149530337649,0.11443259710586444,0.6007235338918507,0.20538207666920538
dixon_bivar_expected_awmae,4,0.75,0.06,1.75,0.5,-0.1,3.0215006296247897,1.0271325209444022,0.11455953287636456,0.6009774054328509,0.20544554455445543
dixon_bivar_expected_awmae,4,0.75,0.1,1.75,0.5,-0.05,3.021579315997963,1.0276402640264026,0.11462300076161462,0.6009139375476009,0.20576288398070577
dixon_bivar_expected_awmae,4,1.0,0.1,1.75,0.5,0.0,3.0216449739764157,1.0275450621985276,0.11386138613861387,0.6016120842853516,0.20385884742320387
dixon_bivar_expected_awmae,4,0.5,0.15,1.75,0.5,-0.05,3.021683340983333,1.027798933739528,0.11436912922061437,0.5998349834983498,0.206016755521706
dixon_bivar_expected_awmae,5,1.0,0.03,1.75,0.5,0.0,3.0216953357300613,1.0257362274689008,0.11487687230261488,0.6018024879411018,0.20474739781670476
dixon_bivar_expected_awmae,5,0.5,0.1,1.75,0.5,0.0,3.021728943537146,1.0272911906575273,0.11494034018786493,0.6007870017771008,0.20627062706270627
dixon_bivar_expected_awmae,5,0.75,0.0,1.75,0.5,-0.15,3.021854389049825,1.0253554201574004,0.11513074384361513,0.6006600660066007,0.20665143437420666
dixon_bivar_expected_awmae,4,1.0,0.06,1.75,0.5,0.0,3.021892899671027,1.0274815943132776,0.1137979182533638,0.6016755521706016,0.20335110434120335
dixon_bivar_expected_awmae,4,1.0,0.0,1.75,0.5,-0.15,3.0219498552563016,1.025958365067276,0.1130997715156131,0.6007235338918507,0.2037953795379538
dixon_bivar_expected_awmae,5,0.25,0.03,1.75,0.5,-0.05,3.021956092079064,1.0272911906575273,0.11506727595836506,0.6005965981213506,0.20614369129220614
dixon_bivar_expected_awmae,4,1.0,0.1,1.75,0.5,-0.05,3.021979021380127,1.0266882457476516,0.11386138613861387,0.6002792586951002,0.20404925107895405
dixon_bivar_expected_awmae,4,0.75,0.15,1.75,0.5,-0.05,3.022052596642281,1.0277671997969027,0.11449606499111449,0.6005331302361006,0.20576288398070577
dixon_bivar_expected_awmae,4,0.0,0.15,1.75,0.5,-0.1,3.0220599830527934,1.0293538969281544,0.11614623000761615,0.5990733688753491,0.20874587458745875
dixon_bivar_expected_awmae,5,1.0,0.06,1.75,0.5,0.0,3.0220680551276877,1.0257362274689008,0.11506727595836506,0.6016755521706016,0.20512820512820512
dixon_bivar_expected_awmae,5,0.5,0.03,1.75,0.5,-0.15,3.022068430533615,1.0254188880426505,0.11481340441736482,0.5995176440720995,0.2056994160954557
dixon_bivar_expected_awmae,4,0.25,0.06,1.75,0.5,-0.15,3.0220912864218703,1.027862401624778,0.11494034018786493,0.5997080477278497,0.2070957095709571
dixon_bivar_expected_awmae,5,1.0,0.03,1.75,0.5,-0.1,3.022159007109753,1.0246255394770247,0.11455953287636456,0.6002792586951002,0.20474739781670476
dixon_bivar_expected_awmae,5,0.5,0.03,1.75,0.5,-0.1,3.0221657562727016,1.0265613099771516,0.11449606499111449,0.6004696623508504,0.20557248032495556
dixon_bivar_expected_awmae,5,0.5,0.06,1.75,0.5,-0.05,3.022195056350316,1.027037319116527,0.11455953287636456,0.6006600660066007,0.20620715917745622
dixon_bivar_expected_awmae,5,0.25,0.06,1.75,0.5,-0.1,3.0222067965110613,1.026878649403402,0.11494034018786493,0.5997715156130998,0.20646103071845645
dixon_bivar_expected_awmae,4,0.75,0.06,1.75,0.5,-0.15,3.022213934488429,1.0265930439197766,0.11405178979436405,0.5997080477278497,0.20531860878395533
dixon_bivar_expected_awmae,5,1.0,0.03,1.75,0.5,-0.05,3.022215066229174,1.0252919522721502,0.1151942117288652,0.6013582127443513,0.20525514089870525
dixon_bivar_expected_awmae,4,0.25,0.15,1.75,0.5,-0.1,3.0222617130072638,1.0286874841330287,0.11551155115511551,0.5996445798425997,0.20811119573495812
dixon_bivar_expected_awmae,5,0.75,0.0,1.75,0.5,-0.1,3.022292907475182,1.0254823559279005,0.11525767961411526,0.6007235338918507,0.2060802234069561
dixon_bivar_expected_awmae,5,0.25,0.1,1.75,0.5,-0.1,3.0223137111530316,1.0273863924854023,0.11538461538461539,0.59996191926885,0.207984259964458
dixon_bivar_expected_awmae,4,0.25,0.15,1.75,0.5,0.0,3.0223717691593905,1.0295125666412794,0.11557501904036557,0.6007870017771008,0.2070957095709571
dixon_bivar_expected_awmae,4,0.25,0.1,1.75,0.5,-0.15,3.0223865620113455,1.0282749428789033,0.115003808073115,0.5995176440720995,0.2076034526529576
dixon_bivar_expected_awmae,4,0.5,0.1,1.75,0.5,-0.1,3.0223887298366874,1.0273863924854023,0.11424219345011424,0.5993907083015994,0.20633409494795632
dixon_bivar_expected_awmae,5,0.0,0.15,1.75,0.5,0.0,3.02240554012597,1.029195227215029,0.11576542269611577,0.5998984513835999,0.2070957095709571
dixon_bivar_expected_awmae,5,0.75,0.06,1.75,0.5,-0.05,3.0224107109004312,1.0261170347804012,0.11506727595836506,0.6005331302361006,0.20576288398070577
dixon_bivar_expected_awmae,5,0.0,0.15,1.75,0.5,0.05,3.0224823207259943,1.0297347042396547,0.11589235846661589,0.6007235338918507,0.20646103071845645
dixon_bivar_expected_awmae,4,0.5,0.06,1.75,0.5,-0.05,3.0226004815427117,1.028052805280528,0.11449606499111449,0.6007870017771008,0.20563594821020564
dixon_bivar_expected_awmae,5,0.5,0.06,1.75,0.5,0.0,3.022620882231821,1.0275133282559026,0.115003808073115,0.6009774054328509,0.20557248032495556
dixon_bivar_expected_awmae,5,0.25,0.1,1.75,0.5,0.0,3.022754599307809,1.028021071337903,0.11506727595836506,0.6005965981213506,0.20620715917745622
dixon_bivar_expected_awmae,5,1.0,0.03,1.75,0.5,0.05,3.0227588053429524,1.0263074384361512,0.11481340441736482,0.6024371667936025,0.2041127189642041
dixon_bivar_expected_awmae,4,0.5,0.15,1.75,0.5,0.0,3.022816917511647,1.0286557501904037,0.115003808073115,0.6006600660066007,0.2063975628332064
dixon_bivar_expected_awmae,4,0.0,0.15,1.75,0.5,-0.05,3.022865956139112,1.0297981721249048,0.11652703731911652,0.5997080477278497,0.20842853516120843
dixon_bivar_expected_awmae,4,1.0,0.03,1.75,0.5,0.0,3.022941166901565,1.0274498603706526,0.11303630363036303,0.6018659558263518,0.2017009393247017
dixon_bivar_expected_awmae,5,1.0,0.1,1.75,0.5,0.1,3.022943658522378,1.0272277227722773,0.11386138613861387,0.6023102310231023,0.20354150799695353
dixon_bivar_expected_awmae,5,0.5,0.0,1.75,0.5,-0.1,3.0230343550936896,1.0266565118050266,0.11455953287636456,0.6006600660066007,0.2055090124397055
dixon_bivar_expected_awmae,5,0.5,0.15,1.75,0.5,0.05,3.0230590281173626,1.028116273165778,0.11468646864686469,0.6006600660066007,0.20557248032495556
dixon_bivar_expected_awmae,4,1.0,0.1,1.75,0.5,0.05,3.0231352453134246,1.0283384107641533,0.11348057882711349,0.601992891596852,0.20303376491495304
dixon_bivar_expected_awmae,4,1.0,0.03,1.75,0.5,-0.1,3.0231377257166163,1.0264661081492765,0.11290936785986291,0.6004061944656004,0.20271642548870272
dixon_bivar_expected_awmae,5,0.75,0.1,1.75,0.5,0.0,3.023138136759829,1.0271642548870272,0.11481340441736482,0.6007870017771008,0.20512820512820512
dixon_bivar_expected_awmae,5,1.0,0.0,1.75,0.5,-0.05,3.0231495394643835,1.0254506219852755,0.11487687230261488,0.6016755521706016,0.20443005839045442
dixon_bivar_expected_awmae,4,1.0,0.15,1.75,0.5,0.05,3.0231756717124685,1.0287192180756537,0.1136075145976136,0.6017390200558518,0.20385884742320387
dixon_bivar_expected_awmae,4,1.0,0.0,1.75,0.5,0.0,3.0232011182576652,1.0273546585427773,0.11271896420411272,0.601992891596852,0.20112972835745113
dixon_bivar_expected_awmae,4,0.75,0.15,1.75,0.5,0.0,3.0233192660525883,1.0285288144199036,0.11436912922061437,0.6005965981213506,0.20512820512820512
dixon_bivar_expected_awmae,4,0.25,0.15,1.75,0.5,-0.05,3.023327492650948,1.0292904290429044,0.11563848692561564,0.60008885503935,0.20766692053820768
dixon_bivar_expected_awmae,4,1.0,0.0,1.75,0.5,-0.05,3.023350769130305,1.0271325209444022,0.11316323940086316,0.6018659558263518,0.2025260218329525
dixon_bivar_expected_awmae,5,0.0,0.1,1.75,0.5,-0.1,3.0234162343714193,1.0286240162477787,0.1157019548108657,0.5995176440720995,0.20785732419395786
dixon_bivar_expected_awmae,5,0.5,0.03,1.75,0.5,-0.05,3.023424334890539,1.0271642548870272,0.11443259710586444,0.6005331302361006,0.20525514089870525
dixon_bivar_expected_awmae,4,1.0,0.15,1.75,0.5,0.0,3.023438543732607,1.028148007108403,0.11386138613861387,0.6009139375476009,0.20468392993145468
dixon_bivar_expected_awmae,4,0.0,0.15,0.0,0.5,-0.15,3.0234749051054206,1.016057374968266,0.12312769738512312,0.5493780147245494,0.24511297283574512
dixon_bivar_expected_awmae,5,0.5,0.1,1.75,0.5,0.05,3.023531901801008,1.028116273165778,0.11455953287636456,0.6008504696623509,0.20493780147245494
dixon_bivar_expected_awmae,4,0.5,0.0,1.75,0.5,-0.1,3.023543651016292,1.027925869510028,0.11411525767961411,0.6010408733181011,0.2048743335872049
dixon_bivar_expected_awmae,4,0.25,0.03,1.75,0.5,-0.15,3.023548269003975,1.0284970804772784,0.11487687230261488,0.59996191926885,0.20728611322670729
dixon_bivar_expected_awmae,5,0.25,0.0,1.75,0.5,-0.15,3.023572216153857,1.0266882457476516,0.11506727595836506,0.5997080477278497,0.20696877380045697
dixon_bivar_expected_awmae,4,0.25,0.15,1.75,0.5,0.05,3.023608951361747,1.0302424473216552,0.11532114749936533,0.6007235338918507,0.2060802234069561
dixon_bivar_expected_awmae,5,1.0,0.06,1.75,0.5,0.05,3.0236559749019465,1.0265613099771516,0.11449606499111449,0.601929423711602,0.20341457222645343
dixon_bivar_expected_awmae,4,1.0,0.03,1.75,0.5,0.05,3.023690143550693,1.0283066768215283,0.11316323940086316,0.6023736989083524,0.20208174663620207
dixon_bivar_expected_awmae,4,0.25,0.1,1.75,0.5,-0.05,3.023696193388148,1.0295760345265297,0.11525767961411526,0.6007235338918507,0.20684183802995684
dixon_bivar_expected_awmae,5,0.75,0.06,1.75,0.5,0.0,3.0237149493526623,1.026910383346027,0.1151942117288652,0.6011043412033511,0.2051916730134552
dixon_bivar_expected_awmae,5,0.25,0.06,1.75,0.5,-0.05,3.023719530011331,1.027989337395278,0.115003808073115,0.6007235338918507,0.20633409494795632
dixon_bivar_expected_awmae,4,0.75,0.03,1.75,0.5,-0.1,3.023721553117496,1.0277671997969027,0.11386138613861387,0.6006600660066007,0.20525514089870525
dixon_bivar_expected_awmae,4,0.75,0.0,1.75,0.5,-0.15,3.023746028307917,1.0271642548870272,0.11392485402386393,0.6007235338918507,0.205001269357705
dixon_bivar_expected_awmae,5,0.0,0.1,1.75,0.5,0.0,3.0237636209046124,1.0294808326986544,0.11595582635186595,0.6004696623508504,0.20684183802995684
dixon_bivar_expected_awmae,4,0.0,0.1,1.75,0.5,-0.1,3.023764926229238,1.0298299060675298,0.11608276212236608,0.5996445798425997,0.2083015993907083
dixon_bivar_expected_awmae,4,0.75,0.03,1.75,0.5,-0.15,3.0237664894313476,1.0274815943132776,0.11398832190911398,0.6005331302361006,0.2055090124397055
dixon_bivar_expected_awmae,4,0.75,0.1,1.75,0.5,0.0,3.023770480227158,1.0282114749936533,0.11455953287636456,0.6009139375476009,0.20455699416095455
dixon_bivar_expected_awmae,4,0.25,0.1,1.75,0.5,-0.1,3.0237761515475463,1.0292904290429044,0.11506727595836506,0.60008885503935,0.20741304899720742
dixon_bivar_expected_awmae,5,1.0,0.1,1.75,0.5,-0.05,3.023809866501491,1.025990099009901,0.11443259710586444,0.6001523229246002,0.205001269357705
dixon_bivar_expected_awmae,5,0.5,0.0,1.75,0.5,-0.15,3.023908371853673,1.0257996953541508,0.11462300076161462,0.5994541761868495,0.20544554455445543
dixon_bivar_expected_awmae,4,0.25,0.06,1.75,0.5,-0.05,3.0239084085005,1.0293538969281544,0.11551155115511551,0.6007870017771008,0.2067149022594567
dixon_bivar_expected_awmae,4,0.25,0.03,1.75,0.5,-0.1,3.023996760304135,1.028941355674029,0.11449606499111449,0.6003427265803504,0.206016755521706
dixon_bivar_expected_awmae,4,0.5,0.1,1.75,0.5,0.0,3.0240465733448945,1.028973089616654,0.11449606499111449,0.6007870017771008,0.20544554455445543
dixon_bivar_expected_awmae,5,0.75,0.15,1.75,0.5,0.1,3.0241009215775385,1.027957603452653,0.11506727595836506,0.6011043412033511,0.2051916730134552
dixon_bivar_expected_awmae,4,0.5,0.03,1.75,0.5,-0.05,3.0241533849858713,1.0285922823051536,0.11392485402386393,0.6007870017771008,0.20436659050520437
dixon_bivar_expected_awmae,4,1.0,0.0,1.75,0.5,-0.1,3.0243112287043474,1.0267517136329019,0.11284589997461285,0.6007870017771008,0.20265295760345264
dixon_bivar_expected_awmae,5,0.75,0.0,1.75,0.5,-0.05,3.02441826429718,1.0264661081492765,0.11538461538461539,0.6012947448591013,0.2055090124397055
dixon_bivar_expected_awmae,5,1.0,0.0,1.75,0.5,0.0,3.0244232665584208,1.0259266311246509,0.11449606499111449,0.6016755521706016,0.2036049758822036
dixon_bivar_expected_awmae,5,0.25,0.1,1.75,0.5,-0.05,3.0244620357644934,1.0284336125920284,0.11494034018786493,0.6002792586951002,0.20703224168570702
dixon_bivar_expected_awmae,5,0.0,0.06,1.75,0.5,-0.15,3.024468218924287,1.028052805280528,0.11538461538461539,0.5988829652195988,0.20804772784970804
dixon_bivar_expected_awmae,5,1.0,0.0,1.75,0.5,-0.1,3.024481079924109,1.0251650165016502,0.11417872556486418,0.6005331302361006,0.20443005839045442
dixon_bivar_expected_awmae,5,0.5,0.03,1.75,0.5,0.0,3.024489687875588,1.028052805280528,0.11462300076161462,0.6011043412033511,0.2048743335872049
dixon_bivar_expected_awmae,5,0.0,0.1,1.75,0.5,-0.05,3.024512672821857,1.0292269611576543,0.11608276212236608,0.5998984513835999,0.2076034526529576
dixon_bivar_expected_awmae,5,1.0,0.0,1.75,0.5,0.05,3.0245186304973415,1.0265613099771516,0.11436912922061437,0.6022467631378522,0.20347804011170348
dixon_bivar_expected_awmae,4,0.25,0.06,1.75,0.5,-0.1,3.0245681038904766,1.0286874841330287,0.11506727595836506,0.5995811119573495,0.2063975628332064
dixon_bivar_expected_awmae,4,0.25,0.0,1.75,0.5,-0.15,3.024613846580392,1.0282749428789033,0.11455953287636456,0.5995811119573495,0.20620715917745622
dixon_bivar_expected_awmae,5,0.25,0.0,1.75,0.5,-0.05,3.024623530957283,1.028116273165778,0.11487687230261488,0.6005331302361006,0.20614369129220614
dixon_bivar_expected_awmae,5,0.75,0.1,1.75,0.5,0.05,3.0246798431479642,1.027830667682153,0.11474993653211475,0.6012947448591013,0.20493780147245494
dixon_bivar_expected_awmae,4,0.75,0.15,1.75,0.5,0.05,3.0247304658438168,1.029100025387154,0.11424219345011424,0.6008504696623509,0.20455699416095455
dixon_bivar_expected_awmae,4,0.0,0.15,1.75,0.5,0.0,3.024769697445872,1.0310357958872811,0.1164001015486164,0.6001523229246002,0.20779385630870778
dixon_bivar_expected_awmae,4,0.75,0.0,1.75,0.5,-0.1,3.024785734785662,1.027798933739528,0.11354404671236354,0.6006600660066007,0.20436659050520437
dixon_bivar_expected_awmae,4,0.5,0.06,1.75,0.5,0.0,3.0248552894592,1.029068291444529,0.11455953287636456,0.6010408733181011,0.2048743335872049
dixon_bivar_expected_awmae,4,0.5,0.03,1.75,0.5,-0.15,3.024883327120293,1.0272277227722773,0.11405178979436405,0.5992637725310993,0.205001269357705
dixon_bivar_expected_awmae,5,0.0,0.03,1.75,0.5,-0.15,3.0249692158230985,1.0283701447067783,0.11557501904036557,0.5995811119573495,0.2083015993907083
dixon_bivar_expected_awmae,4,0.0,0.1,1.75,0.5,-0.15,3.025191306632767,1.0293856308707794,0.11506727595836506,0.5981213505965981,0.20766692053820768
dixon_bivar_expected_awmae,4,0.25,0.0,1.75,0.5,-0.1,3.0252713312189643,1.0293538969281544,0.11449606499111449,0.6006600660066007,0.20595328763645596
dixon_bivar_expected_awmae,5,0.75,0.03,1.75,0.5,-0.05,3.025304002023078,1.0266882457476516,0.11506727595836506,0.6006600660066007,0.2051916730134552
dixon_bivar_expected_awmae,4,1.0,0.06,1.75,0.5,0.05,3.0253646032093706,1.029131759329779,0.11348057882711349,0.6023736989083524,0.20277989337395277
dixon_bivar_expected_awmae,5,0.5,0.15,1.75,0.5,0.1,3.0253807926428897,1.028909621731404,0.11417872556486418,0.6005331302361006,0.20462046204620463
dixon_bivar_expected_awmae,4,1.0,0.15,1.75,0.25,-0.1,3.0255093642877626,1.0258948971820259,0.10884742320385885,0.6007870017771008,0.1997969027671998
dixon_bivar_expected_awmae,4,0.0,0.15,1.75,0.5,0.05,3.0255135955148758,1.0315435389692815,0.11659050520436659,0.6010408733181011,0.2069053059152069
dixon_bivar_expected_awmae,4,1.0,0.15,1.75,0.25,-0.05,3.0255169568437226,1.0260535668951511,0.1084031480071084,0.6007870017771008,0.1994160954556994
dixon_bivar_expected_awmae,4,0.0,0.1,1.75,0.5,-0.05,3.0256087131261027,1.0304328509774054,0.11646356943386646,0.6000253871541,0.2079207920792079
dixon_bivar_expected_awmae,4,0.5,0.0,1.75,0.5,-0.05,3.0256539914449263,1.0285922823051536,0.11449606499111449,0.6008504696623509,0.20423965473470423
dixon_bivar_expected_awmae,5,0.25,0.15,1.75,0.5,0.1,3.0256842084922146,1.0293221629855294,0.11532114749936533,0.6002792586951002,0.20512820512820512
dixon_bivar_expected_awmae,5,0.0,0.06,1.75,0.5,-0.1,3.0257536346656955,1.028941355674029,0.11595582635186595,0.5997715156130998,0.20804772784970804
dixon_bivar_expected_awmae,4,1.0,0.15,1.75,0.25,-0.15,3.025837103994878,1.0255140898705255,0.10897435897435898,0.6002157908098502,0.20017771007870017
dixon_bivar_expected_awmae,4,1.0,0.15,1.75,0.5,0.1,3.0258709879285943,1.030052043665905,0.11265549631886265,0.601992891596852,0.20277989337395277
dixon_bivar_expected_awmae,5,0.25,0.1,1.75,0.5,0.05,3.0258828636175727,1.0292904290429044,0.11513074384361513,0.6007235338918507,0.20544554455445543
dixon_bivar_expected_awmae,4,0.5,0.0,1.75,0.5,-0.15,3.0259814342880857,1.027894135567403,0.11386138613861387,0.6000253871541,0.20493780147245494
dixon_bivar_expected_awmae,4,0.5,0.03,1.75,0.5,0.0,3.0260254567999723,1.0293221629855294,0.11436912922061437,0.6011043412033511,0.2043031226199543
dixon_bivar_expected_awmae,4,0.25,0.03,1.75,0.5,-0.05,3.0260597588435534,1.0297981721249048,0.11506727595836506,0.6007870017771008,0.20588981975120588
dixon_bivar_expected_awmae,5,1.0,0.15,1.75,0.5,0.15,3.026062464648394,1.0286240162477787,0.1137979182533638,0.6021832952526022,0.20316070068545317
dixon_bivar_expected_awmae,4,0.5,0.15,1.75,0.5,0.05,3.0260909951715114,1.0297981721249048,0.11462300076161462,0.6004696623508504,0.20538207666920538
dixon_bivar_expected_awmae,5,0.75,0.03,1.75,0.5,0.0,3.0260986428759837,1.0277671997969027,0.11481340441736482,0.6016120842853516,0.20538207666920538
dixon_bivar_expected_awmae,4,1.0,0.1,1.75,0.5,0.1,3.0262013159662806,1.0298299060675298,0.11278243208936278,0.6021832952526022,0.20246255394770246
dixon_bivar_expected_awmae,4,0.75,0.0,1.75,0.5,-0.05,3.026224014621687,1.0285288144199036,0.11367098248286367,0.6012947448591013,0.20392231530845392
dixon_bivar_expected_awmae,5,1.0,0.06,1.75,0.5,0.15,3.026272237450614,1.0283066768215283,0.11354404671236354,0.6026910383346027,0.20246255394770246
dixon_bivar_expected_awmae,5,0.5,0.0,1.75,0.5,-0.05,3.0263321596170916,1.027957603452653,0.11455953287636456,0.6009139375476009,0.20506473724295507
dixon_bivar_expected_awmae,4,1.0,0.15,1.75,0.25,0.0,3.0263449955780692,1.0267517136329019,0.10865701954810866,0.6014216806296014,0.19998730642294998
dixon_bivar_expected_awmae,5,0.75,0.1,1.75,0.5,0.1,3.0264059978166133,1.0287192180756537,0.115003808073115,0.601992891596852,0.20443005839045442
dixon_bivar_expected_awmae,5,0.0,0.03,1.75,0.5,-0.1,3.0264185643800743,1.029004823559279,0.11551155115511551,0.5997080477278497,0.20779385630870778
dixon_bivar_expected_awmae,4,0.75,0.03,1.75,0.5,-0.05,3.0264454015566726,1.0285605483625286,0.1137979182533638,0.6007870017771008,0.2041127189642041
dixon_bivar_expected_awmae,4,0.25,0.15,1.75,0.5,0.1,3.0264895632173796,1.0306867225184058,0.1157019548108657,0.6004061944656004,0.20531860878395533
dixon_bivar_expected_awmae,5,0.25,0.06,1.75,0.5,0.0,3.0265213329254466,1.029100025387154,0.11506727595836506,0.6006600660066007,0.20627062706270627
dixon_bivar_expected_awmae,4,0.75,0.06,1.75,0.5,-0.05,3.0265585074858694,1.0285922823051536,0.11436912922061437,0.6007870017771008,0.2048108657019548
dixon_bivar_expected_awmae,4,0.25,0.1,1.75,0.5,0.0,3.0265851530275163,1.0304645849200305,0.11513074384361513,0.6006600660066007,0.2063975628332064
dixon_bivar_expected_awmae,4,1.0,0.15,1.75,0.0,-0.15,3.026617050469987,1.0251650165016502,0.1066895151053567,0.6010408733181011,0.19916222391469915
dixon_bivar_expected_awmae,4,0.0,0.1,1.75,0.5,0.0,3.0266338769845476,1.0315118050266565,0.11614623000761615,0.6007235338918507,0.20722264534145723
dixon_bivar_expected_awmae,5,1.0,0.06,1.75,0.5,0.1,3.0266374791834774,1.0277037319116527,0.11386138613861387,0.6022467631378522,0.20271642548870272
dixon_bivar_expected_awmae,5,0.25,0.15,1.75,0.5,0.15,3.0267257628765956,1.0306549885757808,0.11474993653211475,0.6010408733181011,0.20474739781670476
dixon_bivar_expected_awmae,5,0.0,0.06,1.75,0.5,0.0,3.027017792487943,1.029988575780655,0.11652703731911652,0.6009139375476009,0.20728611322670729
dixon_bivar_expected_awmae,4,1.0,0.0,1.75,0.5,0.05,3.0271282540448867,1.028973089616654,0.11252856054836252,0.6024371667936025,0.20112972835745113
dixon_bivar_expected_awmae,5,0.75,0.03,1.75,0.5,0.05,3.027152681282289,1.0284336125920284,0.11443259710586444,0.6017390200558518,0.2043031226199543
dixon_bivar_expected_awmae,5,1.0,0.1,1.75,0.5,0.15,3.027265824196967,1.0288461538461537,0.1136075145976136,0.6025641025641025,0.20322416857070322
dixon_bivar_expected_awmae,5,0.5,0.06,1.75,0.5,0.05,3.0272704111231628,1.0292269611576543,0.11392485402386393,0.6006600660066007,0.2044935262757045
dixon_bivar_expected_awmae,4,0.0,0.06,1.75,0.5,-0.1,3.027344110354754,1.0305915206905305,0.11513074384361513,0.5996445798425997,0.20734958111195734
dixon_bivar_expected_awmae,4,0.75,0.15,1.75,0.25,0.0,3.027357699200617,1.026973851231277,0.10929169840060929,0.6006600660066007,0.20036811373445038
dixon_bivar_expected_awmae,4,0.75,0.15,1.75,0.0,-0.15,3.027362994831685,1.0253554201574004,0.10611830413810612,0.6005965981213506,0.19986037065244985
dixon_bivar_expected_awmae,4,0.25,0.15,1.75,0.25,-0.15,3.027414776854456,1.0274498603706526,0.11284589997461285,0.5993272404163493,0.205001269357705
dixon_bivar_expected_awmae,4,0.5,0.15,1.75,0.25,-0.15,3.027429742762099,1.0262757044935262,0.11227468900736227,0.5992637725310993,0.2043031226199543
dixon_bivar_expected_awmae,5,0.5,0.0,1.75,0.5,0.0,3.02743075520146,1.0285922823051536,0.11424219345011424,0.6007870017771008,0.20423965473470423
dixon_bivar_expected_awmae,5,1.0,0.03,1.75,0.5,0.15,3.027447015708032,1.0288144199035287,0.11335364305661336,0.6028179741051028,0.2017009393247017
dixon_bivar_expected_awmae,5,0.75,0.0,1.75,0.5,0.0,3.0275132200756985,1.0275133282559026,0.11468646864686469,0.6012312769738513,0.20455699416095455
dixon_bivar_expected_awmae,5,0.0,0.06,1.75,0.5,-0.05,3.027533786370099,1.0297981721249048,0.11614623000761615,0.59996191926885,0.20766692053820768
dixon_bivar_expected_awmae,5,0.0,0.1,1.75,0.5,0.05,3.0275514826587084,1.0305597867479055,0.11608276212236608,0.6005331302361006,0.20588981975120588
dixon_bivar_expected_awmae,5,0.5,0.1,1.75,0.5,0.1,3.0275610159084723,1.0297347042396547,0.11443259710586444,0.6011043412033511,0.20474739781670476
dixon_bivar_expected_awmae,4,1.0,0.15,1.75,0.25,0.05,3.027583518243264,1.0273229246001523,0.10884742320385885,0.6015486164001016,0.20005077430820006
dixon_bivar_expected_awmae,4,0.75,0.15,1.75,0.0,-0.1,3.0276000217692767,1.0256092916984005,0.10592790048235592,0.6004696623508504,0.19928915968519928
dixon_bivar_expected_awmae,5,1.0,0.0,1.75,0.5,0.1,3.0277237075469126,1.028021071337903,0.11373445036811373,0.6027545062198527,0.2025894897182026
dixon_bivar_expected_awmae,4,0.25,0.06,1.75,0.5,0.0,3.0277487477495955,1.0306867225184058,0.1151942117288652,0.6007870017771008,0.20563594821020564
dixon_bivar_expected_awmae,5,0.0,0.0,1.75,0.5,-0.05,3.027795810470593,1.0296395024117797,0.11614623000761615,0.6009139375476009,0.2076034526529576
dixon_bivar_expected_awmae,5,0.0,0.0,1.75,0.5,-0.15,3.027800873041756,1.029036557501904,0.1157019548108657,0.5998349834983498,0.20836506727595835
dixon_bivar_expected_awmae,4,0.0,0.06,1.75,0.5,-0.15,3.0278960623451368,1.0302424473216552,0.11494034018786493,0.599009900990099,0.20773038842345773
dixon_bivar_expected_awmae,4,0.5,0.1,1.75,0.25,-0.1,3.0279350577399433,1.0268151815181519,0.11164001015486164,0.6005965981213506,0.20341457222645343
dixon_bivar_expected_awmae,5,0.0,0.15,1.75,0.5,0.1,3.0279873825943233,1.031004061944656,0.11563848692561564,0.6000253871541,0.2051916730134552
dixon_bivar_expected_awmae,4,0.0,0.03,1.75,0.5,-0.05,3.028020592960535,1.0312261995430312,0.11557501904036557,0.6007870017771008,0.2070957095709571
dixon_bivar_expected_awmae,4,1.0,0.1,1.75,0.25,-0.15,3.028078227472251,1.0261487687230262,0.10897435897435898,0.6007235338918507,0.19986037065244985
dixon_bivar_expected_awmae,5,0.25,0.03,1.75,0.5,0.0,3.0280974467214663,1.0293856308707794,0.11487687230261488,0.6007870017771008,0.20531860878395533
dixon_bivar_expected_awmae,4,0.5,0.15,1.75,0.0,-0.1,3.0281323129886704,1.0258314292967758,0.10732419395785732,0.6006600660066007,0.20176440720995176
dixon_bivar_expected_awmae,5,0.0,0.03,1.75,0.5,-0.05,3.0282315263875113,1.0302424473216552,0.11576542269611577,0.6005331302361006,0.20747651688245747
dixon_bivar_expected_awmae,5,0.75,0.06,1.75,0.5,0.05,3.0282739016286664,1.0288144199035287,0.11430566133536431,0.6012312769738513,0.20417618684945418
dixon_bivar_expected_awmae,4,0.25,0.0,1.75,0.5,-0.05,3.0282870811326275,1.0304328509774054,0.11462300076161462,0.6005965981213506,0.20544554455445543
dixon_bivar_expected_awmae,4,0.0,0.15,1.75,0.25,-0.15,3.0283620605143473,1.028148007108403,0.11252856054836252,0.5988829652195988,0.20576288398070577
dixon_bivar_expected_awmae,4,0.5,0.15,1.75,0.25,-0.05,3.02839610034603,1.0271325209444022,0.1117034780401117,0.6005965981213506,0.20385884742320387
dixon_bivar_expected_awmae,4,1.0,0.0,1.75,0.5,0.1,3.0284130440720785,1.0298933739527798,0.11246509266311247,0.6029449098756029,0.2006854531607007
dixon_bivar_expected_awmae,4,0.25,0.15,1.75,0.5,0.15,3.0284715296649694,1.0320512820512822,0.11544808326986544,0.6012312769738513,0.205001269357705
dixon_bivar_expected_awmae,5,0.25,0.1,1.75,0.5,0.1,3.0285342694696804,1.0303693830921554,0.11468646864686469,0.6006600660066007,0.2048743335872049
dixon_bivar_expected_awmae,4,0.75,0.06,1.75,0.5,0.05,3.0285572451062683,1.0294490987560294,0.11417872556486418,0.6012947448591013,0.20341457222645343
dixon_bivar_expected_awmae,4,0.75,0.15,1.75,0.5,0.1,3.0286472333089853,1.0301789794364051,0.11417872556486418,0.6011043412033511,0.2036049758822036
dixon_bivar_expected_awmae,5,1.0,0.03,1.75,0.5,0.1,3.028656076797513,1.0283066768215283,0.1137979182533638,0.6023736989083524,0.20265295760345264
dixon_bivar_expected_awmae,4,0.75,0.1,1.75,0.5,0.05,3.0286616948370453,1.02995684183803,0.11417872556486418,0.6013582127443513,0.2037953795379538
dixon_bivar_expected_awmae,4,1.0,0.15,1.75,0.5,0.15,3.0286756494287568,1.0309723280020309,0.11252856054836252,0.6023736989083524,0.2023990860624524
dixon_bivar_expected_awmae,4,0.75,0.15,1.75,0.25,0.05,3.028706843439496,1.028021071337903,0.10960903782685961,0.6018024879411018,0.20055851739020056
dixon_bivar_expected_awmae,4,0.75,0.03,1.75,0.5,0.0,3.0287767512204966,1.0294490987560294,0.11398832190911398,0.6014216806296014,0.20404925107895405
dixon_bivar_expected_awmae,4,1.0,0.15,1.75,0.25,0.1,3.0287999792486695,1.0284653465346534,0.10884742320385885,0.6028179741051028,0.2004950495049505
dixon_bivar_expected_awmae,4,1.0,0.1,1.75,0.5,0.15,3.0288005746322915,1.0309088601167808,0.11233815689261234,0.6025641025641025,0.2017009393247017
dixon_bivar_expected_awmae,4,0.75,0.06,1.75,0.5,0.0,3.028813655394337,1.0295760345265297,0.11462300076161462,0.6014851485148515,0.20474739781670476
dixon_bivar_expected_awmae,5,0.75,0.15,1.75,0.5,0.15,3.0288914051981264,1.0298616400101548,0.11436912922061437,0.6015486164001016,0.20404925107895405
dixon_bivar_expected_awmae,4,0.5,0.15,1.75,0.5,0.1,3.0290168152307366,1.0311944656004062,0.11449606499111449,0.6009139375476009,0.205001269357705
dixon_bivar_expected_awmae,5,0.0,0.03,1.75,0.5,0.0,3.029020158436275,1.0303059152069054,0.11620969789286621,0.6005965981213506,0.20658796648895658
dixon_bivar_expected_awmae,4,1.0,0.03,1.75,0.5,0.1,3.029066275724307,1.0301789794364051,0.11271896420411272,0.6027545062198527,0.20176440720995176
dixon_bivar_expected_awmae,4,1.0,0.1,1.75,0.25,-0.1,3.029089054637807,1.0266247778624016,0.10814927646610815,0.6007870017771008,0.19897182025894897
dixon_bivar_expected_awmae,4,0.0,0.15,1.75,0.25,-0.1,3.0291725566929246,1.0285922823051536,0.11297283574511298,0.5996445798425997,0.20582635186595583
dixon_bivar_expected_awmae,4,0.0,0.03,1.75,0.5,-0.15,3.0291979945880896,1.0307501904036558,0.11532114749936533,0.5995811119573495,0.20779385630870778
dixon_bivar_expected_awmae,4,1.0,0.1,1.75,0.25,-0.05,3.0292253437411274,1.0273229246001523,0.10808580858085809,0.6013582127443513,0.19922569179994923
dixon_bivar_expected_awmae,4,0.75,0.15,1.75,0.25,-0.15,3.029273139836856,1.0261487687230262,0.11087839553186088,0.5991368367605991,0.20233561817720233
dixon_bivar_expected_awmae,4,0.0,0.06,1.75,0.5,-0.05,3.029347264687052,1.0314483371414065,0.1157019548108657,0.6000253871541,0.20722264534145723
dixon_bivar_expected_awmae,4,0.5,0.1,1.75,0.5,0.05,3.02936470506585,1.0309405940594059,0.11417872556486418,0.6007870017771008,0.2048108657019548
dixon_bivar_expected_awmae,4,0.0,0.03,1.75,0.5,-0.1,3.029373796980451,1.0308771261741558,0.115003808073115,0.5996445798425997,0.20696877380045697
dixon_bivar_expected_awmae,5,1.0,0.0,1.75,0.5,0.15,3.029378769267283,1.029131759329779,0.11316323940086316,0.6027545062198527,0.20112972835745113
dixon_bivar_expected_awmae,4,0.25,0.1,1.75,0.5,0.05,3.0294098199693473,1.0315752729119065,0.115003808073115,0.6007235338918507,0.20576288398070577
dixon_bivar_expected_awmae,4,0.75,0.15,1.75,0.25,0.1,3.0294287921968888,1.0287509520182787,0.10916476263010917,0.6021198273673521,0.20036811373445038
dixon_bivar_expected_awmae,5,0.0,0.0,1.75,0.5,-0.1,3.0294605164418873,1.0296712363544047,0.1157019548108657,0.59996191926885,0.20766692053820768
dixon_bivar_expected_awmae,4,0.0,0.06,1.75,0.5,0.0,3.029509209250859,1.0321147499365322,0.11627316577811628,0.6010408733181011,0.20728611322670729
dixon_bivar_expected_awmae,4,1.0,0.06,1.75,0.5,0.1,3.0295544035112,1.0303059152069054,0.11284589997461285,0.602056359482102,0.2018913429804519
dixon_bivar_expected_awmae,4,1.0,0.06,1.75,0.5,0.15,3.0296293334218944,1.0310675298299061,0.11265549631886265,0.6027545062198527,0.20157400355420158
dixon_bivar_expected_awmae,5,0.5,0.03,1.75,0.5,0.05,3.029757332092245,1.0301472454937801,0.11386138613861387,0.6009139375476009,0.2041127189642041
dixon_bivar_expected_awmae,4,0.5,0.15,1.75,0.0,-0.15,3.0298149301638024,1.0257679614115258,0.10738766184310738,0.5998349834983498,0.20246255394770246
dixon_bivar_expected_awmae,4,0.75,0.15,1.75,0.25,-0.05,3.029866409200042,1.0274498603706526,0.10967250571210967,0.60008885503935,0.20106626047220105
dixon_bivar_expected_awmae,4,0.5,0.15,1.75,0.25,0.0,3.0299296694945377,1.0277354658542777,0.11119573495811119,0.6002792586951002,0.20271642548870272
dixon_bivar_expected_awmae,5,0.25,0.06,1.75,0.5,0.05,3.029931255284084,1.0301789794364051,0.11481340441736482,0.6005965981213506,0.20544554455445543
dixon_bivar_expected_awmae,4,0.75,0.15,1.75,0.5,0.15,3.029950202276027,1.0310992637725311,0.11398832190911398,0.6018024879411018,0.2032876364559533
dixon_bivar_expected_awmae,5,0.75,0.1,1.75,0.5,0.15,3.030034457453532,1.03002030972328,0.11430566133536431,0.6021198273673521,0.2037953795379538
dixon_bivar_expected_awmae,4,0.5,0.0,1.75,0.5,0.0,3.030036772476709,1.0303693830921554,0.11354404671236354,0.6005331302361006,0.20322416857070322
dixon_bivar_expected_awmae,5,0.75,0.15,1.75,0.25,-0.1,3.03004380724898,1.0246890073622748,0.10967250571210967,0.6004061944656004,0.20074892104595074
dixon_bivar_expected_awmae,4,0.5,0.06,1.75,0.25,-0.15,3.0301677700550975,1.027005585173902,0.11119573495811119,0.6001523229246002,0.20233561817720233
dixon_bivar_expected_awmae,5,0.0,0.06,1.75,0.5,0.05,3.030261982591974,1.0312896674282812,0.11589235846661589,0.6005331302361006,0.20576288398070577
dixon_bivar_expected_awmae,4,1.0,0.03,1.75,0.5,0.15,3.030317016412619,1.0312579334856562,0.11227468900736227,0.6027545062198527,0.20087585681645087
dixon_bivar_expected_awmae,5,0.5,0.15,1.75,0.5,0.15,3.03033336046042,1.0308136582889058,0.11392485402386393,0.6011043412033511,0.20443005839045442
dixon_bivar_expected_awmae,4,1.0,0.1,1.75,0.25,0.0,3.0303603544053948,1.027798933739528,0.10808580858085809,0.6014851485148515,0.19928915968519928
dixon_bivar_expected_awmae,4,0.5,0.1,1.75,0.25,-0.15,3.030387655341753,1.0265930439197766,0.1117034780401117,0.5993907083015994,0.20284336125920285
dixon_bivar_expected_awmae,4,1.0,0.0,1.75,0.5,0.15,3.030403717589306,1.0306867225184058,0.11214775323686214,0.6025641025641025,0.19986037065244985
dixon_bivar_expected_awmae,4,1.0,0.1,1.75,0.25,0.05,3.0304466089380675,1.0285288144199036,0.1084031480071084,0.6026275704493527,0.19973343488194972
dixon_bivar_expected_awmae,4,0.5,0.15,1.75,0.25,-0.1,3.03045882042099,1.027069053059152,0.11195734958111196,0.5994541761868495,0.20335110434120335
dixon_bivar_expected_awmae,5,0.25,0.0,1.75,0.5,0.0,3.030469195420618,1.0297029702970297,0.11481340441736482,0.6005965981213506,0.20531860878395533
dixon_bivar_expected_awmae,4,0.5,0.06,1.75,0.5,0.05,3.0305069715399746,1.0312261995430312,0.11354404671236354,0.6008504696623509,0.20392231530845392
dixon_bivar_expected_awmae,5,0.5,0.15,1.75,0.25,-0.15,3.0305448862231907,1.0247207413048998,0.11100533130236101,0.5993272404163493,0.20271642548870272
dixon_bivar_expected_awmae,4,1.0,0.03,1.75,0.25,-0.15,3.0306152959091155,1.0266882457476516,0.1082127443513582,0.6007870017771008,0.19890835237369892
dixon_bivar_expected_awmae,5,0.25,0.1,1.75,0.5,0.15,3.030640472209123,1.0315118050266565,0.115003808073115,0.6011678090886011,0.2048108657019548
dixon_bivar_expected_awmae,4,0.25,0.03,1.75,0.5,0.0,3.030707457953054,1.0311627316577812,0.11525767961411526,0.6006600660066007,0.20544554455445543
dixon_bivar_expected_awmae,4,0.75,0.1,1.75,0.5,0.1,3.0308199798731064,1.0308136582889058,0.11367098248286367,0.6016755521706016,0.20322416857070322
dixon_bivar_expected_awmae,5,0.0,0.15,1.75,0.25,-0.15,3.030879066521044,1.0267834475755269,0.11164001015486164,0.599009900990099,0.20404925107895405
dixon_bivar_expected_awmae,4,0.75,0.15,1.75,0.25,-0.1,3.0310126698255537,1.0274181264280273,0.11011678090886012,0.60008885503935,0.20163747143945163
dixon_bivar_expected_awmae,4,0.75,0.0,1.75,0.5,0.0,3.0310344328014946,1.0303693830921554,0.11316323940086316,0.6014216806296014,0.20341457222645343
dixon_bivar_expected_awmae,4,1.0,0.06,1.75,0.25,-0.1,3.031102488936081,1.0274498603706526,0.1082127443513582,0.6011678090886011,0.19922569179994923
dixon_bivar_expected_awmae,5,0.5,0.1,1.75,0.5,0.15,3.031124983347829,1.0309088601167808,0.11462300076161462,0.6015486164001016,0.20443005839045442
dixon_bivar_expected_awmae,4,0.25,0.15,1.75,0.0,-0.15,3.0312130124904697,1.0277671997969027,0.1071972581873572,0.5997715156130998,0.20373191165270374
dixon_bivar_expected_awmae,4,1.0,0.06,1.75,0.25,-0.15,3.031238546145402,1.0271007870017772,0.10802234069560802,0.6008504696623509,0.19897182025894897
dixon_bivar_expected_awmae,4,0.25,0.1,1.75,0.5,0.1,3.0313044745988513,1.0325272911906576,0.11443259710586444,0.6006600660066007,0.20455699416095455
dixon_bivar_expected_awmae,5,0.75,0.06,1.75,0.5,0.1,3.031330291121851,1.0297981721249048,0.11430566133536431,0.6018659558263518,0.20417618684945418
dixon_bivar_expected_awmae,4,0.75,0.06,1.75,0.25,-0.15,3.0313623461444843,1.026878649403402,0.10967250571210967,0.6005965981213506,0.20024117796395025
dixon_bivar_expected_awmae,4,0.25,0.15,1.75,0.25,-0.1,3.031449428629139,1.0286557501904037,0.11316323940086316,0.5997080477278497,0.205001269357705
dixon_bivar_expected_awmae,4,0.75,0.03,1.75,0.5,0.05,3.031477696664143,1.0307184564610308,0.11386138613861387,0.6018659558263518,0.20354150799695353
dixon_bivar_expected_awmae,4,0.25,0.15,1.75,0.25,-0.05,3.0315307762368016,1.029163493272404,0.11252856054836252,0.60008885503935,0.2043031226199543
dixon_bivar_expected_awmae,5,0.25,0.15,1.75,0.25,-0.15,3.031543751823817,1.0261170347804012,0.11183041381061183,0.5991368367605991,0.20347804011170348
dixon_bivar_expected_awmae,4,0.5,0.15,1.75,0.25,0.05,3.0316139238445885,1.0284336125920284,0.11106879918761108,0.6009774054328509,0.20195481086570197
dixon_bivar_expected_awmae,5,0.75,0.03,1.75,0.5,0.1,3.031675217200417,1.0298616400101548,0.11417872556486418,0.601929423711602,0.2036049758822036
dixon_bivar_expected_awmae,4,0.75,0.1,1.75,0.5,0.15,3.0317056851023043,1.0317656765676568,0.11335364305661336,0.6023102310231023,0.20284336125920285
dixon_bivar_expected_awmae,5,0.0,0.03,1.75,0.5,0.05,3.031734904799004,1.0318926123381569,0.11576542269611577,0.6007870017771008,0.20620715917745622
dixon_bivar_expected_awmae,5,0.25,0.03,1.75,0.5,0.05,3.031767564438257,1.0308136582889058,0.11430566133536431,0.6004061944656004,0.20462046204620463
dixon_bivar_expected_awmae,4,1.0,0.15,1.75,0.25,0.15,3.0317761952560933,1.0292904290429044,0.10827621223660827,0.6025641025641025,0.19928915968519928
dixon_bivar_expected_awmae,4,0.0,0.1,1.75,0.5,0.05,3.03178203977893,1.033003300330033,0.11589235846661589,0.6001523229246002,0.20614369129220614
dixon_bivar_expected_awmae,4,0.0,0.0,1.75,0.5,-0.15,3.031796724452486,1.0315118050266565,0.11525767961411526,0.5997715156130998,0.20741304899720742
dixon_bivar_expected_awmae,4,0.0,0.15,1.75,0.5,0.1,3.0318048456907793,1.033003300330033,0.11608276212236608,0.60008885503935,0.20538207666920538
dixon_bivar_expected_awmae,4,0.5,0.03,1.75,0.5,0.05,3.031806772671329,1.0313214013709062,0.11386138613861387,0.6009774054328509,0.2036049758822036
dixon_bivar_expected_awmae,4,0.0,0.0,1.75,0.5,-0.05,3.0318399209514175,1.0317974105102818,0.11544808326986544,0.6007870017771008,0.20652449860370653
dixon_bivar_expected_awmae,5,0.0,0.1,1.75,0.5,0.1,3.0318406423953803,1.0322099517644072,0.11544808326986544,0.6004061944656004,0.20493780147245494
dixon_bivar_expected_awmae,4,0.75,0.15,1.75,0.0,0.05,3.0319291861619404,1.0272911906575273,0.10656257933485656,0.601929423711602,0.19852754506219852
dixon_bivar_expected_awmae,5,0.5,0.06,1.75,0.5,0.1,3.0319594947060096,1.0308771261741558,0.11392485402386393,0.6010408733181011,0.20417618684945418
dixon_bivar_expected_awmae,4,0.75,0.1,1.75,0.25,-0.05,3.031987225812084,1.0277671997969027,0.10954556994160955,0.6005965981213506,0.20017771007870017
dixon_bivar_expected_awmae,5,0.75,0.15,1.75,0.25,-0.15,3.0319962055390826,1.025006346788525,0.10954556994160955,0.5995176440720995,0.20043158161970043
dixon_bivar_expected_awmae,4,0.75,0.06,1.75,0.5,0.1,3.0320825849730912,1.0311309977151562,0.1137979182533638,0.6018659558263518,0.20316070068545317
dixon_bivar_expected_awmae,5,0.25,0.06,1.75,0.5,0.1,3.0321139986088816,1.0313214013709062,0.11474993653211475,0.6011678090886011,0.20474739781670476
dixon_bivar_expected_awmae,4,1.0,0.15,1.75,0.0,-0.1,3.0321724660018226,1.026878649403402,0.10573749682660574,0.6009139375476009,0.19795633409494795
dixon_bivar_expected_awmae,4,1.0,0.0,1.75,0.25,-0.15,3.0322169460881034,1.0271959888296522,0.10814927646610815,0.6011678090886011,0.19884488448844884
dixon_bivar_expected_awmae,4,0.0,0.15,1.75,0.25,-0.05,3.0322778341531604,1.0297347042396547,0.11278243208936278,0.5996445798425997,0.205001269357705
dixon_bivar_expected_awmae,5,0.5,0.0,1.75,0.5,0.05,3.032283636955195,1.0305280528052805,0.11386138613861387,0.6011678090886011,0.20385884742320387
dixon_bivar_expected_awmae,5,0.75,0.15,1.75,0.25,0.0,3.032291863403425,1.0261487687230262,0.10941863417110942,0.6009139375476009,0.1997969027671998
dixon_bivar_expected_awmae,4,0.75,0.15,1.75,0.0,-0.05,3.032354362402049,1.027037319116527,0.10548362528560548,0.6005331302361006,0.19827367352119826
dixon_bivar_expected_awmae,4,0.0,0.15,1.75,0.0,-0.15,3.032445511094866,1.0294808326986544,0.10726072607260725,0.5993907083015994,0.2048743335872049
dixon_bivar_expected_awmae,4,1.0,0.06,1.75,0.25,-0.05,3.0324705826702982,1.027925869510028,0.10865701954810866,0.6016755521706016,0.19897182025894897
dixon_bivar_expected_awmae,5,0.75,0.0,1.75,0.5,0.05,3.032483770068492,1.0292904290429044,0.11436912922061437,0.6016120842853516,0.20398578319370397
dixon_bivar_expected_awmae,5,0.5,0.03,1.75,0.5,0.1,3.032512415148739,1.0311627316577812,0.1137979182533638,0.6013582127443513,0.2036049758822036
dixon_bivar_expected_awmae,4,0.25,0.06,1.75,0.5,0.05,3.0325442829419083,1.0321147499365322,0.11481340441736482,0.6005331302361006,0.20468392993145468
dixon_bivar_expected_awmae,4,0.0,0.06,1.75,0.5,0.05,3.0325968523675666,1.033098502157908,0.11595582635186595,0.6005331302361006,0.20620715917745622
dixon_bivar_expected_awmae,5,0.75,0.06,1.75,0.5,0.15,3.032627190111163,1.0307819243462808,0.11392485402386393,0.601992891596852,0.20347804011170348
dixon_bivar_expected_awmae,5,0.0,0.0,1.75,0.5,0.0,3.032665205407698,1.0310357958872811,0.11589235846661589,0.6002792586951002,0.20620715917745622
dixon_bivar_expected_awmae,5,0.5,0.15,1.75,0.25,-0.1,3.0327142161373493,1.0256727595836506,0.11100533130236101,0.5995811119573495,0.20271642548870272
dixon_bivar_expected_awmae,4,0.25,0.03,1.75,0.5,0.05,3.0327663010698185,1.0322734196496572,0.11481340441736482,0.6007235338918507,0.2044935262757045
dixon_bivar_expected_awmae,4,0.75,0.1,1.75,0.25,-0.1,3.0327871386597467,1.0277354658542777,0.10967250571210967,0.6002157908098502,0.2004950495049505
dixon_bivar_expected_awmae,5,0.0,0.15,1.75,0.5,0.15,3.0327917703499274,1.0327494287890326,0.11506727595836506,0.6000253871541,0.20462046204620463
dixon_bivar_expected_awmae,5,0.75,0.15,1.75,0.25,-0.05,3.032808740757959,1.0255775577557755,0.10897435897435898,0.6000253871541,0.19973343488194972
dixon_bivar_expected_awmae,4,0.75,0.1,1.75,0.25,-0.15,3.0329013343816538,1.0274498603706526,0.10986290936785986,0.5998349834983498,0.201002792586951
dixon_bivar_expected_awmae,4,1.0,0.1,1.75,0.25,0.15,3.0329192396793645,1.02995684183803,0.10802234069560802,0.6032622493018532,0.19903528814419905
dixon_bivar_expected_awmae,4,1.0,0.0,1.75,0.25,-0.1,3.0330033067761204,1.0276402640264026,0.1084031480071084,0.6018024879411018,0.19865448083269865
dixon_bivar_expected_awmae,4,0.5,0.1,1.75,0.5,0.1,3.0330158530932314,1.0327494287890326,0.11392485402386393,0.6013582127443513,0.20462046204620463
dixon_bivar_expected_awmae,5,0.75,0.0,1.75,0.5,0.1,3.0330634162129275,1.0301472454937801,0.11424219345011424,0.6021832952526022,0.20366844376745366
dixon_bivar_expected_awmae,4,0.0,0.0,1.75,0.5,-0.1,3.033071953539011,1.0320830159939072,0.1151942117288652,0.6000253871541,0.20722264534145723
dixon_bivar_expected_awmae,4,1.0,0.03,1.75,0.25,-0.1,3.033106725284226,1.0277354658542777,0.10846661589235847,0.6015486164001016,0.19897182025894897
dixon_bivar_expected_awmae,5,0.75,0.1,1.75,0.25,-0.15,3.033209468105759,1.0255458238131505,0.10878395531860878,0.6003427265803504,0.19966996699669967
dixon_bivar_expected_awmae,4,0.5,0.15,1.75,0.0,0.0,3.033316199331733,1.0276719979690276,0.10554709317085555,0.6005965981213506,0.19878141660319879
dixon_bivar_expected_awmae,4,0.0,0.1,1.75,0.25,-0.15,3.033342579719886,1.0295443005839044,0.11271896420411272,0.5994541761868495,0.20531860878395533
dixon_bivar_expected_awmae,4,1.0,0.06,1.75,0.25,0.0,3.0333961104566494,1.0284653465346534,0.1078954049251079,0.6016755521706016,0.19878141660319879
dixon_bivar_expected_awmae,5,0.75,0.0,1.75,0.5,0.15,3.033533355345621,1.0304328509774054,0.11411525767961411,0.6021832952526022,0.2025894897182026
dixon_bivar_expected_awmae,5,1.0,0.15,1.75,0.25,-0.1,3.0335878572778103,1.0257679614115258,0.10707032241685707,0.6007870017771008,0.19795633409494795
dixon_bivar_expected_awmae,4,0.25,0.15,1.75,0.25,0.0,3.0336120609483133,1.03002030972328,0.11227468900736227,0.6002157908098502,0.20354150799695353
dixon_bivar_expected_awmae,4,0.25,0.1,1.75,0.5,0.15,3.0336398412605714,1.0334158415841583,0.11506727595836506,0.6011043412033511,0.20462046204620463
dixon_bivar_expected_awmae,4,0.5,0.0,1.75,0.5,0.05,3.033648983447108,1.0318291444529069,0.11367098248286367,0.6011678090886011,0.2030972328002031
dixon_bivar_expected_awmae,4,0.0,0.03,1.75,0.5,0.0,3.0336508025501367,1.0327494287890326,0.11538461538461539,0.6002792586951002,0.20582635186595583
dixon_bivar_expected_awmae,5,1.0,0.15,1.75,0.25,-0.15,3.0336608019092526,1.0252602183295252,0.10745112972835745,0.6001523229246002,0.19833714140644834
dixon_bivar_expected_awmae,4,0.75,0.06,1.75,0.25,-0.05,3.033681534971822,1.0284970804772784,0.10916476263010917,0.6010408733181011,0.1994160954556994
dixon_bivar_expected_awmae,4,0.75,0.03,1.75,0.25,-0.1,3.0337000127777087,1.028148007108403,0.1085935516628586,0.6009139375476009,0.19897182025894897
dixon_bivar_expected_awmae,5,0.0,0.15,1.75,0.25,-0.1,3.0337035624644417,1.027925869510028,0.11157654226961157,0.5993907083015994,0.20354150799695353
dixon_bivar_expected_awmae,4,0.5,0.15,1.75,0.0,-0.05,3.033709206662313,1.0273863924854023,0.1064991114496065,0.6004696623508504,0.20011424219345011
dixon_bivar_expected_awmae,4,0.5,0.1,1.75,0.25,-0.05,3.033770863991086,1.028148007108403,0.11144960649911145,0.6000253871541,0.20233561817720233
dixon_bivar_expected_awmae,4,1.0,0.03,1.75,0.25,-0.05,3.033776551842237,1.028116273165778,0.10802234069560802,0.6013582127443513,0.19814673775069816
dixon_bivar_expected_awmae,4,0.25,0.0,1.75,0.5,0.0,3.0337906234049297,1.0321782178217822,0.11430566133536431,0.6005331302361006,0.20468392993145468
dixon_bivar_expected_awmae,4,0.75,0.15,1.75,0.0,0.1,3.03380417498362,1.0277354658542777,0.10656257933485656,0.601929423711602,0.19801980198019803
dixon_bivar_expected_awmae,4,0.25,0.15,1.75,0.0,0.0,3.033805181815933,1.0288144199035287,0.10624523990860625,0.6006600660066007,0.2006854531607007
dixon_bivar_expected_awmae,5,0.75,0.03,1.75,0.5,0.15,3.0338242006299483,1.0310992637725311,0.11386138613861387,0.6023102310231023,0.2030972328002031
dixon_bivar_expected_awmae,4,0.0,0.15,1.75,0.25,0.0,3.0338381396093554,1.0303059152069054,0.11322670728611323,0.5997715156130998,0.2048743335872049
dixon_bivar_expected_awmae,5,0.25,0.0,1.75,0.5,0.05,3.033838340281386,1.0312261995430312,0.11449606499111449,0.6007870017771008,0.20455699416095455
dixon_bivar_expected_awmae,4,0.75,0.03,1.75,0.25,-0.15,3.033866987923653,1.0273546585427773,0.1085935516628586,0.6000253871541,0.19922569179994923
dixon_bivar_expected_awmae,4,0.75,0.1,1.75,0.25,0.0,3.0339028201793914,1.0295125666412794,0.10922823051535922,0.6018659558263518,0.2003046458492003
dixon_bivar_expected_awmae,4,0.75,0.1,1.75,0.0,-0.15,3.0339170550334122,1.027037319116527,0.10618177202335619,0.6004696623508504,0.1990987560294491
dixon_bivar_expected_awmae,4,0.25,0.15,1.75,0.0,-0.1,3.0339608270040372,1.0288461538461537,0.10656257933485656,0.5998349834983498,0.20233561817720233
dixon_bivar_expected_awmae,4,0.75,0.15,1.75,0.0,0.0,3.033969904736219,1.0276085300837776,0.10592790048235592,0.6013582127443513,0.19865448083269865
dixon_bivar_expected_awmae,5,0.75,0.15,1.75,0.25,0.05,3.0340893577384795,1.0266882457476516,0.10941863417110942,0.6014216806296014,0.19928915968519928
dixon_bivar_expected_awmae,4,0.75,0.15,1.75,0.25,0.15,3.0340955897943584,1.0298616400101548,0.10941863417110942,0.6022467631378522,0.20036811373445038
dixon_bivar_expected_awmae,5,1.0,0.1,1.75,0.25,-0.15,3.0341065630847153,1.0255775577557755,0.10757806549885758,0.6009139375476009,0.1984006092916984
dixon_bivar_expected_awmae,4,0.75,0.06,1.75,0.25,-0.1,3.034107786202075,1.027957603452653,0.10891089108910891,0.6002157908098502,0.19922569179994923
dixon_bivar_expected_awmae,5,0.0,0.1,1.75,0.5,0.15,3.034129623396257,1.0333206397562833,0.11506727595836506,0.6005965981213506,0.20392231530845392
dixon_bivar_expected_awmae,4,0.75,0.0,1.75,0.5,0.05,3.034134329673942,1.0311309977151562,0.1136075145976136,0.6018024879411018,0.20316070068545317
dixon_bivar_expected_awmae,4,0.75,0.03,1.75,0.5,0.15,3.034216772352856,1.0318926123381569,0.11367098248286367,0.6022467631378522,0.20227215029195228
dixon_bivar_expected_awmae,5,0.25,0.06,1.75,0.5,0.15,3.03424400746772,1.0326859609037826,0.11462300076161462,0.6015486164001016,0.20443005839045442
dixon_bivar_expected_awmae,4,1.0,0.15,1.75,0.0,0.0,3.0342538187918566,1.0282432089362783,0.1052932216298553,0.602056359482102,0.19656004061944657
dixon_bivar_expected_awmae,4,1.0,0.15,1.75,0.0,-0.05,3.0342545389976845,1.027957603452653,0.10497588220360497,0.6012312769738513,0.19656004061944657
dixon_bivar_expected_awmae,4,0.25,0.1,1.75,0.25,-0.15,3.034300055334466,1.029131759329779,0.11252856054836252,0.5993907083015994,0.20398578319370397
dixon_bivar_expected_awmae,4,0.5,0.1,1.75,0.0,-0.15,3.034320280621056,1.0272594567149023,0.10656257933485656,0.6006600660066007,0.20119319624270118
dixon_bivar_expected_awmae,4,0.5,0.1,1.75,0.25,0.0,3.034329877498545,1.0286874841330287,0.11132267072861132,0.6009774054328509,0.20214521452145215
dixon_bivar_expected_awmae,5,0.25,0.03,1.75,0.5,0.1,3.034343813592888,1.0317022086824068,0.11468646864686469,0.6008504696623509,0.20443005839045442
dixon_bivar_expected_awmae,4,0.5,0.15,1.75,0.0,0.1,3.0343844241951854,1.029195227215029,0.10516628585935517,0.6021198273673521,0.1985910129474486
dixon_bivar_expected_awmae,4,0.75,0.03,1.75,0.25,-0.05,3.03455259452981,1.028973089616654,0.10884742320385885,0.6017390200558518,0.19916222391469915
dixon_bivar_expected_awmae,4,0.25,0.1,1.75,0.25,-0.1,3.034557616262752,1.0297664381822798,0.11233815689261234,0.6001523229246002,0.20373191165270374
dixon_bivar_expected_awmae,5,0.0,0.06,1.75,0.5,0.15,3.0346788966925353,1.0337331810104087,0.11513074384361513,0.6014216806296014,0.20404925107895405
dixon_bivar_expected_awmae,5,1.0,0.15,1.75,0.25,0.0,3.0347129019311767,1.0265613099771516,0.10707032241685707,0.6009774054328509,0.19656004061944657
dixon_bivar_expected_awmae,4,0.25,0.15,1.75,0.0,-0.05,3.034720981664951,1.029163493272404,0.10662604722010663,0.6005331302361006,0.2022086824067022
dixon_bivar_expected_awmae,4,0.5,0.15,1.75,0.5,0.15,3.034760534663226,1.0327494287890326,0.11436912922061437,0.6009139375476009,0.2043031226199543
dixon_bivar_expected_awmae,5,0.75,0.1,1.75,0.25,-0.05,3.0348868787928325,1.0263709063214013,0.1085935516628586,0.6007235338918507,0.19903528814419905
dixon_bivar_expected_awmae,4,1.0,0.06,1.75,0.25,0.15,3.034890405608125,1.0306549885757808,0.10726072607260725,0.603008377760853,0.19801980198019803
dixon_bivar_expected_awmae,5,0.75,0.1,1.75,0.25,-0.1,3.0349553826013462,1.0262122366082762,0.10846661589235847,0.6000253871541,0.19903528814419905
dixon_bivar_expected_awmae,5,0.5,0.15,1.75,0.25,-0.05,3.0349660587448968,1.0263391723787763,0.11113226707286113,0.6000253871541,0.20227215029195228
dixon_bivar_expected_awmae,4,0.0,0.15,1.75,0.25,0.05,3.0349944771252115,1.0308136582889058,0.11341711094186342,0.6002157908098502,0.20443005839045442
dixon_bivar_expected_awmae,5,0.0,0.0,1.75,0.5,0.05,3.0350101485301963,1.032019548108657,0.1157019548108657,0.6004061944656004,0.20544554455445543
dixon_bivar_expected_awmae,5,0.25,0.15,1.75,0.25,-0.1,3.0350335045946006,1.0272911906575273,0.11195734958111196,0.5995811119573495,0.20341457222645343
dixon_bivar_expected_awmae,4,0.75,0.03,1.75,0.5,0.1,3.035051778855922,1.0318608783955319,0.1137979182533638,0.602056359482102,0.20303376491495304
dixon_bivar_expected_awmae,4,0.5,0.06,1.75,0.25,-0.1,3.035072656413236,1.028052805280528,0.11100533130236101,0.60008885503935,0.20176440720995176
dixon_bivar_expected_awmae,4,0.75,0.06,1.75,0.5,0.15,3.0351574701340027,1.0326542269611576,0.11303630363036303,0.6021832952526022,0.20227215029195228
dixon_bivar_expected_awmae,5,0.0,0.15,1.75,0.25,-0.05,3.0351766286750785,1.0283066768215283,0.1124016247778624,0.5997080477278497,0.20373191165270374
dixon_bivar_expected_awmae,4,0.75,0.1,1.75,0.25,0.15,3.035220307128989,1.0304011170347804,0.10903782685960904,0.6026275704493527,0.19954303122619954
dixon_bivar_expected_awmae,4,1.0,0.03,1.75,0.25,0.0,3.035260652650196,1.0295443005839044,0.1082127443513582,0.6024371667936025,0.1987179487179487
dixon_bivar_expected_awmae,4,0.75,0.06,1.75,0.25,0.0,3.035282505116258,1.029131759329779,0.10948210205635948,0.6014851485148515,0.19973343488194972
dixon_bivar_expected_awmae,5,0.0,0.06,1.75,0.5,0.1,3.035334121541392,1.0333206397562833,0.115003808073115,0.6005331302361006,0.20474739781670476
dixon_bivar_expected_awmae,4,0.25,0.15,1.75,0.0,0.05,3.0353462602343577,1.0298933739527798,0.1052932216298553,0.6009139375476009,0.19903528814419905
dixon_bivar_expected_awmae,5,1.0,0.15,1.75,0.25,0.1,3.0353808774823063,1.028084539223153,0.10757806549885758,0.6028814419903529,0.1975120588981975
dixon_bivar_expected_awmae,4,0.5,0.03,1.75,0.25,-0.15,3.03540752183146,1.0283384107641533,0.11062452399086062,0.6002792586951002,0.20106626047220105
dixon_bivar_expected_awmae,4,0.5,0.15,1.75,0.0,0.05,3.035437547652835,1.0287509520182787,0.10580096471185581,0.6016120842853516,0.19865448083269865
dixon_bivar_expected_awmae,4,1.0,0.1,1.75,0.25,0.1,3.0354686735617276,1.030052043665905,0.10764153338410765,0.6023102310231023,0.19878141660319879
dixon_bivar_expected_awmae,5,0.5,0.0,1.75,0.5,0.15,3.035469195580602,1.0321782178217822,0.11335364305661336,0.6018659558263518,0.20176440720995176
dixon_bivar_expected_awmae,4,0.25,0.15,1.75,0.25,0.05,3.0354798373374807,1.0303376491495304,0.11221122112211221,0.6002157908098502,0.20271642548870272
dixon_bivar_expected_awmae,5,0.75,0.1,1.75,0.25,0.0,3.0354987301487486,1.026973851231277,0.10916476263010917,0.6016120842853516,0.19935262757044936
dixon_bivar_expected_awmae,4,0.25,0.06,1.75,0.5,0.1,3.0355150598285,1.0332571718710333,0.11468646864686469,0.6008504696623509,0.20436659050520437
dixon_bivar_expected_awmae,4,0.75,0.0,1.75,0.25,-0.15,3.035537854994198,1.028021071337903,0.10872048743335871,0.6005331302361006,0.19960649911144962
dixon_bivar_expected_awmae,5,1.0,0.1,1.75,0.25,-0.1,3.0355419363821095,1.0268151815181519,0.1063087077938563,0.6006600660066007,0.1968139121604468
dixon_bivar_expected_awmae,4,0.75,0.1,1.75,0.0,-0.1,3.0356012338376432,1.027862401624778,0.10554709317085555,0.6004696623508504,0.19801980198019803
dixon_bivar_expected_awmae,4,1.0,0.15,1.75,0.0,0.15,3.035607825187396,1.0292586951002793,0.10402386392485402,0.603071845646103,0.19465600406194467
dixon_bivar_expected_awmae,4,0.0,0.15,1.75,0.0,-0.1,3.035626529839515,1.0301789794364051,0.10687991876110688,0.5995811119573495,0.20354150799695353
dixon_bivar_expected_awmae,4,0.5,0.15,1.75,0.25,0.1,3.0356337273218235,1.0302741812642802,0.11037065244986037,0.6012947448591013,0.20176440720995176
dixon_bivar_expected_awmae,4,0.0,0.1,1.75,0.5,0.1,3.0356831746424886,1.0343995938055344,0.11557501904036557,0.6003427265803504,0.2051916730134552
dixon_bivar_expected_awmae,5,1.0,0.15,1.75,0.25,-0.05,3.035725203896273,1.0263709063214013,0.10643564356435643,0.6005331302361006,0.19656004061944657
dixon_bivar_expected_awmae,5,0.5,0.0,1.75,0.5,0.1,3.035792910060357,1.0317974105102818,0.1137979182533638,0.6014851485148515,0.20297029702970298
dixon_bivar_expected_awmae,4,0.75,0.1,1.75,0.25,0.05,3.0358342915660494,1.02995684183803,0.1091012947448591,0.6018024879411018,0.19960649911144962
dixon_bivar_expected_awmae,5,1.0,0.15,1.75,0.25,0.15,3.035840791641488,1.027989337395278,0.10738766184310738,0.6027545062198527,0.1968139121604468
dixon_bivar_expected_awmae,5,0.75,0.06,1.75,0.25,-0.15,3.0358567894658703,1.0261170347804012,0.10814927646610815,0.6001523229246002,0.19884488448844884
dixon_bivar_expected_awmae,4,0.0,0.15,1.75,0.5,0.15,3.035873400695368,1.0345899974612847,0.11551155115511551,0.6000253871541,0.20474739781670476
dixon_bivar_expected_awmae,5,0.25,0.15,1.75,0.25,-0.05,3.03587918690612,1.027989337395278,0.11221122112211221,0.6003427265803504,0.20335110434120335
dixon_bivar_expected_awmae,4,1.0,0.06,1.75,0.25,0.1,3.0358996936853786,1.0303376491495304,0.10751459761360752,0.6028814419903529,0.19808326986544808
dixon_bivar_expected_awmae,4,1.0,0.06,1.75,0.25,0.05,3.035929536752333,1.03002030972328,0.10770500126935771,0.6027545062198527,0.19878141660319879
dixon_bivar_expected_awmae,5,0.5,0.03,1.75,0.5,0.15,3.0359562832528857,1.0321782178217822,0.11367098248286367,0.6017390200558518,0.2025894897182026
dixon_bivar_expected_awmae,4,0.0,0.03,1.75,0.5,0.05,3.036024929565577,1.0337649149530337,0.11538461538461539,0.6004061944656004,0.2055090124397055
dixon_bivar_expected_awmae,4,1.0,0.03,1.75,0.25,0.1,3.036033812240817,1.0302741812642802,0.10770500126935771,0.6031987814166032,0.1982102056359482
dixon_bivar_expected_awmae,4,0.75,0.03,1.75,0.25,0.0,3.0360519928951604,1.0296077684691547,0.10884742320385885,0.6018659558263518,0.19884488448844884
dixon_bivar_expected_awmae,5,0.25,0.1,1.75,0.25,-0.15,3.036063797532355,1.0273229246001523,0.1117034780401117,0.5997080477278497,0.20347804011170348
dixon_bivar_expected_awmae,5,1.0,0.15,1.75,0.25,0.05,3.036066423239364,1.0273229246001523,0.10745112972835745,0.6014851485148515,0.19687738004569688
dixon_bivar_expected_awmae,4,0.0,0.1,1.75,0.25,-0.1,3.0360707921639545,1.0302107133790301,0.11303630363036303,0.5994541761868495,0.2048108657019548
dixon_bivar_expected_awmae,5,0.5,0.06,1.75,0.25,-0.15,3.036132154511585,1.0258631632394009,0.11024371667936024,0.6002157908098502,0.2004950495049505
dixon_bivar_expected_awmae,4,0.75,0.0,1.75,0.5,0.1,3.036143570165706,1.0324003554201573,0.11335364305661336,0.6023736989083524,0.20271642548870272
dixon_bivar_expected_awmae,5,1.0,0.1,1.75,0.25,-0.05,3.0362050274382546,1.027037319116527,0.107006854531607,0.6014216806296014,0.19662350850469662
dixon_bivar_expected_awmae,5,0.0,0.1,1.75,0.25,-0.15,3.0362205424753146,1.0284018786494034,0.11138613861386139,0.5995811119573495,0.20335110434120335
dixon_bivar_expected_awmae,4,1.0,0.03,1.75,0.25,0.15,3.0362550921028997,1.0307184564610308,0.107006854531607,0.6028814419903529,0.19757552678344759
dixon_bivar_expected_awmae,5,0.75,0.15,1.75,0.25,0.1,3.0362552187201013,1.028021071337903,0.1091012947448591,0.602056359482102,0.19897182025894897
dixon_bivar_expected_awmae,4,0.75,0.0,1.75,0.25,-0.05,3.036260310893332,1.029195227215029,0.10884742320385885,0.6017390200558518,0.19903528814419905
dixon_bivar_expected_awmae,5,0.75,0.06,1.75,0.25,-0.05,3.0362633940892567,1.027037319116527,0.10865701954810866,0.6018024879411018,0.1987179487179487
dixon_bivar_expected_awmae,4,0.5,0.1,1.75,0.0,-0.1,3.0362669487102294,1.0274815943132776,0.10656257933485656,0.6004061944656004,0.19966996699669967
dixon_bivar_expected_awmae,5,0.5,0.1,1.75,0.25,-0.15,3.036283931337098,1.0263391723787763,0.1104975882203605,0.5996445798425997,0.20093932470170095
dixon_bivar_expected_awmae,4,0.25,0.1,1.75,0.25,-0.05,3.0363204452129056,1.0302424473216552,0.11227468900736227,0.6002157908098502,0.20341457222645343
dixon_bivar_expected_awmae,5,0.0,0.03,1.75,0.5,0.1,3.036320879404716,1.0334475755267833,0.11544808326986544,0.6007870017771008,0.2051916730134552
dixon_bivar_expected_awmae,5,0.75,0.06,1.75,0.25,-0.1,3.0363616005724725,1.0264661081492765,0.10808580858085809,0.6006600660066007,0.19833714140644834
dixon_bivar_expected_awmae,5,0.5,0.06,1.75,0.5,0.15,3.036374768776297,1.0323051535922823,0.11367098248286367,0.6014851485148515,0.20316070068545317
dixon_bivar_expected_awmae,4,0.25,0.0,1.75,0.5,0.05,3.0364252797443183,1.0331937039857833,0.11455953287636456,0.6008504696623509,0.20423965473470423
dixon_bivar_expected_awmae,5,0.75,0.15,1.75,0.25,0.15,3.036444265927541,1.0284653465346534,0.10916476263010917,0.6025641025641025,0.1994160954556994
dixon_bivar_expected_awmae,5,0.25,0.0,1.75,0.5,0.1,3.036462447783723,1.0323051535922823,0.11462300076161462,0.6011043412033511,0.20436659050520437
dixon_bivar_expected_awmae,4,1.0,0.0,1.75,0.25,0.0,3.036561050603944,1.0298299060675298,0.10770500126935771,0.6026910383346027,0.19808326986544808
dixon_bivar_expected_awmae,4,0.5,0.06,1.75,0.5,0.1,3.0365930293939396,1.0331937039857833,0.11335364305661336,0.6011678090886011,0.2032876364559533
dixon_bivar_expected_awmae,4,0.0,0.06,1.75,0.25,-0.15,3.0367485541478154,1.0305597867479055,0.11195734958111196,0.5993907083015994,0.2043031226199543
dixon_bivar_expected_awmae,4,1.0,0.0,1.75,0.25,0.1,3.036755429382211,1.0304328509774054,0.10764153338410765,0.6032622493018532,0.1977024625539477
dixon_bivar_expected_awmae,5,0.75,0.1,1.75,0.25,0.05,3.0368446219711096,1.027957603452653,0.10865701954810866,0.602056359482102,0.19878141660319879
dixon_bivar_expected_awmae,5,0.25,0.03,1.75,0.5,0.15,3.0369509752751367,1.0328128966742829,0.11462300076161462,0.6011678090886011,0.20392231530845392
dixon_bivar_expected_awmae,4,1.0,0.15,1.75,0.0,0.05,3.0369857793274844,1.028941355674029,0.10446813912160446,0.6018659558263518,0.19554455445544555
dixon_bivar_expected_awmae,4,0.75,0.0,1.75,0.5,0.15,3.0370196027603127,1.0325907590759076,0.11354404671236354,0.6021198273673521,0.2018913429804519
dixon_bivar_expected_awmae,4,0.5,0.03,1.75,0.5,0.1,3.037048679121045,1.0333206397562833,0.11373445036811373,0.6016120842853516,0.2030972328002031
dixon_bivar_expected_awmae,4,0.25,0.15,1.75,0.25,0.15,3.0371214391102814,1.0317656765676568,0.1117034780401117,0.6016755521706016,0.2022086824067022
dixon_bivar_expected_awmae,4,0.25,0.06,1.75,0.25,-0.1,3.0371295053155767,1.0302424473216552,0.11233815689261234,0.6003427265803504,0.20347804011170348
dixon_bivar_expected_awmae,4,0.0,0.0,1.75,0.5,0.0,3.037179156995882,1.0336379791825336,0.11513074384361513,0.6003427265803504,0.20557248032495556
dixon_bivar_expected_awmae,4,0.75,0.0,1.75,0.25,-0.1,3.037179509249283,1.0288144199035287,0.10872048743335871,0.6009774054328509,0.19903528814419905
dixon_bivar_expected_awmae,5,1.0,0.06,1.75,0.25,-0.15,3.0372041769847398,1.026973851231277,0.10745112972835745,0.6006600660066007,0.19833714140644834
dixon_bivar_expected_awmae,5,0.0,0.0,1.75,0.5,0.1,3.0372079359913693,1.0334475755267833,0.11551155115511551,0.6009139375476009,0.20512820512820512
dixon_bivar_expected_awmae,4,0.25,0.06,1.75,0.25,-0.15,3.037308738103319,1.0298616400101548,0.11208428535161208,0.5997715156130998,0.20341457222645343
dixon_bivar_expected_awmae,4,0.75,0.1,1.75,0.0,-0.05,3.037376888552269,1.0287509520182787,0.10542015740035542,0.6017390200558518,0.19782939832444782
dixon_bivar_expected_awmae,4,1.0,0.0,1.75,0.25,-0.05,3.0374345402375686,1.029068291444529,0.10795887281035796,0.6016755521706016,0.19808326986544808
dixon_bivar_expected_awmae,5,0.5,0.1,1.75,0.25,-0.1,3.0374957319856803,1.026942117288652,0.11043412033511044,0.6003427265803504,0.20112972835745113
dixon_bivar_expected_awmae,4,0.25,0.1,1.75,0.0,-0.05,3.037504994629907,1.0294490987560294,0.1066895151053567,0.6007870017771008,0.2006219852754506
dixon_bivar_expected_awmae,4,0.25,0.15,1.75,0.0,0.1,3.037537296292934,1.0309088601167808,0.1051028179741051,0.6016120842853516,0.19852754506219852
dixon_bivar_expected_awmae,4,0.25,0.03,1.75,0.5,0.1,3.0375417974076604,1.033860116780909,0.11462300076161462,0.6009774054328509,0.20398578319370397
dixon_bivar_expected_awmae,4,0.25,0.06,1.75,0.5,0.15,3.0375554985807685,1.0342409240924093,0.11481340441736482,0.6012312769738513,0.2036049758822036
dixon_bivar_expected_awmae,4,1.0,0.1,1.75,0.0,-0.05,3.037556681326486,1.0292586951002793,0.1051028179741051,0.6021198273673521,0.19687738004569688
dixon_bivar_expected_awmae,4,0.75,0.1,1.75,0.25,0.1,3.037563744616831,1.0306549885757808,0.10903782685960904,0.6021832952526022,0.19960649911144962
dixon_bivar_expected_awmae,4,0.25,0.1,1.75,0.0,-0.15,3.037578808106134,1.0292269611576543,0.10662604722010663,0.60008885503935,0.20208174663620207
dixon_bivar_expected_awmae,5,0.25,0.0,1.75,0.5,0.15,3.0376202446643044,1.0325907590759076,0.11462300076161462,0.6011043412033511,0.20303376491495304
dixon_bivar_expected_awmae,5,0.5,0.15,1.75,0.25,0.05,3.0376307350581007,1.027989337395278,0.1104975882203605,0.6011043412033511,0.20132013201320131
dixon_bivar_expected_awmae,4,0.0,0.03,1.75,0.25,-0.15,3.037675768871554,1.0303693830921554,0.11227468900736227,0.5995176440720995,0.2037953795379538
dixon_bivar_expected_awmae,4,0.25,0.0,1.75,0.5,0.1,3.037723325061132,1.033923584666159,0.1151942117288652,0.6014216806296014,0.20455699416095455
dixon_bivar_expected_awmae,5,1.0,0.06,1.75,0.25,-0.1,3.0378470440206478,1.027037319116527,0.10764153338410765,0.6009774054328509,0.1977024625539477
dixon_bivar_expected_awmae,4,1.0,0.1,1.75,0.0,-0.1,3.0378488530738976,1.0288461538461537,0.10503935008885504,0.6013582127443513,0.19694084793094693
dixon_bivar_expected_awmae,4,0.25,0.1,1.75,0.0,-0.1,3.037862022310066,1.0293856308707794,0.10662604722010663,0.6004061944656004,0.20157400355420158
dixon_bivar_expected_awmae,4,0.0,0.1,1.75,0.5,0.15,3.0378949863411338,1.0357324193957858,0.11544808326986544,0.6007870017771008,0.20462046204620463
dixon_bivar_expected_awmae,4,1.0,0.1,1.75,0.0,-0.15,3.0379361192285095,1.028021071337903,0.10522975374460523,0.6004696623508504,0.19675044427519675
dixon_bivar_expected_awmae,4,1.0,0.0,1.75,0.25,0.15,3.0379619322922378,1.0310357958872811,0.10738766184310738,0.6031353135313532,0.1977024625539477
dixon_bivar_expected_awmae,4,0.25,0.15,1.75,0.25,0.1,3.0379710701607796,1.0314166031987815,0.11151307438436152,0.6004696623508504,0.2022086824067022
dixon_bivar_expected_awmae,4,0.0,0.06,1.75,0.5,0.1,3.0380103855096734,1.03506600660066,0.11532114749936533,0.6004061944656004,0.20525514089870525
dixon_bivar_expected_awmae,5,0.25,0.15,1.75,0.25,0.0,3.0380184376250123,1.0288144199035287,0.11202081746636203,0.6002792586951002,0.20271642548870272
dixon_bivar_expected_awmae,4,0.5,0.1,1.75,0.25,0.05,3.0380425584871147,1.0302741812642802,0.11068799187611068,0.6012312769738513,0.20208174663620207
dixon_bivar_expected_awmae,5,0.5,0.15,1.75,0.25,0.0,3.0380489532560384,1.0273229246001523,0.11056105610561057,0.6002792586951002,0.20132013201320131
dixon_bivar_expected_awmae,4,0.5,0.1,1.75,0.5,0.15,3.0380605874605617,1.033828382838284,0.11417872556486418,0.6015486164001016,0.20385884742320387
dixon_bivar_expected_awmae,4,0.75,0.06,1.75,0.25,0.05,3.0380644624817434,1.0303376491495304,0.10872048743335871,0.6018024879411018,0.19916222391469915
dixon_bivar_expected_awmae,4,0.0,0.15,1.75,0.25,0.1,3.038309026944583,1.0321464838791572,0.11297283574511298,0.6004061944656004,0.20423965473470423
dixon_bivar_expected_awmae,4,1.0,0.15,1.75,0.0,0.1,3.038338586961799,1.0296712363544047,0.10421426758060422,0.6022467631378522,0.19497334348819498
dixon_bivar_expected_awmae,5,1.0,0.1,1.75,0.25,0.0,3.038370073833506,1.0276085300837776,0.10707032241685707,0.6016120842853516,0.19624270119319626
dixon_bivar_expected_awmae,5,1.0,0.1,1.75,0.25,0.15,3.038402953433716,1.029004823559279,0.10732419395785732,0.6032622493018532,0.19687738004569688
dixon_bivar_expected_awmae,4,0.0,0.03,1.75,0.5,0.1,3.0384211373906607,1.035161208428535,0.11544808326986544,0.6006600660066007,0.20544554455445543
dixon_bivar_expected_awmae,4,0.0,0.1,1.75,0.25,0.0,3.0384358937387232,1.0315752729119065,0.11329017517136329,0.6005965981213506,0.20423965473470423
dixon_bivar_expected_awmae,4,0.5,0.03,1.75,0.25,-0.1,3.038479382588667,1.0287826859609037,0.11062452399086062,0.6000253871541,0.2003046458492003
dixon_bivar_expected_awmae,4,0.75,0.06,1.75,0.25,0.15,3.038488977255121,1.0313214013709062,0.1085935516628586,0.6025641025641025,0.19852754506219852
dixon_bivar_expected_awmae,4,1.0,0.06,1.75,0.0,-0.1,3.0385052152159484,1.0293538969281544,0.10535668951510535,0.6023736989083524,0.19732165524244732
dixon_bivar_expected_awmae,4,0.0,0.0,1.75,0.5,0.1,3.038574231905644,1.0355102817974104,0.11481340441736482,0.6012312769738513,0.205001269357705
dixon_bivar_expected_awmae,5,0.75,0.03,1.75,0.25,-0.1,3.038579306720415,1.0271959888296522,0.10802234069560802,0.6009139375476009,0.19801980198019803
dixon_bivar_expected_awmae,4,1.0,0.03,1.75,0.25,0.05,3.038599212175631,1.0303376491495304,0.10783193703985783,0.6025006346788525,0.19814673775069816
dixon_bivar_expected_awmae,4,0.5,0.15,1.75,0.0,0.15,3.0386146468050637,1.0296395024117797,0.10567402894135568,0.6018024879411018,0.19795633409494795
dixon_bivar_expected_awmae,4,0.75,0.1,1.75,0.0,0.15,3.038758344814198,1.0297981721249048,0.10599136836760599,0.603008377760853,0.1964965727341965
dixon_bivar_expected_awmae,5,0.0,0.15,1.75,0.25,0.0,3.0388299824076777,1.0293856308707794,0.11252856054836252,0.59996191926885,0.20316070068545317
dixon_bivar_expected_awmae,4,0.25,0.03,1.75,0.5,0.15,3.038832178483089,1.0343043919776593,0.11468646864686469,0.6012312769738513,0.20322416857070322
dixon_bivar_expected_awmae,4,0.0,0.15,1.75,0.0,-0.05,3.0389194790075846,1.0312896674282812,0.10637217567910637,0.5996445798425997,0.2025260218329525
dixon_bivar_expected_awmae,4,0.0,0.0,1.75,0.5,0.05,3.038932260962068,1.0346217314039097,0.11474993653211475,0.6004061944656004,0.20525514089870525
dixon_bivar_expected_awmae,4,0.5,0.06,1.75,0.25,-0.05,3.038940828860174,1.029163493272404,0.11106879918761108,0.6002157908098502,0.20132013201320131
dixon_bivar_expected_awmae,5,0.0,0.03,1.75,0.5,0.15,3.038975383683147,1.0344947956334094,0.11538461538461539,0.6011678090886011,0.20443005839045442
dixon_bivar_expected_awmae,4,0.5,0.0,1.75,0.5,0.15,3.039009686693532,1.0342409240924093,0.11303630363036303,0.601929423711602,0.20182787509520184
dixon_bivar_expected_awmae,4,0.25,0.1,1.75,0.25,0.0,3.0390290753260985,1.0310992637725311,0.11233815689261234,0.6002792586951002,0.2030972328002031
dixon_bivar_expected_awmae,5,1.0,0.03,1.75,0.25,-0.1,3.0390351073577753,1.0276402640264026,0.10764153338410765,0.6014851485148515,0.1977024625539477
dixon_bivar_expected_awmae,5,0.0,0.1,1.75,0.25,-0.1,3.039037085759841,1.029131759329779,0.11157654226961157,0.5996445798425997,0.2030972328002031
dixon_bivar_expected_awmae,4,0.0,0.1,1.75,0.25,-0.05,3.0390540731315934,1.0312261995430312,0.11303630363036303,0.5997080477278497,0.20455699416095455
dixon_bivar_expected_awmae,4,0.5,0.1,1.75,0.0,-0.05,3.0391074215111757,1.0285922823051536,0.10605483625285606,0.6006600660066007,0.19890835237369892
dixon_bivar_expected_awmae,5,0.75,0.03,1.75,0.25,-0.05,3.0391085052474085,1.027862401624778,0.10783193703985783,0.6015486164001016,0.19782939832444782
dixon_bivar_expected_awmae,4,0.25,0.1,1.75,0.25,0.15,3.0391598361002976,1.0324320893627825,0.11164001015486164,0.602056359482102,0.20132013201320131
dixon_bivar_expected_awmae,5,0.75,0.1,1.75,0.25,0.15,3.039160274726226,1.028877887788779,0.1085935516628586,0.6024371667936025,0.1977024625539477
dixon_bivar_expected_awmae,4,0.75,0.15,1.75,0.0,0.15,3.0392584859031566,1.0296077684691547,0.10580096471185581,0.6018659558263518,0.197004315816197
dixon_bivar_expected_awmae,4,0.5,0.1,1.75,0.0,0.0,3.0392672129114238,1.0292586951002793,0.10599136836760599,0.6014851485148515,0.19897182025894897
dixon_bivar_expected_awmae,4,0.25,0.1,1.75,0.25,0.1,3.0393415785763978,1.0318608783955319,0.11214775323686214,0.6014216806296014,0.20208174663620207
dixon_bivar_expected_awmae,4,0.5,0.03,1.75,0.5,0.15,3.0393683204676756,1.0343043919776593,0.11322670728611323,0.6017390200558518,0.20201827875095202
dixon_bivar_expected_awmae,4,0.0,0.1,1.75,0.0,-0.15,3.0393718849207505,1.0307501904036558,0.10687991876110688,0.5995811119573495,0.2029068291444529
dixon_bivar_expected_awmae,4,0.75,0.1,1.75,0.0,0.0,3.0393865920803664,1.0293221629855294,0.10573749682660574,0.6018659558263518,0.1975120588981975
dixon_bivar_expected_awmae,4,0.25,0.03,1.75,0.25,-0.15,3.039391205114103,1.0308453922315308,0.11151307438436152,0.6004061944656004,0.2029068291444529
dixon_bivar_expected_awmae,4,0.0,0.15,1.75,0.0,0.0,3.0394260168177043,1.0312261995430312,0.107006854531607,0.6006600660066007,0.20233561817720233
dixon_bivar_expected_awmae,4,0.75,0.1,1.75,0.0,0.05,3.0394531641438176,1.0295125666412794,0.10592790048235592,0.6021198273673521,0.19687738004569688
dixon_bivar_expected_awmae,5,0.5,0.1,1.75,0.25,-0.05,3.039454839613307,1.0272594567149023,0.11024371667936024,0.6000253871541,0.2004950495049505
dixon_bivar_expected_awmae,4,0.75,0.1,1.75,0.0,0.1,3.0394675242981695,1.0296077684691547,0.10605483625285606,0.6021832952526022,0.19694084793094693
dixon_bivar_expected_awmae,5,0.5,0.15,1.75,0.25,0.1,3.0394882031605963,1.0297347042396547,0.10986290936785986,0.6017390200558518,0.20132013201320131
dixon_bivar_expected_awmae,4,0.5,0.06,1.75,0.5,0.15,3.0394921950945752,1.034018786494034,0.11354404671236354,0.6015486164001016,0.2025894897182026
dixon_bivar_expected_awmae,4,0.5,0.03,1.75,0.25,-0.05,3.0395143204962656,1.0297029702970297,0.11037065244986037,0.6009139375476009,0.20043158161970043
dixon_bivar_expected_awmae,4,0.25,0.1,1.75,0.0,0.0,3.0395352012808976,1.030115511551155,0.10624523990860625,0.6010408733181011,0.19922569179994923
dixon_bivar_expected_awmae,4,0.0,0.06,1.75,0.25,-0.05,3.0395783088897157,1.0312896674282812,0.11316323940086316,0.6002157908098502,0.20443005839045442
dixon_bivar_expected_awmae,5,1.0,0.06,1.75,0.25,-0.05,3.0396049754856693,1.028052805280528,0.10694338664635694,0.6013582127443513,0.19675044427519675
dixon_bivar_expected_awmae,4,1.0,0.0,1.75,0.25,0.05,3.0396272736622025,1.0310357958872811,0.10764153338410765,0.6026910383346027,0.19757552678344759
dixon_bivar_expected_awmae,5,0.75,0.1,1.75,0.25,0.1,3.0396471332613197,1.0284336125920284,0.10878395531860878,0.6021198273673521,0.19833714140644834
dixon_bivar_expected_awmae,4,0.75,0.0,1.75,0.25,0.0,3.0397142617598973,1.0304328509774054,0.10878395531860878,0.6017390200558518,0.19884488448844884
dixon_bivar_expected_awmae,4,0.75,0.0,1.75,0.25,0.15,3.039724682678012,1.0316387407971566,0.10846661589235847,0.6028179741051028,0.19814673775069816
dixon_bivar_expected_awmae,4,0.5,0.06,1.75,0.0,-0.15,3.0397384680138138,1.0285288144199036,0.10618177202335619,0.6004061944656004,0.19960649911144962
dixon_bivar_expected_awmae,5,0.25,0.1,1.75,0.25,-0.1,3.039770516365959,1.0288144199035287,0.11157654226961157,0.60008885503935,0.2029068291444529
dixon_bivar_expected_awmae,4,0.5,0.0,1.75,0.5,0.1,3.039783919086335,1.033860116780909,0.11348057882711349,0.6013582127443513,0.20265295760345264
dixon_bivar_expected_awmae,4,0.75,0.06,1.75,0.25,0.1,3.039829978568347,1.0315752729119065,0.10897435897435898,0.6026275704493527,0.19998730642294998
dixon_bivar_expected_awmae,4,0.5,0.15,1.75,0.25,0.15,3.0398363877160675,1.0322099517644072,0.10992637725310993,0.601929423711602,0.20157400355420158
dixon_bivar_expected_awmae,5,1.0,0.06,1.75,0.25,0.0,3.0399297153955422,1.0288144199035287,0.107006854531607,0.6025641025641025,0.19687738004569688
dixon_bivar_expected_awmae,5,0.75,0.06,1.75,0.25,0.1,3.039939289414305,1.028909621731404,0.10833968012185834,0.6026910383346027,0.19801980198019803
dixon_bivar_expected_awmae,4,0.0,0.06,1.75,0.25,-0.1,3.039998844034612,1.0314166031987815,0.11252856054836252,0.5997080477278497,0.20436659050520437
dixon_bivar_expected_awmae,4,0.5,0.06,1.75,0.25,0.0,3.04002303059661,1.0304328509774054,0.11043412033511044,0.6008504696623509,0.20151053566895152
dixon_bivar_expected_awmae,5,0.75,0.03,1.75,0.25,-0.15,3.0400504060258533,1.0271642548870272,0.10745112972835745,0.59996191926885,0.19795633409494795
dixon_bivar_expected_awmae,5,0.5,0.1,1.75,0.25,0.0,3.040063199333361,1.0283066768215283,0.11037065244986037,0.6009139375476009,0.20132013201320131
dixon_bivar_expected_awmae,4,0.25,0.1,1.75,0.25,0.05,3.0401196422590178,1.0317022086824068,0.11157654226961157,0.6002157908098502,0.20182787509520184
dixon_bivar_expected_awmae,4,0.25,0.03,1.75,0.25,-0.1,3.040174201209675,1.0311309977151562,0.11157654226961157,0.6004696623508504,0.20233561817720233
dixon_bivar_expected_awmae,5,1.0,0.1,1.75,0.25,0.05,3.040174519895678,1.029004823559279,0.10694338664635694,0.6026275704493527,0.19662350850469662
dixon_bivar_expected_awmae,4,0.75,0.06,1.75,0.0,-0.15,3.0402949875764556,1.028941355674029,0.10503935008885504,0.6004061944656004,0.19738512312769738
dixon_bivar_expected_awmae,5,0.75,0.06,1.75,0.25,0.15,3.040311381171456,1.028877887788779,0.1085935516628586,0.6024371667936025,0.19713125158669714
dixon_bivar_expected_awmae,4,0.0,0.03,1.75,0.25,-0.1,3.0403312110303427,1.0315752729119065,0.11214775323686214,0.59996191926885,0.2036049758822036
dixon_bivar_expected_awmae,4,1.0,0.1,1.75,0.0,0.15,3.040365348276747,1.0308136582889058,0.10396039603960396,0.6032622493018532,0.19459253617669459
dixon_bivar_expected_awmae,4,0.75,0.03,1.75,0.25,0.15,3.0403981155228053,1.0317974105102818,0.10846661589235847,0.6023736989083524,0.19827367352119826
dixon_bivar_expected_awmae,4,0.75,0.0,1.75,0.25,0.1,3.0404076546191567,1.0316387407971566,0.1084031480071084,0.6026910383346027,0.19846407717694847
dixon_bivar_expected_awmae,4,0.75,0.06,1.75,0.0,-0.1,3.040435938453732,1.0293538969281544,0.10554709317085555,0.6011678090886011,0.19738512312769738
dixon_bivar_expected_awmae,4,0.0,0.1,1.75,0.25,0.05,3.0404883398155156,1.0322099517644072,0.1130997715156131,0.6002157908098502,0.20373191165270374
dixon_bivar_expected_awmae,5,0.75,0.06,1.75,0.25,0.0,3.0404928284582082,1.028116273165778,0.1084031480071084,0.6012312769738513,0.1978928662096979
dixon_bivar_expected_awmae,4,0.75,0.03,1.75,0.25,0.1,3.0405225353446665,1.0317656765676568,0.1084031480071084,0.6025006346788525,0.19865448083269865
dixon_bivar_expected_awmae,4,0.5,0.1,1.75,0.0,0.05,3.0405547213309725,1.0301789794364051,0.10580096471185581,0.602056359482102,0.1985910129474486
dixon_bivar_expected_awmae,5,0.25,0.06,1.75,0.25,-0.15,3.0405833896528853,1.0287509520182787,0.11075145976136075,0.5997080477278497,0.20233561817720233
dixon_bivar_expected_awmae,4,0.5,0.0,1.75,0.25,-0.15,3.0405922748385827,1.0295760345265297,0.10992637725310993,0.6002792586951002,0.2006219852754506
dixon_bivar_expected_awmae,4,0.75,0.03,1.75,0.25,0.05,3.040611194132513,1.0311944656004062,0.10884742320385885,0.6021832952526022,0.1994160954556994
dixon_bivar_expected_awmae,5,1.0,0.03,1.75,0.25,-0.15,3.0406891484796117,1.027989337395278,0.10694338664635694,0.6008504696623509,0.19738512312769738
dixon_bivar_expected_awmae,4,0.25,0.0,1.75,0.5,0.15,3.040754973463358,1.0347169332317847,0.11430566133536431,0.6011043412033511,0.20265295760345264
dixon_bivar_expected_awmae,4,0.25,0.06,1.75,0.25,-0.05,3.040772620195875,1.0316070068545315,0.11214775323686214,0.6003427265803504,0.2030972328002031
dixon_bivar_expected_awmae,4,1.0,0.1,1.75,0.0,0.0,3.040778567863216,1.0302424473216552,0.10453160700685453,0.602056359482102,0.19592536176694592
dixon_bivar_expected_awmae,5,0.75,0.03,1.75,0.25,0.0,3.040892215064422,1.029004823559279,0.10770500126935771,0.602056359482102,0.19782939832444782
dixon_bivar_expected_awmae,5,0.75,0.03,1.75,0.25,0.15,3.040920370106929,1.0292904290429044,0.1085935516628586,0.6026910383346027,0.19725818735719725
dixon_bivar_expected_awmae,4,0.75,0.03,1.75,0.0,-0.15,3.0409891831596076,1.029100025387154,0.10503935008885504,0.6007870017771008,0.1968139121604468
dixon_bivar_expected_awmae,5,0.75,0.0,1.75,0.25,-0.15,3.041007561525314,1.0274181264280273,0.10751459761360752,0.6005965981213506,0.19776593043919777
dixon_bivar_expected_awmae,5,1.0,0.06,1.75,0.25,0.1,3.041053276025891,1.0296712363544047,0.10656257933485656,0.6031987814166032,0.19592536176694592
dixon_bivar_expected_awmae,4,1.0,0.06,1.75,0.0,-0.15,3.0410609675270908,1.0294173648134044,0.1052932216298553,0.6011678090886011,0.19706778370144706
dixon_bivar_expected_awmae,4,0.25,0.15,1.75,0.0,0.15,3.0410712128473216,1.0324955572480325,0.10503935008885504,0.6023736989083524,0.19865448083269865
dixon_bivar_expected_awmae,4,0.75,0.06,1.75,0.0,0.15,3.0410748184722776,1.0307184564610308,0.10580096471185581,0.603071845646103,0.19656004061944657
dixon_bivar_expected_awmae,5,1.0,0.06,1.75,0.25,0.15,3.0410802738174842,1.0294490987560294,0.10656257933485656,0.6028814419903529,0.19554455445544555
dixon_bivar_expected_awmae,5,0.75,0.0,1.75,0.25,-0.1,3.0411541865233276,1.0282749428789033,0.10776846915460776,0.6016755521706016,0.1978928662096979
dixon_bivar_expected_awmae,4,0.5,0.06,1.75,0.25,0.05,3.0411622162599077,1.0314800710840315,0.11037065244986037,0.6016120842853516,0.20163747143945163
dixon_bivar_expected_awmae,4,0.25,0.06,1.75,0.0,-0.15,3.0411667580198998,1.0301789794364051,0.10624523990860625,0.6005965981213506,0.20081238893120082
dixon_bivar_expected_awmae,4,0.0,0.06,1.75,0.5,0.15,3.0411745821100147,1.0365892358466615,0.1151942117288652,0.6011678090886011,0.20462046204620463
dixon_bivar_expected_awmae,5,0.5,0.03,1.75,0.25,-0.15,3.0411951324501407,1.0274498603706526,0.10973597359735973,0.6003427265803504,0.2003046458492003
dixon_bivar_expected_awmae,4,1.0,0.1,1.75,0.0,0.1,3.0412139232973994,1.0307819243462808,0.10415079969535415,0.6029449098756029,0.1951002792586951
dixon_bivar_expected_awmae,5,0.0,0.06,1.75,0.25,-0.15,3.0412451709311368,1.0292904290429044,0.11132267072861132,0.5993907083015994,0.2025260218329525
dixon_bivar_expected_awmae,4,0.0,0.0,1.75,0.25,-0.1,3.0412703832445653,1.0316704747397816,0.11259202843361259,0.6002792586951002,0.20354150799695353
dixon_bivar_expected_awmae,4,0.75,0.06,1.75,0.0,0.0,3.041272154015442,1.0303059152069054,0.1051028179741051,0.6022467631378522,0.19675044427519675
dixon_bivar_expected_awmae,4,0.5,0.06,1.75,0.0,-0.1,3.0412768956904506,1.029036557501904,0.1064991114496065,0.6008504696623509,0.1994160954556994
dixon_bivar_expected_awmae,4,0.0,0.15,1.75,0.0,0.05,3.0412826534519515,1.0318291444529069,0.10675298299060676,0.6006600660066007,0.20163747143945163
dixon_bivar_expected_awmae,4,0.75,0.0,1.75,0.25,0.05,3.041323904867436,1.0314483371414065,0.10878395531860878,0.6025006346788525,0.1985910129474486
dixon_bivar_expected_awmae,4,0.25,0.1,1.75,0.0,0.05,3.0413742736152423,1.0312261995430312,0.10567402894135568,0.6014851485148515,0.19846407717694847
dixon_bivar_expected_awmae,5,0.75,0.06,1.75,0.25,0.05,3.0414368092815653,1.029036557501904,0.10827621223660827,0.6021832952526022,0.19808326986544808
dixon_bivar_expected_awmae,4,0.0,0.0,1.75,0.25,-0.15,3.0415010602825863,1.0316387407971566,0.11176694592536177,0.5996445798425997,0.2030972328002031
dixon_bivar_expected_awmae,5,0.0,0.0,1.75,0.5,0.15,3.0415245878527988,1.03493907083016,0.11525767961411526,0.6007870017771008,0.20468392993145468
dixon_bivar_expected_awmae,5,0.5,0.1,1.75,0.25,0.05,3.0415387411287838,1.0293221629855294,0.1104975882203605,0.6015486164001016,0.20144706778370144
dixon_bivar_expected_awmae,5,0.0,0.1,1.75,0.25,-0.05,3.0415655103675827,1.0303376491495304,0.11157654226961157,0.59996191926885,0.2025894897182026
dixon_bivar_expected_awmae,5,1.0,0.1,1.75,0.25,0.1,3.0417273362625155,1.0293538969281544,0.1066895151053567,0.6025006346788525,0.19605229753744605
dixon_bivar_expected_awmae,4,0.0,0.03,1.75,0.5,0.15,3.0417484016304064,1.0364940340187865,0.11532114749936533,0.6011043412033511,0.2048743335872049
dixon_bivar_expected_awmae,5,0.5,0.06,1.75,0.25,-0.1,3.0417487828878107,1.0274815943132776,0.10973597359735973,0.5997715156130998,0.19954303122619954
dixon_bivar_expected_awmae,4,0.5,0.03,1.75,0.0,-0.15,3.0417566120467256,1.029100025387154,0.10611830413810612,0.6007235338918507,0.19903528814419905
dixon_bivar_expected_awmae,5,0.75,0.03,1.75,0.25,0.1,3.041862008494928,1.0294808326986544,0.10808580858085809,0.6024371667936025,0.1971947194719472
dixon_bivar_expected_awmae,5,0.5,0.06,1.75,0.25,-0.05,3.0418878562121114,1.0282432089362783,0.10992637725310993,0.6005965981213506,0.19973343488194972
dixon_bivar_expected_awmae,4,0.75,0.06,1.75,0.0,-0.05,3.041898115195438,1.02995684183803,0.10522975374460523,0.6018024879411018,0.19687738004569688
dixon_bivar_expected_awmae,5,1.0,0.0,1.75,0.25,-0.15,3.0419139140019733,1.0283701447067783,0.10707032241685707,0.6011043412033511,0.19738512312769738
dixon_bivar_expected_awmae,5,0.0,0.15,1.75,0.25,0.05,3.0419580328817712,1.0305597867479055,0.1124016247778624,0.6000253871541,0.20265295760345264
dixon_bivar_expected_awmae,4,0.5,0.0,1.75,0.25,-0.05,3.0419854127518926,1.0305597867479055,0.10967250571210967,0.6007235338918507,0.19960649911144962
dixon_bivar_expected_awmae,4,1.0,0.1,1.75,0.0,0.05,3.0420136353992886,1.031004061944656,0.10427773546585428,0.6025006346788525,0.1956080223406956
dixon_bivar_expected_awmae,4,0.5,0.0,1.75,0.25,-0.1,3.0420189328934057,1.02995684183803,0.11011678090886012,0.60008885503935,0.20011424219345011
dixon_bivar_expected_awmae,5,0.75,0.0,1.75,0.25,-0.05,3.0420323342939377,1.0286240162477787,0.10757806549885758,0.6014851485148515,0.19763899466869764
dixon_bivar_expected_awmae,5,0.25,0.15,1.75,0.25,0.1,3.042045731542903,1.0301472454937801,0.11233815689261234,0.6007870017771008,0.20195481086570197
dixon_bivar_expected_awmae,4,0.25,0.06,1.75,0.25,0.0,3.0420781874647096,1.0318291444529069,0.11202081746636203,0.6002792586951002,0.20233561817720233
dixon_bivar_expected_awmae,4,1.0,0.06,1.75,0.0,-0.05,3.0421088174736277,1.0304645849200305,0.10491241431835491,0.6023102310231023,0.19662350850469662
dixon_bivar_expected_awmae,4,0.25,0.03,1.75,0.25,-0.05,3.042112363859932,1.0314166031987815,0.11183041381061183,0.6002792586951002,0.20157400355420158
dixon_bivar_expected_awmae,4,0.5,0.03,1.75,0.25,0.0,3.042139038115712,1.0311309977151562,0.10986290936785986,0.6011043412033511,0.2003046458492003
dixon_bivar_expected_awmae,5,1.0,0.03,1.75,0.25,0.0,3.042232852804858,1.0293538969281544,0.10713379030210714,0.6025641025641025,0.1968139121604468
dixon_bivar_expected_awmae,5,1.0,0.03,1.75,0.25,0.1,3.042239480164886,1.0302107133790301,0.10637217567910637,0.6034526529576034,0.19567149022594568
dixon_bivar_expected_awmae,4,0.75,0.03,1.75,0.0,-0.1,3.042320147313255,1.0303376491495304,0.10516628585935517,0.601992891596852,0.19738512312769738
dixon_bivar_expected_awmae,4,0.75,0.03,1.75,0.0,-0.05,3.04233642474101,1.0304963188626555,0.10548362528560548,0.6023736989083524,0.1971947194719472
dixon_bivar_expected_awmae,4,0.0,0.0,1.75,0.5,0.15,3.042434031538048,1.0365257679614115,0.11455953287636456,0.6006600660066007,0.20398578319370397
dixon_bivar_expected_awmae,5,0.5,0.06,1.75,0.25,0.0,3.0424968750457073,1.029004823559279,0.10960903782685961,0.6013582127443513,0.20005077430820006
dixon_bivar_expected_awmae,4,0.25,0.06,1.75,0.25,0.05,3.042622225564971,1.0321782178217822,0.11265549631886265,0.6010408733181011,0.2025260218329525
dixon_bivar_expected_awmae,4,0.25,0.06,1.75,0.0,-0.1,3.042646720738184,1.0305915206905305,0.10656257933485656,0.6007870017771008,0.20024117796395025
dixon_bivar_expected_awmae,4,0.0,0.15,1.75,0.0,0.1,3.042659943463837,1.0325590251332826,0.10618177202335619,0.6007870017771008,0.2004950495049505
dixon_bivar_expected_awmae,4,0.0,0.06,1.75,0.0,-0.15,3.042734751116329,1.0313531353135315,0.10662604722010663,0.5994541761868495,0.20214521452145215
dixon_bivar_expected_awmae,4,0.5,0.06,1.75,0.0,-0.05,3.042784545858132,1.0293856308707794,0.10624523990860625,0.6009774054328509,0.19852754506219852
dixon_bivar_expected_awmae,5,0.25,0.15,1.75,0.25,0.05,3.0427944269225446,1.0298616400101548,0.11246509266311247,0.6001523229246002,0.2022086824067022
dixon_bivar_expected_awmae,5,0.25,0.1,1.75,0.25,-0.05,3.042798410020941,1.0295125666412794,0.1118938816958619,0.6001523229246002,0.20246255394770246
dixon_bivar_expected_awmae,4,0.0,0.1,1.75,0.0,-0.05,3.042807824829127,1.0318291444529069,0.10732419395785732,0.6005965981213506,0.20201827875095202
dixon_bivar_expected_awmae,4,0.75,0.0,1.75,0.0,-0.15,3.042952088700895,1.029925107895405,0.10561056105610561,0.6015486164001016,0.19732165524244732
dixon_bivar_expected_awmae,4,0.25,0.06,1.75,0.25,0.1,3.0429800149189394,1.033035034272658,0.11214775323686214,0.6017390200558518,0.2018913429804519
dixon_bivar_expected_awmae,4,0.5,0.1,1.75,0.25,0.1,3.0429902232754165,1.0322099517644072,0.11018024879411017,0.6014851485148515,0.20151053566895152
dixon_bivar_expected_awmae,4,0.75,0.06,1.75,0.0,0.05,3.0430150497395174,1.0304328509774054,0.10542015740035542,0.602056359482102,0.19636963696369636
dixon_bivar_expected_awmae,4,0.75,0.03,1.75,0.0,0.15,3.0430974087576437,1.0314166031987815,0.10503935008885504,0.6031987814166032,0.19535415079969534
dixon_bivar_expected_awmae,5,1.0,0.06,1.75,0.25,0.05,3.0431415090761704,1.0297664381822798,0.1066895151053567,0.6025006346788525,0.19592536176694592
dixon_bivar_expected_awmae,4,0.0,0.06,1.75,0.25,0.0,3.0431671088682615,1.0321147499365322,0.1136075145976136,0.5997080477278497,0.20385884742320387
dixon_bivar_expected_awmae,5,1.0,0.03,1.75,0.25,-0.05,3.0431704974330103,1.029004823559279,0.10732419395785732,0.6016120842853516,0.19732165524244732
dixon_bivar_expected_awmae,4,0.5,0.06,1.75,0.0,0.0,3.0431777053026905,1.0303693830921554,0.10580096471185581,0.6016755521706016,0.1985910129474486
dixon_bivar_expected_awmae,4,0.5,0.1,1.75,0.0,0.1,3.043324250281887,1.0309723280020309,0.10573749682660574,0.601992891596852,0.19795633409494795
dixon_bivar_expected_awmae,4,0.0,0.03,1.75,0.25,-0.05,3.0433477554244477,1.0323368875349073,0.11303630363036303,0.6001523229246002,0.2037953795379538
dixon_bivar_expected_awmae,4,1.0,0.03,1.75,0.0,-0.1,3.0433754809199147,1.0307501904036558,0.10503935008885504,0.6021832952526022,0.19694084793094693
dixon_bivar_expected_awmae,4,0.5,0.0,1.75,0.25,0.0,3.0434500428684923,1.0317656765676568,0.10967250571210967,0.6017390200558518,0.19986037065244985
dixon_bivar_expected_awmae,4,0.75,0.06,1.75,0.0,0.1,3.0434994462042284,1.0310675298299061,0.10561056105610561,0.6023102310231023,0.19586189388169586
dixon_bivar_expected_awmae,5,0.5,0.15,1.75,0.25,0.15,3.0436376177876765,1.0310992637725311,0.10967250571210967,0.6018024879411018,0.20055851739020056
dixon_bivar_expected_awmae,5,0.5,0.03,1.75,0.25,-0.1,3.0436818856378878,1.027925869510028,0.10960903782685961,0.60008885503935,0.19922569179994923
dixon_bivar_expected_awmae,4,0.5,0.1,1.75,0.0,0.15,3.0436868588479893,1.0312579334856562,0.10522975374460523,0.6018024879411018,0.19706778370144706
dixon_bivar_expected_awmae,4,0.25,0.0,1.75,0.25,-0.1,3.0437365828152565,1.032019548108657,0.11132267072861132,0.6002792586951002,0.20176440720995176
dixon_bivar_expected_awmae,5,0.25,0.03,1.75,0.25,-0.15,3.043788405611388,1.0294490987560294,0.11113226707286113,0.6003427265803504,0.2029068291444529
dixon_bivar_expected_awmae,4,0.0,0.1,1.75,0.0,-0.1,3.043830734075448,1.032019548108657,0.10643564356435643,0.5994541761868495,0.20208174663620207
dixon_bivar_expected_awmae,5,0.75,0.03,1.75,0.25,0.05,3.043851825205127,1.029925107895405,0.10802234069560802,0.6024371667936025,0.1977024625539477
dixon_bivar_expected_awmae,5,0.5,0.0,1.75,0.25,-0.1,3.043857405672601,1.0282432089362783,0.10935516628585935,0.6005965981213506,0.19954303122619954
dixon_bivar_expected_awmae,5,0.0,0.1,1.75,0.25,0.0,3.0438698592031876,1.0308136582889058,0.11246509266311247,0.6003427265803504,0.20284336125920285
dixon_bivar_expected_awmae,4,0.25,0.0,1.75,0.25,-0.15,3.0438743648431883,1.031987814166032,0.11100533130236101,0.6002157908098502,0.20233561817720233
dixon_bivar_expected_awmae,5,0.0,0.06,1.75,0.25,-0.1,3.0438930495143044,1.0301789794364051,0.1117034780401117,0.5996445798425997,0.2025894897182026
dixon_bivar_expected_awmae,5,1.0,0.03,1.75,0.25,0.05,3.0439200780943563,1.030115511551155,0.10662604722010663,0.6027545062198527,0.19567149022594568
dixon_bivar_expected_awmae,5,1.0,0.03,1.75,0.25,0.15,3.043930282932421,1.0303376491495304,0.10611830413810612,0.6028179741051028,0.1949098756029449
dixon_bivar_expected_awmae,4,0.25,0.06,1.75,0.25,0.15,3.0439355926424736,1.0335745112972836,0.11132267072861132,0.601992891596852,0.20087585681645087
dixon_bivar_expected_awmae,4,1.0,0.03,1.75,0.0,-0.15,3.0439524323106135,1.0306232546331555,0.10503935008885504,0.6018024879411018,0.1968139121604468
dixon_bivar_expected_awmae,5,0.0,0.03,1.75,0.25,-0.15,3.043985932304294,1.029988575780655,0.1117034780401117,0.5998984513835999,0.20265295760345264
dixon_bivar_expected_awmae,5,0.75,0.0,1.75,0.25,0.1,3.043989675610374,1.030115511551155,0.10751459761360752,0.6025641025641025,0.195988829652196
dixon_bivar_expected_awmae,4,0.75,0.0,1.75,0.0,-0.1,3.0440232184206115,1.0306549885757808,0.10535668951510535,0.601929423711602,0.19732165524244732
dixon_bivar_expected_awmae,5,0.0,0.06,1.75,0.25,-0.05,3.044064934670634,1.0304963188626555,0.11195734958111196,0.6003427265803504,0.20208174663620207
dixon_bivar_expected_awmae,5,0.75,0.0,1.75,0.25,0.15,3.0440954224493586,1.0302424473216552,0.10795887281035796,0.6027545062198527,0.1963061690784463
dixon_bivar_expected_awmae,4,0.25,0.1,1.75,0.0,0.1,3.04412078563669,1.0323686214775323,0.10548362528560548,0.6021832952526022,0.19801980198019803
dixon_bivar_expected_awmae,4,0.0,0.15,1.75,0.25,0.15,3.0441872331798034,1.0344313277481594,0.1124016247778624,0.6003427265803504,0.2037953795379538
dixon_bivar_expected_awmae,5,1.0,0.0,1.75,0.25,-0.05,3.0442527555836736,1.0295443005839044,0.10726072607260725,0.601992891596852,0.19732165524244732
dixon_bivar_expected_awmae,5,0.5,0.03,1.75,0.25,0.0,3.0443496363538998,1.0298933739527798,0.10897435897435898,0.6016755521706016,0.19922569179994923
dixon_bivar_expected_awmae,5,0.0,0.15,1.75,0.25,0.1,3.044362336954796,1.0315118050266565,0.11221122112211221,0.6002157908098502,0.20227215029195228
dixon_bivar_expected_awmae,4,1.0,0.06,1.75,0.0,0.1,3.044390321255601,1.0322099517644072,0.10434120335110435,0.6033891850723534,0.19541761868494542
dixon_bivar_expected_awmae,5,1.0,0.0,1.75,0.25,0.1,3.0445444943752316,1.0303693830921554,0.10624523990860625,0.603008377760853,0.19497334348819498
dixon_bivar_expected_awmae,4,0.5,0.1,1.75,0.25,0.15,3.044551347360207,1.0335427773546586,0.10954556994160955,0.6018659558263518,0.20106626047220105
dixon_bivar_expected_awmae,5,0.5,0.03,1.75,0.25,-0.05,3.0445742514719294,1.028973089616654,0.1091012947448591,0.6007870017771008,0.19897182025894897
dixon_bivar_expected_awmae,4,0.25,0.06,1.75,0.0,0.0,3.0445907498742364,1.0316070068545315,0.10624523990860625,0.6012312769738513,0.19890835237369892
dixon_bivar_expected_awmae,5,1.0,0.0,1.75,0.25,0.0,3.044614004345785,1.029925107895405,0.10713379030210714,0.6026275704493527,0.19656004061944657
dixon_bivar_expected_awmae,5,0.25,0.15,1.75,0.25,0.15,3.0446649571286657,1.0315118050266565,0.11176694592536177,0.6016120842853516,0.20144706778370144
dixon_bivar_expected_awmae,5,0.5,0.0,1.75,0.25,-0.15,3.044668384511191,1.0281797410510283,0.1091012947448591,0.5998349834983498,0.19954303122619954
dixon_bivar_expected_awmae,5,1.0,0.0,1.75,0.25,-0.1,3.044678585652228,1.0293538969281544,0.1071972581873572,0.6014851485148515,0.19738512312769738
dixon_bivar_expected_awmae,4,0.25,0.06,1.75,0.0,-0.05,3.04468213542691,1.0311944656004062,0.10656257933485656,0.6009774054328509,0.19992383853769993
dixon_bivar_expected_awmae,4,1.0,0.06,1.75,0.0,0.0,3.044691885801893,1.0313214013709062,0.10497588220360497,0.6023102310231023,0.19643310484894644
dixon_bivar_expected_awmae,4,0.75,0.0,1.75,0.0,-0.05,3.0448264547793036,1.031004061944656,0.10542015740035542,0.6022467631378522,0.19713125158669714
dixon_bivar_expected_awmae,5,1.0,0.0,1.75,0.25,0.05,3.044835204323633,1.0303376491495304,0.10656257933485656,0.603071845646103,0.19579842599644579
dixon_bivar_expected_awmae,4,0.75,0.03,1.75,0.0,0.0,3.04484141161629,1.0308453922315308,0.10567402894135568,0.6021832952526022,0.1968139121604468
dixon_bivar_expected_awmae,4,0.75,0.03,1.75,0.0,0.1,3.0448464886706006,1.0313531353135315,0.10542015740035542,0.6025641025641025,0.195988829652196
dixon_bivar_expected_awmae,5,0.75,0.0,1.75,0.25,0.0,3.044855284839891,1.0297347042396547,0.10732419395785732,0.601992891596852,0.19732165524244732
dixon_bivar_expected_awmae,5,0.0,0.03,1.75,0.25,-0.1,3.0448748424639778,1.0304963188626555,0.11176694592536177,0.6002792586951002,0.20246255394770246
dixon_bivar_expected_awmae,4,0.5,0.06,1.75,0.25,0.1,3.04488161412762,1.033066768215283,0.10973597359735973,0.6018659558263518,0.2006219852754506
dixon_bivar_expected_awmae,4,0.25,0.0,1.75,0.25,-0.05,3.044893210046095,1.0322734196496572,0.11151307438436152,0.6004061944656004,0.20163747143945163
dixon_bivar_expected_awmae,5,0.25,0.1,1.75,0.25,0.0,3.0449596505703473,1.030052043665905,0.11233815689261234,0.6001523229246002,0.20214521452145215
dixon_bivar_expected_awmae,4,0.5,0.03,1.75,0.0,-0.1,3.044986561075617,1.0297664381822798,0.1064991114496065,0.6009139375476009,0.19865448083269865
dixon_bivar_expected_awmae,4,0.25,0.0,1.75,0.25,0.0,3.045044364408331,1.0326859609037826,0.11138613861386139,0.6009774054328509,0.20106626047220105
dixon_bivar_expected_awmae,4,0.0,0.1,1.75,0.0,0.0,3.0450818371777504,1.0327176948464076,0.1064991114496065,0.6004061944656004,0.20055851739020056
dixon_bivar_expected_awmae,4,0.25,0.03,1.75,0.0,-0.15,3.0450911216298735,1.0309088601167808,0.10592790048235592,0.6004696623508504,0.19966996699669967
dixon_bivar_expected_awmae,5,1.0,0.0,1.75,0.25,0.15,3.045127301650469,1.0309723280020309,0.10611830413810612,0.6031353135313532,0.19465600406194467
dixon_bivar_expected_awmae,4,0.0,0.06,1.75,0.0,-0.1,3.0451416587841225,1.0321147499365322,0.10687991876110688,0.6002792586951002,0.20151053566895152
dixon_bivar_expected_awmae,5,0.25,0.06,1.75,0.25,-0.1,3.045146081515281,1.030052043665905,0.11100533130236101,0.6002157908098502,0.20214521452145215
dixon_bivar_expected_awmae,4,0.0,0.03,1.75,0.25,0.0,3.045183286630596,1.0331619700431582,0.11278243208936278,0.6002157908098502,0.20335110434120335
dixon_bivar_expected_awmae,4,1.0,0.03,1.75,0.0,-0.05,3.0452110423178684,1.0309405940594059,0.10516628585935517,0.6021198273673521,0.1963061690784463
dixon_bivar_expected_awmae,4,0.75,0.03,1.75,0.0,0.05,3.0452333492304406,1.0312261995430312,0.10554709317085555,0.6023102310231023,0.19675044427519675
dixon_bivar_expected_awmae,4,0.0,0.15,1.75,0.0,0.15,3.0452836633036906,1.0341774562071593,0.1052932216298553,0.6014216806296014,0.19960649911144962
dixon_bivar_expected_awmae,4,0.0,0.1,1.75,0.25,0.15,3.045342763241353,1.0353516120842854,0.11252856054836252,0.6016755521706016,0.2037953795379538
dixon_bivar_expected_awmae,4,0.25,0.03,1.75,0.25,0.0,3.045391431173129,1.0326224930185326,0.11157654226961157,0.6001523229246002,0.20144706778370144
dixon_bivar_expected_awmae,5,0.75,0.0,1.75,0.25,0.05,3.0454216027891734,1.0305280528052805,0.10751459761360752,0.6025006346788525,0.19694084793094693
dixon_bivar_expected_awmae,4,0.25,0.03,1.75,0.25,0.1,3.0454380728284067,1.0336379791825336,0.11183041381061183,0.6018659558263518,0.20125666412795126
dixon_bivar_expected_awmae,5,0.25,0.0,1.75,0.25,-0.15,3.045464849756619,1.0295760345265297,0.11132267072861132,0.60008885503935,0.2023990860624524
dixon_bivar_expected_awmae,4,0.75,0.0,1.75,0.0,0.15,3.0455177609195436,1.031987814166032,0.10478547854785479,0.603071845646103,0.19497334348819498
dixon_bivar_expected_awmae,4,0.5,0.03,1.75,0.25,0.05,3.045585708388078,1.0326542269611576,0.10986290936785986,0.6017390200558518,0.20055851739020056
dixon_bivar_expected_awmae,4,1.0,0.06,1.75,0.0,0.15,3.045626904708292,1.0321782178217822,0.10376999238385377,0.6028179741051028,0.19421172886519422
dixon_bivar_expected_awmae,4,0.0,0.03,1.75,0.0,-0.15,3.0457175669159073,1.031956080223407,0.10713379030210714,0.6001523229246002,0.20182787509520184
dixon_bivar_expected_awmae,4,0.5,0.0,1.75,0.0,-0.15,3.045746225457114,1.02995684183803,0.1063087077938563,0.6008504696623509,0.1987179487179487
dixon_bivar_expected_awmae,4,1.0,0.03,1.75,0.0,0.0,3.0458650330712764,1.0314483371414065,0.10491241431835491,0.6023102310231023,0.19605229753744605
dixon_bivar_expected_awmae,4,0.0,0.06,1.75,0.25,0.05,3.0459018657548316,1.0336697131251587,0.11252856054836252,0.6001523229246002,0.20322416857070322
dixon_bivar_expected_awmae,5,0.0,0.1,1.75,0.25,0.05,3.045933328644504,1.0314166031987815,0.11246509266311247,0.6003427265803504,0.2025260218329525
dixon_bivar_expected_awmae,4,0.5,0.06,1.75,0.25,0.15,3.045958043174651,1.033987052551409,0.1091012947448591,0.602056359482102,0.20043158161970043
dixon_bivar_expected_awmae,4,1.0,0.0,1.75,0.0,-0.1,3.0459958737423753,1.0317339426250318,0.10522975374460523,0.6024371667936025,0.197004315816197
dixon_bivar_expected_awmae,5,0.0,0.15,1.75,0.25,0.15,3.046006037238084,1.0323368875349073,0.11233815689261234,0.6006600660066007,0.2018913429804519
dixon_bivar_expected_awmae,4,0.5,0.03,1.75,0.25,0.15,3.046022255561589,1.033955318608784,0.10922823051535922,0.6023102310231023,0.19960649911144962
dixon_bivar_expected_awmae,5,0.5,0.0,1.75,0.25,-0.05,3.0460411869208195,1.0294490987560294,0.10903782685960904,0.6011678090886011,0.19935262757044936
dixon_bivar_expected_awmae,5,0.0,0.0,1.75,0.25,-0.1,3.0460503862407586,1.0304963188626555,0.11221122112211221,0.6004061944656004,0.20227215029195228
dixon_bivar_expected_awmae,4,1.0,0.0,1.75,0.0,-0.05,3.0460509823245343,1.0314483371414065,0.10548362528560548,0.6024371667936025,0.19687738004569688
dixon_bivar_expected_awmae,4,1.0,0.0,1.75,0.0,-0.15,3.0460881197365626,1.0315118050266565,0.10497588220360497,0.6023102310231023,0.19694084793094693
dixon_bivar_expected_awmae,4,0.5,0.06,1.75,0.0,0.05,3.046247163425715,1.0314800710840315,0.10592790048235592,0.6023102310231023,0.19852754506219852
dixon_bivar_expected_awmae,4,0.75,0.0,1.75,0.0,0.1,3.0462556889256924,1.0318608783955319,0.1051028179741051,0.6026910383346027,0.19535415079969534
dixon_bivar_expected_awmae,5,0.25,0.1,1.75,0.25,0.05,3.046329148417041,1.0306549885757808,0.11183041381061183,0.6004061944656004,0.20163747143945163
dixon_bivar_expected_awmae,4,0.25,0.03,1.75,0.0,-0.1,3.0463801473331373,1.0313214013709062,0.10643564356435643,0.6007235338918507,0.19966996699669967
dixon_bivar_expected_awmae,4,0.75,0.0,1.75,0.0,0.05,3.046430839079746,1.0318926123381569,0.10542015740035542,0.6024371667936025,0.1963061690784463
dixon_bivar_expected_awmae,4,0.25,0.0,1.75,0.25,0.05,3.0464929322341114,1.0334158415841583,0.11183041381061183,0.6016755521706016,0.20119319624270118
dixon_bivar_expected_awmae,4,1.0,0.03,1.75,0.0,0.1,3.0465704227087413,1.032876364559533,0.10408733181010409,0.6033257171871034,0.19522721502919524
dixon_bivar_expected_awmae,4,0.0,0.1,1.75,0.25,0.1,3.046576193014498,1.0342726580350343,0.11265549631886265,0.60008885503935,0.20303376491495304
dixon_bivar_expected_awmae,4,0.25,0.03,1.75,0.25,0.05,3.0466063787196833,1.0333206397562833,0.11227468900736227,0.6011678090886011,0.2018913429804519
dixon_bivar_expected_awmae,5,0.25,0.1,1.75,0.25,0.15,3.0466388027179327,1.031956080223407,0.11202081746636203,0.602056359482102,0.20106626047220105
dixon_bivar_expected_awmae,5,0.25,0.1,1.75,0.25,0.1,3.0467358465019108,1.0314166031987815,0.11221122112211221,0.6015486164001016,0.20176440720995176
dixon_bivar_expected_awmae,4,0.5,0.03,1.75,0.25,0.1,3.046772428334145,1.033860116780909,0.10935516628585935,0.6021832952526022,0.20005077430820006
dixon_bivar_expected_awmae,4,0.5,0.06,1.75,0.0,0.15,3.0468375486673325,1.0326224930185326,0.1051028179741051,0.6025006346788525,0.19694084793094693
dixon_bivar_expected_awmae,4,0.25,0.1,1.75,0.0,0.15,3.0469093855131404,1.0336379791825336,0.10465854277735466,0.602056359482102,0.1975120588981975
dixon_bivar_expected_awmae,4,0.5,0.0,1.75,0.25,0.05,3.0469347557439095,1.0334475755267833,0.1091012947448591,0.6021832952526022,0.1994160954556994
dixon_bivar_expected_awmae,5,0.5,0.1,1.75,0.25,0.1,3.0469514953298407,1.0313214013709062,0.10948210205635948,0.6017390200558518,0.2003046458492003
dixon_bivar_expected_awmae,4,0.5,0.03,1.75,0.0,-0.05,3.046985897659192,1.0308453922315308,0.10637217567910637,0.6012947448591013,0.1985910129474486
dixon_bivar_expected_awmae,5,0.0,0.0,1.75,0.25,-0.15,3.0470689130755546,1.0305915206905305,0.11151307438436152,0.5995811119573495,0.2022086824067022
dixon_bivar_expected_awmae,5,0.0,0.06,1.75,0.25,0.0,3.047107406096945,1.0315435389692815,0.11195734958111196,0.6002157908098502,0.20195481086570197
dixon_bivar_expected_awmae,4,1.0,0.06,1.75,0.0,0.05,3.047179459190806,1.0322099517644072,0.10453160700685453,0.6025006346788525,0.19567149022594568
dixon_bivar_expected_awmae,4,0.0,0.0,1.75,0.25,-0.05,3.0472318349663374,1.0332254379284083,0.11227468900736227,0.5998984513835999,0.20265295760345264
dixon_bivar_expected_awmae,5,0.0,0.03,1.75,0.25,-0.05,3.047246190779199,1.0311309977151562,0.11176694592536177,0.5998349834983498,0.20182787509520184
dixon_bivar_expected_awmae,4,0.0,0.1,1.75,0.0,0.05,3.0472950726444012,1.0333523736989083,0.10618177202335619,0.6008504696623509,0.20017771007870017
dixon_bivar_expected_awmae,4,0.25,0.06,1.75,0.0,0.05,3.0473553620887097,1.0331937039857833,0.10561056105610561,0.601992891596852,0.19846407717694847
dixon_bivar_expected_awmae,5,0.25,0.03,1.75,0.25,-0.1,3.0473702003817764,1.0306867225184058,0.11100533130236101,0.6002157908098502,0.20227215029195228
dixon_bivar_expected_awmae,4,0.5,0.06,1.75,0.0,0.1,3.0473860138836866,1.0320830159939072,0.10522975374460523,0.6018024879411018,0.19744859101294746
dixon_bivar_expected_awmae,4,0.25,0.03,1.75,0.25,0.15,3.0476035926866696,1.0345582635186596,0.11094186341711094,0.6017390200558518,0.20005077430820006
dixon_bivar_expected_awmae,4,0.5,0.03,1.75,0.0,0.0,3.0476036619915203,1.0318291444529069,0.10554709317085555,0.6021198273673521,0.19852754506219852
dixon_bivar_expected_awmae,4,0.5,0.03,1.75,0.0,0.05,3.047617573455172,1.031956080223407,0.10561056105610561,0.6022467631378522,0.19801980198019803
dixon_bivar_expected_awmae,4,0.75,0.0,1.75,0.0,0.0,3.0476445284529694,1.031956080223407,0.10561056105610561,0.6023102310231023,0.1968139121604468
dixon_bivar_expected_awmae,4,0.25,0.0,1.75,0.25,0.1,3.0476494548136244,1.0342409240924093,0.11164001015486164,0.6021198273673521,0.20093932470170095
dixon_bivar_expected_awmae,4,0.5,0.0,1.75,0.0,0.1,3.04768744658141,1.0323368875349073,0.10561056105610561,0.6025006346788525,0.197004315816197
dixon_bivar_expected_awmae,4,0.5,0.0,1.75,0.25,0.15,3.047730039201714,1.034018786494034,0.10865701954810866,0.602056359482102,0.1985910129474486
dixon_bivar_expected_awmae,5,0.0,0.1,1.75,0.25,0.15,3.0478308080197367,1.0334475755267833,0.11221122112211221,0.6017390200558518,0.20195481086570197
dixon_bivar_expected_awmae,4,0.25,0.06,1.75,0.0,0.15,3.0478628812324566,1.0337966488956587,0.10472201066260473,0.6022467631378522,0.1968139121604468
dixon_bivar_expected_awmae,4,0.0,0.03,1.75,0.0,-0.1,3.047895576409334,1.032908098502158,0.10694338664635694,0.6005331302361006,0.20119319624270118
dixon_bivar_expected_awmae,4,0.0,0.06,1.75,0.25,0.1,3.0479064093190322,1.0352564102564104,0.1124016247778624,0.6009139375476009,0.20303376491495304
dixon_bivar_expected_awmae,4,0.5,0.0,1.75,0.0,-0.05,3.047941836098465,1.0315118050266565,0.10567402894135568,0.6016755521706016,0.1978928662096979
dixon_bivar_expected_awmae,4,0.25,0.03,1.75,0.0,0.0,3.0479844281138995,1.0325272911906576,0.10618177202335619,0.6016755521706016,0.1990987560294491
dixon_bivar_expected_awmae,4,0.5,0.03,1.75,0.0,0.1,3.0480411007016257,1.0322416857070322,0.10522975374460523,0.6018024879411018,0.19694084793094693
dixon_bivar_expected_awmae,4,0.25,0.03,1.75,0.0,0.05,3.0481146035889073,1.0333523736989083,0.10599136836760599,0.6021832952526022,0.19903528814419905
dixon_bivar_expected_awmae,5,0.25,0.06,1.75,0.25,0.05,3.0481760650267335,1.0314483371414065,0.1117034780401117,0.6014851485148515,0.20132013201320131
dixon_bivar_expected_awmae,4,1.0,0.03,1.75,0.0,0.05,3.0481781695284855,1.0325590251332826,0.1045950748921046,0.6026910383346027,0.19586189388169586
dixon_bivar_expected_awmae,4,0.5,0.03,1.75,0.0,0.15,3.048211264288913,1.0326859609037826,0.10516628585935517,0.6024371667936025,0.19617923330794618
dixon_bivar_expected_awmae,5,0.5,0.06,1.75,0.25,0.15,3.048257736714884,1.0320512820512822,0.10922823051535922,0.6022467631378522,0.19916222391469915
dixon_bivar_expected_awmae,5,0.25,0.06,1.75,0.25,-0.05,3.0483260811790767,1.0309723280020309,0.11125920284336126,0.6001523229246002,0.20182787509520184
dixon_bivar_expected_awmae,4,0.0,0.0,1.75,0.25,0.0,3.048330462374864,1.0342091901497843,0.11183041381061183,0.6001523229246002,0.2023990860624524
dixon_bivar_expected_awmae,4,0.0,0.1,1.75,0.0,0.1,3.0484698402760295,1.034145722264534,0.10573749682660574,0.6013582127443513,0.19897182025894897
dixon_bivar_expected_awmae,4,1.0,0.0,1.75,0.0,0.05,3.0484953666757915,1.032939832444783,0.10446813912160446,0.6032622493018532,0.19535415079969534
dixon_bivar_expected_awmae,5,0.25,0.06,1.75,0.25,0.1,3.0485086602307763,1.0321464838791572,0.1118938816958619,0.6023102310231023,0.20151053566895152
dixon_bivar_expected_awmae,4,0.5,0.0,1.75,0.25,0.1,3.0485140332017915,1.0341774562071593,0.10872048743335871,0.6017390200558518,0.19897182025894897
dixon_bivar_expected_awmae,4,0.5,0.0,1.75,0.0,-0.1,3.0485414042614036,1.0311627316577812,0.10580096471185581,0.6011678090886011,0.1978928662096979
dixon_bivar_expected_awmae,4,0.0,0.03,1.75,0.25,0.1,3.048563310507986,1.0355420157400355,0.11214775323686214,0.6014216806296014,0.20265295760345264
dixon_bivar_expected_awmae,4,1.0,0.03,1.75,0.0,0.15,3.048572275969062,1.0331619700431582,0.10364305661335364,0.603071845646103,0.19357705001269357
dixon_bivar_expected_awmae,5,0.5,0.0,1.75,0.25,0.0,3.0485913770422193,1.031004061944656,0.10853008377760853,0.6018024879411018,0.1990987560294491
dixon_bivar_expected_awmae,4,0.25,0.0,1.75,0.0,-0.05,3.048622221690051,1.0326859609037826,0.10586443259710586,0.6014851485148515,0.19878141660319879
dixon_bivar_expected_awmae,4,0.0,0.06,1.75,0.0,-0.05,3.048686594435968,1.0333523736989083,0.10687991876110688,0.6002792586951002,0.2006219852754506
dixon_bivar_expected_awmae,5,0.25,0.03,1.75,0.25,-0.05,3.0487485599445394,1.0313214013709062,0.11119573495811119,0.6004061944656004,0.2018913429804519
dixon_bivar_expected_awmae,4,0.0,0.06,1.75,0.25,0.15,3.048761501842685,1.035954556994161,0.11202081746636203,0.6014216806296014,0.20227215029195228
dixon_bivar_expected_awmae,4,0.25,0.0,1.75,0.0,-0.15,3.0488408385908192,1.0318608783955319,0.10592790048235592,0.6005331302361006,0.1994160954556994
dixon_bivar_expected_awmae,4,0.0,0.0,1.75,0.25,0.05,3.049056598976622,1.03519294237116,0.11214775323686214,0.6009774054328509,0.2025260218329525
dixon_bivar_expected_awmae,5,0.0,0.1,1.75,0.25,0.1,3.049092196638475,1.0324638233054075,0.11227468900736227,0.6002792586951002,0.20163747143945163
dixon_bivar_expected_awmae,4,0.25,0.0,1.75,0.25,0.15,3.0491241563045355,1.034907336887535,0.11094186341711094,0.6017390200558518,0.19954303122619954
dixon_bivar_expected_awmae,5,0.5,0.1,1.75,0.25,0.15,3.0491798693498695,1.0323686214775323,0.10922823051535922,0.601992891596852,0.19973343488194972
dixon_bivar_expected_awmae,5,0.5,0.06,1.75,0.25,0.05,3.049182836616235,1.0312579334856562,0.10903782685960904,0.6015486164001016,0.1997969027671998
dixon_bivar_expected_awmae,4,1.0,0.0,1.75,0.0,0.0,3.0492299609791638,1.0323368875349073,0.1052932216298553,0.6024371667936025,0.19617923330794618
dixon_bivar_expected_awmae,4,0.0,0.06,1.75,0.0,0.0,3.0492746336583263,1.0337014470677837,0.10637217567910637,0.6008504696623509,0.1997969027671998
dixon_bivar_expected_awmae,4,0.25,0.06,1.75,0.0,0.1,3.0492885265000385,1.033955318608784,0.10522975374460523,0.6023102310231023,0.19795633409494795
dixon_bivar_expected_awmae,5,0.5,0.03,1.75,0.25,0.05,3.04934895705937,1.0317022086824068,0.1085935516628586,0.601929423711602,0.19890835237369892
dixon_bivar_expected_awmae,5,0.0,0.06,1.75,0.25,0.1,3.049356719698674,1.033003300330033,0.11227468900736227,0.6013582127443513,0.20182787509520184
dixon_bivar_expected_awmae,5,0.25,0.0,1.75,0.25,-0.1,3.049520077481509,1.0308771261741558,0.11075145976136075,0.6001523229246002,0.2013835998984514
dixon_bivar_expected_awmae,4,0.25,0.0,1.75,0.0,-0.1,3.0495528963129495,1.0324638233054075,0.10586443259710586,0.6010408733181011,0.19916222391469915
dixon_bivar_expected_awmae,4,0.25,0.03,1.75,0.0,-0.05,3.0496255913769654,1.0325907590759076,0.10580096471185581,0.6007870017771008,0.19928915968519928
dixon_bivar_expected_awmae,5,0.25,0.03,1.75,0.25,0.0,3.0496277543274126,1.0314800710840315,0.11094186341711094,0.6006600660066007,0.2006854531607007
dixon_bivar_expected_awmae,4,0.0,0.03,1.75,0.25,0.05,3.049815260581021,1.0348121350596597,0.11259202843361259,0.6002792586951002,0.20297029702970298
dixon_bivar_expected_awmae,5,0.5,0.03,1.75,0.25,0.15,3.04982915851908,1.0324638233054075,0.10853008377760853,0.6023102310231023,0.19833714140644834
dixon_bivar_expected_awmae,4,0.5,0.0,1.75,0.0,0.15,3.049940670863459,1.0327494287890326,0.1052932216298553,0.6022467631378522,0.19579842599644579
dixon_bivar_expected_awmae,4,1.0,0.0,1.75,0.0,0.1,3.0501105707518645,1.033923584666159,0.10376999238385377,0.6033257171871034,0.19471947194719472
dixon_bivar_expected_awmae,5,0.25,0.03,1.75,0.25,0.1,3.050157619776564,1.0324638233054075,0.11144960649911145,0.601992891596852,0.2006219852754506
dixon_bivar_expected_awmae,4,0.0,0.1,1.75,0.0,0.15,3.0502079838339284,1.0348121350596597,0.10592790048235592,0.6018024879411018,0.19865448083269865
dixon_bivar_expected_awmae,4,0.0,0.03,1.75,0.25,0.15,3.0503436685634537,1.0363670982482864,0.11176694592536177,0.6012947448591013,0.20151053566895152
dixon_bivar_expected_awmae,4,0.0,0.03,1.75,0.0,-0.05,3.050367636627228,1.033891850723534,0.1064991114496065,0.6008504696623509,0.19998730642294998
dixon_bivar_expected_awmae,4,0.25,0.0,1.75,0.0,0.0,3.0504204269915833,1.0334158415841583,0.10611830413810612,0.6021832952526022,0.19890835237369892
dixon_bivar_expected_awmae,5,0.5,0.06,1.75,0.25,0.1,3.0505701226472777,1.0322099517644072,0.10878395531860878,0.6017390200558518,0.19922569179994923
dixon_bivar_expected_awmae,4,0.0,0.0,1.75,0.0,-0.15,3.050590336149555,1.0331302361005332,0.1064991114496065,0.6002157908098502,0.2006219852754506
dixon_bivar_expected_awmae,5,0.25,0.06,1.75,0.25,0.0,3.0506944922971986,1.0317022086824068,0.11119573495811119,0.6001523229246002,0.20119319624270118
dixon_bivar_expected_awmae,5,0.0,0.0,1.75,0.25,-0.05,3.0510219534753036,1.0323051535922823,0.11157654226961157,0.6001523229246002,0.20125666412795126
dixon_bivar_expected_awmae,5,0.0,0.03,1.75,0.25,0.0,3.0510490731521496,1.0326224930185326,0.1117034780401117,0.6002792586951002,0.20176440720995176
dixon_bivar_expected_awmae,4,0.25,0.03,1.75,0.0,0.15,3.05120655539407,1.0345899974612847,0.1051028179741051,0.6023102310231023,0.19675044427519675
dixon_bivar_expected_awmae,5,0.25,0.15,1.75,0.0,-0.15,3.0512440545515265,1.0321464838791572,0.10497588220360497,0.6002157908098502,0.20214521452145215
dixon_bivar_expected_awmae,5,0.25,0.06,1.75,0.25,0.15,3.051256964963279,1.0328128966742829,0.11125920284336126,0.6016120842853516,0.19986037065244985
dixon_bivar_expected_awmae,5,0.0,0.06,1.75,0.25,0.15,3.0513297913373933,1.033923584666159,0.11183041381061183,0.6011043412033511,0.20112972835745113
dixon_bivar_expected_awmae,4,0.0,0.0,1.75,0.25,0.1,3.051345586903234,1.036018024879411,0.11208428535161208,0.6014216806296014,0.20201827875095202
dixon_bivar_expected_awmae,4,0.0,0.06,1.75,0.0,0.05,3.051447717369434,1.0345582635186596,0.10605483625285606,0.6010408733181011,0.19890835237369892
dixon_bivar_expected_awmae,5,0.25,0.0,1.75,0.25,0.05,3.0514579557664208,1.0325272911906576,0.11119573495811119,0.6021198273673521,0.20055851739020056
dixon_bivar_expected_awmae,5,0.5,0.0,1.75,0.25,0.1,3.0514894803999546,1.0323368875349073,0.10846661589235847,0.602056359482102,0.19808326986544808
dixon_bivar_expected_awmae,4,0.0,0.06,1.75,0.0,0.1,3.0514960498443338,1.03512947448591,0.10605483625285606,0.6018659558263518,0.19884488448844884
dixon_bivar_expected_awmae,4,0.5,0.0,1.75,0.0,0.0,3.0516102713458797,1.032971566387408,0.10554709317085555,0.601992891596852,0.19808326986544808
dixon_bivar_expected_awmae,5,0.25,0.0,1.75,0.25,-0.05,3.051660699980478,1.0315752729119065,0.11056105610561057,0.6002157908098502,0.2006854531607007
dixon_bivar_expected_awmae,5,0.25,0.03,1.75,0.25,0.15,3.051693703795632,1.032876364559533,0.11125920284336126,0.6018024879411018,0.19960649911144962
dixon_bivar_expected_awmae,5,0.25,0.03,1.75,0.25,0.05,3.0517041531442173,1.0324003554201573,0.11157654226961157,0.6016755521706016,0.20132013201320131
dixon_bivar_expected_awmae,5,0.5,0.0,1.75,0.25,0.05,3.051726269942823,1.0322734196496572,0.10802234069560802,0.6016755521706016,0.1982102056359482
dixon_bivar_expected_awmae,5,0.5,0.0,1.75,0.25,0.15,3.051806216945042,1.033035034272658,0.10783193703985783,0.6021832952526022,0.1975120588981975
dixon_bivar_expected_awmae,5,0.0,0.15,1.75,0.0,-0.15,3.0518844079661864,1.0335745112972836,0.10408733181010409,0.5997715156130998,0.20182787509520184
dixon_bivar_expected_awmae,5,0.0,0.15,1.75,0.0,-0.05,3.0520458400849493,1.0333206397562833,0.10491241431835491,0.6006600660066007,0.20176440720995176
dixon_bivar_expected_awmae,4,0.5,0.0,1.75,0.0,0.05,3.0520486042229487,1.0327811627316579,0.10580096471185581,0.601992891596852,0.19738512312769738
dixon_bivar_expected_awmae,4,0.0,0.0,1.75,0.0,-0.05,3.052062558666211,1.0342726580350343,0.1064991114496065,0.6007870017771008,0.19986037065244985
dixon_bivar_expected_awmae,5,0.25,0.0,1.75,0.25,0.0,3.0520714483210014,1.0323368875349073,0.11106879918761108,0.6013582127443513,0.20087585681645087
dixon_bivar_expected_awmae,5,0.0,0.03,1.75,0.25,0.1,3.052296107834817,1.033891850723534,0.11202081746636203,0.6015486164001016,0.20106626047220105
dixon_bivar_expected_awmae,4,0.25,0.0,1.75,0.0,0.05,3.05232891449487,1.034082254379284,0.10580096471185581,0.6021198273673521,0.1984006092916984
dixon_bivar_expected_awmae,5,0.5,0.15,1.75,0.0,-0.15,3.052364709133863,1.0318291444529069,0.10465854277735466,0.6008504696623509,0.2006219852754506
dixon_bivar_expected_awmae,4,0.0,0.03,1.75,0.0,0.05,3.0524247157749778,1.03506600660066,0.10618177202335619,0.6016120842853516,0.19865448083269865
dixon_bivar_expected_awmae,5,0.25,0.15,1.75,0.0,-0.1,3.0525351192567505,1.0325590251332826,0.10561056105610561,0.6007235338918507,0.2023990860624524
dixon_bivar_expected_awmae,4,0.25,0.03,1.75,0.0,0.1,3.0525637356154363,1.0348121350596597,0.10522975374460523,0.602056359482102,0.1977024625539477
dixon_bivar_expected_awmae,5,0.0,0.06,1.75,0.25,0.05,3.052576846732717,1.033003300330033,0.11202081746636203,0.6000253871541,0.20151053566895152
dixon_bivar_expected_awmae,5,0.25,0.0,1.75,0.25,0.1,3.0528419230228576,1.033098502157908,0.11094186341711094,0.6018659558263518,0.19954303122619954
dixon_bivar_expected_awmae,5,0.5,0.15,1.75,0.0,0.15,3.0528690795990028,1.0326859609037826,0.1033891850723534,0.601992891596852,0.1971947194719472
dixon_bivar_expected_awmae,5,0.5,0.03,1.75,0.25,0.1,3.052992700546081,1.0327494287890326,0.10814927646610815,0.6016755521706016,0.19833714140644834
dixon_bivar_expected_awmae,5,0.0,0.15,1.75,0.0,-0.1,3.0531790907574834,1.0336379791825336,0.10453160700685453,0.5998984513835999,0.2018913429804519
dixon_bivar_expected_awmae,4,0.0,0.0,1.75,0.0,-0.1,3.0532895926186736,1.034050520436659,0.1066895151053567,0.6002157908098502,0.20017771007870017
dixon_bivar_expected_awmae,5,0.5,0.15,1.75,0.0,0.0,3.0532917003003504,1.032876364559533,0.10402386392485402,0.6016755521706016,0.1994160954556994
dixon_bivar_expected_awmae,4,1.0,0.0,1.75,0.0,0.15,3.053308138563112,1.0346851992891597,0.10345265295760345,0.6028179741051028,0.19357705001269357
dixon_bivar_expected_awmae,4,0.0,0.0,1.75,0.0,0.0,3.053355848421939,1.03519294237116,0.10605483625285606,0.6013582127443513,0.19890835237369892
dixon_bivar_expected_awmae,4,0.0,0.0,1.75,0.25,0.15,3.0538274559257155,1.0368431073876618,0.11151307438436152,0.6010408733181011,0.20106626047220105
dixon_bivar_expected_awmae,5,0.75,0.15,1.75,0.0,-0.15,3.053827906076949,1.0323368875349073,0.10376999238385377,0.6009774054328509,0.19865448083269865
dixon_bivar_expected_awmae,5,0.5,0.15,1.75,0.0,0.1,3.054086732385706,1.032876364559533,0.10370652449860371,0.6016120842853516,0.19782939832444782
dixon_bivar_expected_awmae,5,0.0,0.15,1.75,0.0,0.0,3.0540870935181452,1.0337014470677837,0.10434120335110435,0.6005965981213506,0.2004950495049505
dixon_bivar_expected_awmae,4,0.25,0.0,1.75,0.0,0.1,3.054141392701914,1.03506600660066,0.10542015740035542,0.6021198273673521,0.19744859101294746
dixon_bivar_expected_awmae,5,0.5,0.15,1.75,0.0,-0.1,3.0543072206778445,1.0322734196496572,0.10396039603960396,0.6004696623508504,0.19916222391469915
dixon_bivar_expected_awmae,5,0.25,0.0,1.75,0.25,0.15,3.054323999677607,1.033828382838284,0.11094186341711094,0.6021198273673521,0.19954303122619954
dixon_bivar_expected_awmae,5,0.25,0.15,1.75,0.0,0.0,3.054335245245753,1.0333523736989083,0.1044046712363544,0.6006600660066007,0.20005077430820006
dixon_bivar_expected_awmae,5,0.0,0.15,1.75,0.0,0.05,3.054373017611394,1.0337014470677837,0.10402386392485402,0.6009774054328509,0.19960649911144962
dixon_bivar_expected_awmae,4,0.0,0.03,1.75,0.0,0.0,3.0544908836322726,1.03512947448591,0.10586443259710586,0.6007235338918507,0.1990987560294491
dixon_bivar_expected_awmae,5,0.25,0.15,1.75,0.0,-0.05,3.054564339870695,1.033035034272658,0.10491241431835491,0.6005965981213506,0.20087585681645087
dixon_bivar_expected_awmae,5,0.0,0.03,1.75,0.25,0.15,3.0547145583280266,1.03506600660066,0.11132267072861132,0.6012947448591013,0.2003046458492003
dixon_bivar_expected_awmae,5,0.0,0.0,1.75,0.25,0.0,3.054729361281442,1.0335427773546586,0.11125920284336126,0.6002157908098502,0.20112972835745113
dixon_bivar_expected_awmae,5,0.5,0.15,1.75,0.0,0.05,3.0547781024774485,1.0333523736989083,0.10351612084285351,0.6018024879411018,0.19852754506219852
dixon_bivar_expected_awmae,4,0.0,0.03,1.75,0.0,0.1,3.054782466925022,1.0354785478547854,0.10573749682660574,0.6014851485148515,0.19782939832444782
dixon_bivar_expected_awmae,5,0.5,0.15,1.75,0.0,-0.05,3.054803631699824,1.0327176948464076,0.1033891850723534,0.6005331302361006,0.19852754506219852
dixon_bivar_expected_awmae,5,0.0,0.0,1.75,0.25,0.05,3.0548501108657837,1.0344313277481594,0.11125920284336126,0.6012947448591013,0.2013835998984514
dixon_bivar_expected_awmae,5,0.25,0.15,1.75,0.0,0.05,3.054885354620248,1.0337331810104087,0.10421426758060422,0.6012312769738513,0.19966996699669967
dixon_bivar_expected_awmae,4,0.0,0.0,1.75,0.0,0.05,3.055185289780344,1.0358593551662858,0.10611830413810612,0.6018024879411018,0.19852754506219852
dixon_bivar_expected_awmae,4,0.25,0.0,1.75,0.0,0.15,3.055301796711436,1.0358276212236608,0.10516628585935517,0.6022467631378522,0.197004315816197
dixon_bivar_expected_awmae,5,0.0,0.15,1.75,0.0,0.15,3.055384928154163,1.035161208428535,0.10364305661335364,0.6021832952526022,0.19878141660319879
dixon_bivar_expected_awmae,5,0.75,0.15,1.75,0.0,0.0,3.0553887793485264,1.032971566387408,0.10364305661335364,0.601992891596852,0.19706778370144706
dixon_bivar_expected_awmae,4,0.0,0.06,1.75,0.0,0.15,3.055779401986413,1.0357958872810358,0.10561056105610561,0.6013582127443513,0.19738512312769738
dixon_bivar_expected_awmae,5,0.0,0.03,1.75,0.25,0.05,3.0559195544564446,1.0342091901497843,0.1117034780401117,0.6005331302361006,0.20119319624270118
dixon_bivar_expected_awmae,5,0.25,0.15,1.75,0.0,0.1,3.056423520498934,1.0348756029449098,0.10396039603960396,0.602056359482102,0.19960649911144962
dixon_bivar_expected_awmae,5,0.75,0.15,1.75,0.0,-0.05,3.0564797674530286,1.033098502157908,0.10364305661335364,0.6016755521706016,0.19738512312769738
dixon_bivar_expected_awmae,4,0.0,0.03,1.75,0.0,0.15,3.0567137741769033,1.0363670982482864,0.10535668951510535,0.6014851485148515,0.1968139121604468
dixon_bivar_expected_awmae,5,0.0,0.0,1.75,0.25,0.1,3.0567889094257574,1.0353198781416604,0.11106879918761108,0.6014851485148515,0.20017771007870017
dixon_bivar_expected_awmae,5,0.75,0.15,1.75,0.0,-0.1,3.057664861586158,1.0331619700431582,0.10376999238385377,0.6007870017771008,0.19795633409494795
dixon_bivar_expected_awmae,5,0.0,0.0,1.75,0.25,0.15,3.057908563001347,1.0357324193957858,0.11081492764661081,0.6013582127443513,0.19935262757044936
dixon_bivar_expected_awmae,5,0.25,0.15,1.75,0.0,0.15,3.0579147097112926,1.0348438690022848,0.10345265295760345,0.6017390200558518,0.19814673775069816
dixon_bivar_expected_awmae,5,0.0,0.15,1.75,0.0,0.1,3.058190775241462,1.0352564102564104,0.10326224930185327,0.6011043412033511,0.19852754506219852
dixon_bivar_expected_awmae,5,0.25,0.1,1.75,0.0,-0.15,3.0582770787016322,1.0333523736989083,0.10491241431835491,0.6005331302361006,0.20043158161970043
dixon_bivar_expected_awmae,5,0.75,0.15,1.75,0.0,0.05,3.058586876480014,1.0336379791825336,0.10357958872810358,0.6016120842853516,0.1968139121604468
dixon_bivar_expected_awmae,5,0.75,0.15,1.75,0.0,0.15,3.0586909468160695,1.0347169332317847,0.10224676313785225,0.6028814419903529,0.195988829652196
dixon_bivar_expected_awmae,4,0.0,0.0,1.75,0.0,0.1,3.0589238488498283,1.0369065752729119,0.10535668951510535,0.6012947448591013,0.19694084793094693
dixon_bivar_expected_awmae,5,0.5,0.1,1.75,0.0,-0.05,3.0595742846968816,1.033891850723534,0.10376999238385377,0.6014216806296014,0.19757552678344759
dixon_bivar_expected_awmae,5,0.5,0.1,1.75,0.0,0.0,3.059682667920572,1.034050520436659,0.10364305661335364,0.6016755521706016,0.19776593043919777
dixon_bivar_expected_awmae,5,0.5,0.1,1.75,0.0,0.15,3.0599683356531253,1.0347804011170347,0.10269103833460269,0.6026275704493527,0.1952906829144453
dixon_bivar_expected_awmae,5,0.5,0.1,1.75,0.0,-0.15,3.060021398085339,1.0335427773546586,0.10389692815435389,0.6005965981213506,0.19833714140644834
dixon_bivar_expected_awmae,5,0.5,0.1,1.75,0.0,-0.1,3.060095276152106,1.0337649149530337,0.10313531353135313,0.6004696623508504,0.19713125158669714
dixon_bivar_expected_awmae,5,0.75,0.15,1.75,0.0,0.1,3.0602218067860703,1.0344947956334094,0.10294490987560294,0.6018024879411018,0.19636963696369636
dixon_bivar_expected_awmae,4,0.0,0.0,1.75,0.0,0.15,3.060392282605047,1.0373191165270372,0.10503935008885504,0.6014216806296014,0.19643310484894644
dixon_bivar_expected_awmae,5,0.25,0.1,1.75,0.0,-0.05,3.0607615431156647,1.0346851992891597,0.10453160700685453,0.6009139375476009,0.19890835237369892
dixon_bivar_expected_awmae,5,0.25,0.1,1.75,0.0,0.05,3.061224579903634,1.0356372175679107,0.10370652449860371,0.601929423711602,0.19852754506219852
dixon_bivar_expected_awmae,5,0.0,0.1,1.75,0.0,-0.15,3.0615255057714745,1.0356689515105357,0.10427773546585428,0.5998349834983498,0.20093932470170095
dixon_bivar_expected_awmae,5,0.0,0.1,1.75,0.0,-0.1,3.0616852328991846,1.0355737496826605,0.10453160700685453,0.6005965981213506,0.20043158161970043
dixon_bivar_expected_awmae,5,0.25,0.1,1.75,0.0,-0.1,3.0618690423585373,1.0347486671744097,0.10396039603960396,0.6002792586951002,0.19916222391469915
dixon_bivar_expected_awmae,5,0.0,0.1,1.75,0.0,-0.05,3.062024025928899,1.0358910891089108,0.10421426758060422,0.6008504696623509,0.1997969027671998
dixon_bivar_expected_awmae,5,0.75,0.1,1.75,0.0,-0.15,3.062217157017433,1.034018786494034,0.10351612084285351,0.6005965981213506,0.19662350850469662
dixon_bivar_expected_awmae,5,0.25,0.1,1.75,0.0,0.0,3.0622851277638494,1.03506600660066,0.10389692815435389,0.6010408733181011,0.1982102056359482
dixon_bivar_expected_awmae,5,0.25,0.1,1.75,0.0,0.1,3.0624588656118914,1.0362718964204112,0.103008377760853,0.6021198273673521,0.19744859101294746
dixon_bivar_expected_awmae,5,0.75,0.1,1.75,0.0,-0.05,3.0625607341113414,1.0343678598629094,0.10396039603960396,0.6018659558263518,0.19656004061944657
dixon_bivar_expected_awmae,5,0.5,0.1,1.75,0.0,0.1,3.0627541102510363,1.0348756029449098,0.10281797410510282,0.6016120842853516,0.19535415079969534
dixon_bivar_expected_awmae,5,0.25,0.1,1.75,0.0,0.15,3.0629968744458855,1.0363036303630364,0.10281797410510282,0.601929423711602,0.1963061690784463
dixon_bivar_expected_awmae,5,0.75,0.1,1.75,0.0,0.0,3.0630097870085806,1.0346851992891597,0.10307184564610307,0.6016755521706016,0.19541761868494542
dixon_bivar_expected_awmae,5,0.5,0.1,1.75,0.0,0.05,3.0631710021048333,1.0347804011170347,0.10313531353135313,0.6016755521706016,0.19617923330794618
dixon_bivar_expected_awmae,5,0.75,0.1,1.75,0.0,0.1,3.063901439787132,1.0358276212236608,0.10237369890835238,0.6026275704493527,0.19484640771769485
dixon_bivar_expected_awmae,5,0.75,0.1,1.75,0.0,-0.1,3.063960310926846,1.0345265295760346,0.10376999238385377,0.6014851485148515,0.19694084793094693
dixon_bivar_expected_awmae,5,0.0,0.1,1.75,0.0,0.0,3.0639604567405194,1.0363036303630364,0.10402386392485402,0.6007870017771008,0.19928915968519928
dixon_bivar_expected_awmae,5,1.0,0.15,1.75,0.0,-0.1,3.064053496222144,1.035097740543285,0.10237369890835238,0.6014216806296014,0.1963061690784463
dixon_bivar_expected_awmae,5,1.0,0.15,1.75,0.0,-0.15,3.0640714467438466,1.0345899974612847,0.1025006346788525,0.6009139375476009,0.19617923330794618
dixon_bivar_expected_awmae,5,0.0,0.1,1.75,0.0,0.1,3.0641924416729114,1.0372873825844122,0.10288144199035289,0.601929423711602,0.19694084793094693
dixon_bivar_expected_awmae,5,0.5,0.06,1.75,0.0,0.15,3.0643741634294157,1.0355737496826605,0.10288144199035289,0.6025641025641025,0.1944021325209444
dixon_bivar_expected_awmae,5,0.0,0.1,1.75,0.0,0.15,3.0645223118938865,1.0372873825844122,0.10269103833460269,0.6018024879411018,0.19617923330794618
dixon_bivar_expected_awmae,5,0.75,0.1,1.75,0.0,0.05,3.0645626588507824,1.0354468139121604,0.10288144199035289,0.6018659558263518,0.1951002792586951
dixon_bivar_expected_awmae,5,0.5,0.06,1.75,0.0,-0.15,3.064866096153831,1.0345899974612847,0.10307184564610307,0.6004061944656004,0.19617923330794618
dixon_bivar_expected_awmae,5,0.5,0.06,1.75,0.0,0.1,3.065081357233707,1.0357324193957858,0.10332571718710333,0.6023102310231023,0.19516374714394516
dixon_bivar_expected_awmae,5,0.75,0.1,1.75,0.0,0.15,3.0651123157212363,1.0363353643056614,0.10224676313785225,0.6028814419903529,0.19414826097994414
dixon_bivar_expected_awmae,5,1.0,0.15,1.75,0.0,0.1,3.06558682645874,1.035954556994161,0.10224676313785225,0.6025006346788525,0.19573495811119573
dixon_bivar_expected_awmae,5,1.0,0.15,1.75,0.0,-0.05,3.0656790983486335,1.0356372175679107,0.10211982736735212,0.6015486164001016,0.19636963696369636
dixon_bivar_expected_awmae,5,0.5,0.06,1.75,0.0,0.0,3.065782594924644,1.0357324193957858,0.10345265295760345,0.601929423711602,0.1964965727341965
dixon_bivar_expected_awmae,5,0.0,0.1,1.75,0.0,0.05,3.0657972854724496,1.0371287128712872,0.10307184564610307,0.6011043412033511,0.19763899466869764
dixon_bivar_expected_awmae,5,0.5,0.06,1.75,0.0,-0.1,3.0660504674874334,1.035097740543285,0.10332571718710333,0.6011678090886011,0.19605229753744605
dixon_bivar_expected_awmae,5,0.25,0.06,1.75,0.0,-0.15,3.066304145772342,1.0354150799695354,0.10421426758060422,0.6004696623508504,0.19846407717694847
dixon_bivar_expected_awmae,5,1.0,0.15,1.75,0.0,0.15,3.0670271878176245,1.0364623000761615,0.1025006346788525,0.6026910383346027,0.19541761868494542
dixon_bivar_expected_awmae,5,0.25,0.06,1.75,0.0,-0.05,3.0670305014338806,1.0362401624777862,0.10364305661335364,0.6009139375476009,0.19706778370144706
dixon_bivar_expected_awmae,5,0.25,0.06,1.75,0.0,-0.1,3.067087779579923,1.0361449606499111,0.10364305661335364,0.6008504696623509,0.1977024625539477
dixon_bivar_expected_awmae,5,0.25,0.06,1.75,0.0,0.05,3.0670923726365413,1.0371287128712872,0.10389692815435389,0.6023736989083524,0.1975120588981975
dixon_bivar_expected_awmae,5,0.0,0.06,1.75,0.0,-0.1,3.067196295640985,1.0373508504696622,0.1044046712363544,0.6010408733181011,0.19960649911144962
dixon_bivar_expected_awmae,5,0.5,0.06,1.75,0.0,0.05,3.0672380289047916,1.0362718964204112,0.103008377760853,0.601992891596852,0.19535415079969534
dixon_bivar_expected_awmae,5,1.0,0.15,1.75,0.0,0.05,3.0672568229352093,1.0362401624777862,0.10218329525260218,0.602056359482102,0.19579842599644579
dixon_bivar_expected_awmae,5,1.0,0.15,1.75,0.0,0.0,3.067261695297845,1.036049758822036,0.10218329525260218,0.6016755521706016,0.19592536176694592
dixon_bivar_expected_awmae,5,0.25,0.06,1.75,0.0,0.1,3.067684035034481,1.0370969789286621,0.10313531353135313,0.602056359482102,0.19611576542269613
dixon_bivar_expected_awmae,5,0.75,0.06,1.75,0.0,-0.15,3.067895010484133,1.0356372175679107,0.10370652449860371,0.6013582127443513,0.19624270119319626
dixon_bivar_expected_awmae,5,0.0,0.06,1.75,0.0,-0.15,3.06791601629611,1.0372873825844122,0.10465854277735466,0.6004696623508504,0.2006219852754506
dixon_bivar_expected_awmae,5,0.5,0.06,1.75,0.0,-0.05,3.0680767517063696,1.0362718964204112,0.10307184564610307,0.6014216806296014,0.19605229753744605
dixon_bivar_expected_awmae,5,0.0,0.06,1.75,0.0,0.0,3.0682669115033523,1.0378585935516629,0.10351612084285351,0.6011043412033511,0.1971947194719472
dixon_bivar_expected_awmae,5,0.0,0.06,1.75,0.0,-0.05,3.068320922283509,1.0371921807565372,0.10396039603960396,0.6009774054328509,0.1982102056359482
dixon_bivar_expected_awmae,5,0.25,0.06,1.75,0.0,0.0,3.0685585682716443,1.0369700431581619,0.10396039603960396,0.6016120842853516,0.19757552678344759
dixon_bivar_expected_awmae,5,0.0,0.06,1.75,0.0,0.1,3.0686682078791088,1.0381759329779132,0.1025006346788525,0.6018659558263518,0.19573495811119573
dixon_bivar_expected_awmae,5,0.75,0.06,1.75,0.0,-0.1,3.0689137403309967,1.0361132267072861,0.10351612084285351,0.601929423711602,0.1956080223406956
dixon_bivar_expected_awmae,5,0.25,0.06,1.75,0.0,0.15,3.068999770078998,1.0377316577811628,0.10275450621985276,0.601992891596852,0.19497334348819498
dixon_bivar_expected_awmae,5,0.5,0.03,1.75,0.0,0.0,3.0690399447906493,1.0364623000761615,0.10364305661335364,0.6018024879411018,0.19586189388169586
dixon_bivar_expected_awmae,5,0.0,0.06,1.75,0.0,0.05,3.0691378994474805,1.0383028687484133,0.10313531353135313,0.6018024879411018,0.19675044427519675
dixon_bivar_expected_awmae,5,0.5,0.03,1.75,0.0,-0.15,3.06924578895894,1.0357641533384108,0.10326224930185327,0.6007235338918507,0.19573495811119573
dixon_bivar_expected_awmae,5,0.5,0.03,1.75,0.0,0.1,3.069246886076781,1.0367796395024118,0.1033891850723534,0.6025006346788525,0.19484640771769485
dixon_bivar_expected_awmae,5,0.5,0.03,1.75,0.0,0.05,3.0696148735345434,1.0366844376745368,0.1033891850723534,0.6018659558263518,0.1952906829144453
dixon_bivar_expected_awmae,5,0.25,0.03,1.75,0.0,0.1,3.0699047363945335,1.0375729880680375,0.10313531353135313,0.6023102310231023,0.19516374714394516
dixon_bivar_expected_awmae,5,0.25,0.03,1.75,0.0,-0.15,3.0700818793805515,1.0362718964204112,0.10370652449860371,0.6005965981213506,0.19713125158669714
dixon_bivar_expected_awmae,5,0.0,0.06,1.75,0.0,0.15,3.070214953361647,1.0382076669205382,0.10243716679360244,0.6014851485148515,0.19459253617669459
dixon_bivar_expected_awmae,5,0.75,0.06,1.75,0.0,0.1,3.0702849475859355,1.0377316577811628,0.10275450621985276,0.6031987814166032,0.19446560040619446
dixon_bivar_expected_awmae,5,0.5,0.03,1.75,0.0,-0.1,3.0704132450904096,1.0364623000761615,0.10326224930185327,0.6012312769738513,0.19579842599644579
dixon_bivar_expected_awmae,5,0.75,0.06,1.75,0.0,0.0,3.070473113917312,1.0366209697892865,0.10307184564610307,0.6017390200558518,0.19459253617669459
dixon_bivar_expected_awmae,5,0.75,0.06,1.75,0.0,-0.05,3.070604147655798,1.0367161716171618,0.10345265295760345,0.6018024879411018,0.19541761868494542
dixon_bivar_expected_awmae,5,0.25,0.03,1.75,0.0,-0.05,3.0706558762575837,1.0372239146991622,0.10383346026910384,0.6014851485148515,0.19656004061944657
dixon_bivar_expected_awmae,5,0.25,0.03,1.75,0.0,0.05,3.070658473576378,1.0378268596090379,0.1033891850723534,0.6021832952526022,0.19624270119319626
dixon_bivar_expected_awmae,5,0.25,0.03,1.75,0.0,-0.1,3.070739601964076,1.037001777100787,0.10357958872810358,0.6008504696623509,0.197004315816197
dixon_bivar_expected_awmae,5,0.0,0.03,1.75,0.0,-0.15,3.0707701863841876,1.0382076669205382,0.10453160700685453,0.6008504696623509,0.19935262757044936
dixon_bivar_expected_awmae,5,0.75,0.06,1.75,0.0,0.05,3.07077322720865,1.0372239146991622,0.10256410256410256,0.6021198273673521,0.19414826097994414
dixon_bivar_expected_awmae,5,0.5,0.03,1.75,0.0,-0.05,3.0708059489117656,1.0367479055597868,0.10376999238385377,0.601929423711602,0.19624270119319626
dixon_bivar_expected_awmae,5,0.5,0.03,1.75,0.0,0.15,3.070928652664787,1.0372239146991622,0.10307184564610307,0.6022467631378522,0.1940847930946941
dixon_bivar_expected_awmae,5,1.0,0.1,1.75,0.0,-0.15,3.0709630561087584,1.0364623000761615,0.10307184564610307,0.6015486164001016,0.195988829652196
dixon_bivar_expected_awmae,5,0.25,0.03,1.75,0.0,0.15,3.071157431613512,1.0383980705762883,0.1025006346788525,0.601929423711602,0.19452906829144453
dixon_bivar_expected_awmae,5,1.0,0.1,1.75,0.0,0.1,3.0711601476423693,1.0384298045189135,0.10135821274435136,0.6028814419903529,0.19364051789794365
dixon_bivar_expected_awmae,5,1.0,0.1,1.75,0.0,-0.1,3.071230812160549,1.0367479055597868,0.10313531353135313,0.6016755521706016,0.19617923330794618
dixon_bivar_expected_awmae,5,0.0,0.03,1.75,0.0,-0.1,3.0717778532899347,1.0384298045189135,0.10408733181010409,0.6008504696623509,0.19846407717694847
dixon_bivar_expected_awmae,5,0.5,0.0,1.75,0.0,-0.15,3.0720129508424976,1.0362401624777862,0.10345265295760345,0.6010408733181011,0.19535415079969534
dixon_bivar_expected_awmae,5,0.25,0.03,1.75,0.0,0.0,3.072061561575701,1.038017263264788,0.10345265295760345,0.601992891596852,0.1968139121604468
dixon_bivar_expected_awmae,5,1.0,0.1,1.75,0.0,0.15,3.0722455653033562,1.0382076669205382,0.1018024879411018,0.6026275704493527,0.1933866463569434
dixon_bivar_expected_awmae,5,0.75,0.06,1.75,0.0,0.15,3.0723590129799287,1.0380807311500382,0.1025006346788525,0.6027545062198527,0.19357705001269357
dixon_bivar_expected_awmae,5,0.5,0.0,1.75,0.0,0.05,3.0725779673043108,1.0375729880680375,0.10376999238385377,0.6021832952526022,0.19484640771769485
dixon_bivar_expected_awmae,5,0.0,0.03,1.75,0.0,0.0,3.0725878693740625,1.038842345773039,0.10332571718710333,0.6014851485148515,0.1964965727341965
dixon_bivar_expected_awmae,5,0.75,0.03,1.75,0.0,-0.15,3.07265147264235,1.0371604468139122,0.10357958872810358,0.6017390200558518,0.19586189388169586
dixon_bivar_expected_awmae,5,0.5,0.0,1.75,0.0,-0.1,3.072819429625889,1.0371921807565372,0.10370652449860371,0.6017390200558518,0.19579842599644579
dixon_bivar_expected_awmae,5,0.0,0.03,1.75,0.0,0.05,3.072941391678223,1.0392548870271643,0.10313531353135313,0.601929423711602,0.19605229753744605
dixon_bivar_expected_awmae,5,0.25,0.0,1.75,0.0,0.0,3.0729429859562,1.0382076669205382,0.10357958872810358,0.6022467631378522,0.19624270119319626
dixon_bivar_expected_awmae,5,0.0,0.03,1.75,0.0,-0.05,3.0731043116295704,1.038842345773039,0.10351612084285351,0.6009139375476009,0.19738512312769738
dixon_bivar_expected_awmae,5,0.25,0.0,1.75,0.0,-0.1,3.0731357550912572,1.0374143183549125,0.10364305661335364,0.6012312769738513,0.19573495811119573
dixon_bivar_expected_awmae,5,0.75,0.03,1.75,0.0,-0.1,3.0732843299393724,1.0373191165270372,0.10370652449860371,0.6016755521706016,0.19554455445544555
dixon_bivar_expected_awmae,5,0.5,0.0,1.75,0.0,0.1,3.073371244042776,1.037922061436913,0.10345265295760345,0.6024371667936025,0.1944021325209444
dixon_bivar_expected_awmae,5,0.25,0.0,1.75,0.0,-0.05,3.073466518633155,1.0376681898959126,0.10370652449860371,0.6016755521706016,0.19573495811119573
dixon_bivar_expected_awmae,5,1.0,0.1,1.75,0.0,0.05,3.0736374773072086,1.038905813658289,0.10123127697385123,0.6025006346788525,0.19395785732419396
dixon_bivar_expected_awmae,5,0.25,0.0,1.75,0.0,0.05,3.073683160570071,1.0385884742320386,0.10332571718710333,0.6021832952526022,0.195988829652196
dixon_bivar_expected_awmae,5,0.75,0.03,1.75,0.0,-0.05,3.073974299802105,1.0377316577811628,0.10307184564610307,0.6018659558263518,0.19452906829144453
dixon_bivar_expected_awmae,5,0.0,0.03,1.75,0.0,0.15,3.073978044434782,1.0392548870271643,0.1025006346788525,0.6017390200558518,0.19427519675044427
dixon_bivar_expected_awmae,5,0.75,0.03,1.75,0.0,0.05,3.0741718650275214,1.0381441990352882,0.10269103833460269,0.6027545062198527,0.19351358212744352
dixon_bivar_expected_awmae,5,0.0,0.03,1.75,0.0,0.1,3.0742833619417134,1.03985783193704,0.10288144199035289,0.602056359482102,0.19554455445544555
dixon_bivar_expected_awmae,5,0.25,0.0,1.75,0.0,0.1,3.0742914549117315,1.0387471439451637,0.10332571718710333,0.6021198273673521,0.19497334348819498
dixon_bivar_expected_awmae,5,0.75,0.03,1.75,0.0,0.1,3.074410803411759,1.0384298045189135,0.10199289159685199,0.6026910383346027,0.1928789032749429
dixon_bivar_expected_awmae,5,0.25,0.0,1.75,0.0,-0.15,3.0744206560104557,1.0372556486417872,0.10389692815435389,0.6007870017771008,0.19617923330794618
dixon_bivar_expected_awmae,5,0.5,0.0,1.75,0.0,0.15,3.074485333725888,1.0382394008631632,0.10307184564610307,0.6024371667936025,0.19357705001269357
dixon_bivar_expected_awmae,5,0.75,0.03,1.75,0.0,0.0,3.074629460330857,1.0380807311500382,0.10326224930185327,0.6021832952526022,0.19427519675044427
dixon_bivar_expected_awmae,5,0.5,0.0,1.75,0.0,0.0,3.0746295471621297,1.037890327494288,0.10364305661335364,0.601929423711602,0.19573495811119573
dixon_bivar_expected_awmae,5,0.5,0.0,1.75,0.0,-0.05,3.07465994727276,1.0374460522975375,0.10408733181010409,0.6021198273673521,0.19573495811119573
dixon_bivar_expected_awmae,5,0.0,0.0,1.75,0.0,-0.15,3.0750316471157486,1.039032749428789,0.1044046712363544,0.6007235338918507,0.1982102056359482
dixon_bivar_expected_awmae,5,1.0,0.1,1.75,0.0,-0.05,3.075270902005158,1.037953795379538,0.10262757044935263,0.6015486164001016,0.19573495811119573
dixon_bivar_expected_awmae,5,0.0,0.0,1.75,0.0,0.0,3.0754339996658584,1.040143437420665,0.10326224930185327,0.6021832952526022,0.19617923330794618
dixon_bivar_expected_awmae,5,1.0,0.06,1.75,0.0,0.05,3.075807679868819,1.0395722264534146,0.10173902005585174,0.6032622493018532,0.1940847930946941
dixon_bivar_expected_awmae,5,1.0,0.1,1.75,0.0,0.0,3.0760340701230233,1.0384932724041636,0.10218329525260218,0.602056359482102,0.19503681137344503
dixon_bivar_expected_awmae,5,0.25,0.0,1.75,0.0,0.15,3.0760357287278857,1.039127951256664,0.10237369890835238,0.6016755521706016,0.19345011424219344
dixon_bivar_expected_awmae,5,0.0,0.0,1.75,0.0,-0.1,3.076382060096481,1.0394770246255394,0.10370652449860371,0.6009139375476009,0.19763899466869764
dixon_bivar_expected_awmae,5,0.75,0.0,1.75,0.0,-0.1,3.076757703041408,1.0385884742320386,0.10313531353135313,0.602056359482102,0.19465600406194467
dixon_bivar_expected_awmae,5,0.0,0.0,1.75,0.0,0.05,3.076758227500523,1.0395404925107896,0.1031987814166032,0.6012947448591013,0.1949098756029449
dixon_bivar_expected_awmae,5,0.75,0.0,1.75,0.0,0.1,3.0767780912588187,1.0392866209697893,0.10231023102310231,0.603071845646103,0.19294237116019294
dixon_bivar_expected_awmae,5,1.0,0.06,1.75,0.0,-0.15,3.076782332792441,1.0377951256664129,0.10332571718710333,0.6018659558263518,0.1951002792586951
dixon_bivar_expected_awmae,5,0.75,0.03,1.75,0.0,0.15,3.0767990535536014,1.039032749428789,0.10269103833460269,0.6028179741051028,0.19306930693069307
dixon_bivar_expected_awmae,5,0.75,0.0,1.75,0.0,-0.15,3.0769583894198025,1.0383980705762883,0.10313531353135313,0.601929423711602,0.19471947194719472
dixon_bivar_expected_awmae,5,0.75,0.0,1.75,0.0,0.05,3.076971271057074,1.038842345773039,0.10332571718710333,0.6028814419903529,0.19376745366844378
dixon_bivar_expected_awmae,5,1.0,0.06,1.75,0.0,0.1,3.077036299572861,1.040143437420665,0.10097740543285098,0.6027545062198527,0.19268849961919268
dixon_bivar_expected_awmae,5,0.0,0.0,1.75,0.0,-0.05,3.0771269212935715,1.040016501650165,0.10351612084285351,0.6010408733181011,0.1964965727341965
dixon_bivar_expected_awmae,5,0.75,0.0,1.75,0.0,-0.05,3.0772308978266922,1.0383980705762883,0.1033891850723534,0.602056359482102,0.19433866463569432
dixon_bivar_expected_awmae,5,1.0,0.06,1.75,0.0,0.15,3.077271604592793,1.0397308961665397,0.1012947448591013,0.6028814419903529,0.1924980959634425
dixon_bivar_expected_awmae,5,1.0,0.06,1.75,0.0,-0.05,3.077794309828351,1.0392866209697893,0.10211982736735212,0.6018024879411018,0.1944021325209444
dixon_bivar_expected_awmae,5,0.75,0.0,1.75,0.0,0.0,3.0779134073696257,1.038874079715664,0.10281797410510282,0.6021198273673521,0.19357705001269357
dixon_bivar_expected_awmae,5,1.0,0.03,1.75,0.0,-0.15,3.0780683419638435,1.038937547600914,0.10275450621985276,0.601929423711602,0.19459253617669459
dixon_bivar_expected_awmae,5,0.0,0.0,1.75,0.0,0.1,3.0784588934203203,1.0403655750190404,0.1031987814166032,0.6016120842853516,0.19516374714394516
dixon_bivar_expected_awmae,5,0.0,0.0,1.75,0.0,0.15,3.078685131062024,1.0404607768469154,0.10288144199035289,0.6016120842853516,0.19433866463569432
dixon_bivar_expected_awmae,5,1.0,0.06,1.75,0.0,-0.1,3.078921122267371,1.0386836760599136,0.10231023102310231,0.6014851485148515,0.19446560040619446
dixon_bivar_expected_awmae,5,1.0,0.03,1.75,0.0,-0.1,3.0793448419429934,1.0392866209697893,0.10281797410510282,0.6018659558263518,0.1944021325209444
dixon_bivar_expected_awmae,5,1.0,0.06,1.75,0.0,0.0,3.079424452717953,1.03992129982229,0.1018024879411018,0.602056359482102,0.1940847930946941
dixon_bivar_expected_awmae,5,1.0,0.03,1.75,0.0,0.05,3.079712032752229,1.0407146483879157,0.10148514851485149,0.6034526529576034,0.1933866463569434
dixon_bivar_expected_awmae,5,1.0,0.03,1.75,0.0,0.15,3.0800636577093354,1.0407146483879157,0.1011043412033511,0.6026910383346027,0.1921807565371922
dixon_bivar_expected_awmae,5,1.0,0.03,1.75,0.0,0.1,3.0804344322632833,1.040936785986291,0.10116780908860117,0.6029449098756029,0.1928789032749429
dixon_bivar_expected_awmae,5,1.0,0.03,1.75,0.0,0.0,3.081131542185752,1.0404607768469154,0.10173902005585174,0.6025641025641025,0.19357705001269357
dixon_bivar_expected_awmae,5,0.75,0.0,1.75,0.0,0.15,3.08118533783799,1.0402069053059153,0.10199289159685199,0.6021832952526022,0.19192688499619193
dixon_bivar_expected_awmae,5,1.0,0.03,1.75,0.0,-0.05,3.081307654149293,1.04004823559279,0.10205635948210205,0.6018659558263518,0.19389438943894388
dixon_bivar_expected_awmae,5,1.0,0.0,1.75,0.0,-0.1,3.081646301400833,1.040016501650165,0.10262757044935263,0.6021198273673521,0.19421172886519422
dixon_bivar_expected_awmae,5,1.0,0.0,1.75,0.0,0.0,3.0823466552971337,1.0408415841584158,0.10211982736735212,0.6031353135313532,0.1937039857831937
dixon_bivar_expected_awmae,5,1.0,0.0,1.75,0.0,-0.15,3.082743852343314,1.04011170347804,0.1025006346788525,0.6018659558263518,0.19446560040619446
dixon_bivar_expected_awmae,5,1.0,0.0,1.75,0.0,0.05,3.0827632267537584,1.041063721756791,0.10192942371160194,0.6029449098756029,0.19325971058644326
dixon_bivar_expected_awmae,5,1.0,0.0,1.75,0.0,0.1,3.0836218119286163,1.0414445290682914,0.10148514851485149,0.6029449098756029,0.19237116019294237
dixon_bivar_expected_awmae,5,1.0,0.0,1.75,0.0,0.15,3.0837462213175453,1.0415397308961665,0.10104087331810103,0.6024371667936025,0.19122873825844122
dixon_bivar_expected_awmae,5,1.0,0.0,1.75,0.0,-0.05,3.083755052207097,1.0406829144452907,0.10224676313785225,0.6021832952526022,0.19389438943894388
