mode,max_score,draw_margin,outcome_weight,gd_weight,prior_weight,AW-MAE,MAE_raw_component,exact_acc,outcome_acc,goal_diff_acc
outcome_aware,4,0.1,0.35,0.06,0.06,2.9639597275550287,1.0157400355420156,0.10066006600660066,0.5942498095963442,0.22594567149022596
outcome_aware,4,0.1,0.35,0.0,0.06,2.9641948771789535,1.018088347296268,0.10104087331810103,0.5968519928915968,0.22658035034272658
outcome_aware,4,0.1,0.35,0.03,0.06,2.9646804516235283,1.017009393247017,0.10072353389185072,0.5948210205635949,0.2261995430312262
outcome_aware,4,0.0,0.2,0.03,0.06,2.964843117857829,1.0068227976643818,0.10421426758060422,0.5807946179233308,0.2345138359989845
outcome_aware,4,0.2,0.35,0.0,0.06,2.9648585461690065,1.0146293475501396,0.103008377760853,0.5928535161208428,0.22924600152322924
outcome_aware,4,0.0,0.2,0.06,0.06,2.9653638675256935,1.0068227976643818,0.10326224930185327,0.58009647118558,0.2338156892612338
outcome_aware,4,0.0,0.35,0.06,0.06,2.965401659084697,1.0171997969027673,0.09996191926884997,0.5953922315308454,0.22493018532622494
outcome_aware,4,0.1,0.35,0.1,0.06,2.9661246973328192,1.0144072099517645,0.10135821274435136,0.5924092409240924,0.2267072861132267
outcome_aware,4,0.2,0.35,0.06,0.06,2.966502835532976,1.0138994668697638,0.10154861640010154,0.5912033511043412,0.22778624016247778
outcome_aware,4,0.0,0.35,0.03,0.06,2.966608900665529,1.0189134298045188,0.09996191926884997,0.5964077176948465,0.22505712109672504
outcome_aware,4,0.0,0.2,0.06,0.03,2.9667849020144,1.0079334856562578,0.10332571718710333,0.5811754252348311,0.23305407463823305
outcome_aware,4,0.2,0.35,0.03,0.06,2.9668030515872843,1.0143437420665145,0.10237369890835238,0.5915841584158416,0.2284209190149784
outcome_aware,4,0.1,0.35,0.03,0.03,2.9669078288801503,1.019072099517644,0.10021579080985021,0.5963442498095963,0.22556486417872557
outcome_aware,4,0.0,0.35,0.0,0.06,2.9670066160652984,1.0203731911652705,0.0998984513835999,0.5987560294490988,0.22473978167047473
outcome_aware,4,0.0,0.35,0.1,0.06,2.967051784971213,1.0156765676567656,0.10091393754760092,0.5936151307438436,0.2261995430312262
outcome_aware,4,0.2,0.35,0.03,0.03,2.967329000909051,1.0158035034272659,0.10199289159685199,0.5928535161208428,0.22823051535922823
outcome_aware,4,0.1,0.35,0.1,0.03,2.9674849419377285,1.0164381822797663,0.10059659812135059,0.5937420665143437,0.226009139375476
outcome_aware,4,0.1,0.35,0.06,0.03,2.9676264447825167,1.018183549124143,0.10002538715410003,0.595011424219345,0.2256917999492257
outcome_aware,4,0.1,0.2,0.03,0.06,2.9677029246920474,1.0065054582381314,0.1044046712363544,0.5792079207920792,0.23406956080223407
outcome_aware,4,0.0,0.2,0.0,0.01,2.9680330082571142,1.0096471185580096,0.10332571718710333,0.5833968012185834,0.23254633155623256
outcome_aware,4,0.1,0.35,0.06,0.01,2.9680748165138247,1.018976897689769,0.09958111195734957,0.5956461030718456,0.22493018532622494
outcome_aware,4,0.1,0.35,0.0,0.03,2.9682344536736913,1.0200875856816451,0.10027925869510028,0.5981848184818482,0.22550139629347551
outcome_aware,4,0.1,0.2,0.06,0.06,2.968254937711881,1.0064737242955064,0.10351612084285351,0.5786367098248286,0.23343488194973344
outcome_aware,4,0.1,0.35,0.06,0.0,2.968720444406055,1.0198019801980198,0.09945417618684946,0.5962807819243463,0.22486671744097486
outcome_aware,4,0.0,0.2,0.1,0.03,2.968796647927666,1.0078382838283828,0.10345265295760345,0.5805407463823306,0.23337141406448336
outcome_aware,4,0.2,0.35,0.1,0.06,2.96884746258579,1.0132013201320131,0.10205635948210205,0.5898070576288398,0.22816704747397817
outcome_aware,4,0.0,0.35,0.03,0.03,2.9688702212465006,1.021039603960396,0.09939070830159939,0.5981848184818482,0.22416857070322416
outcome_aware,4,0.0,0.2,0.0,0.0,2.9688742506192902,1.0103452652957603,0.10269103833460269,0.5836506727595836,0.23184818481848185
outcome_aware,4,0.1,0.35,0.0,0.01,2.9688845365469683,1.0206270627062706,0.09983498349834984,0.5986290936785986,0.2244859101294745
outcome_aware,4,0.0,0.2,0.1,0.06,2.9688967679922116,1.006981467377507,0.1033891850723534,0.5786367098248286,0.23305407463823305
outcome_aware,4,0.0,0.2,0.06,0.01,2.968936256081795,1.0090759075907592,0.10307184564610307,0.582063975628332,0.2326097994414826
outcome_aware,4,0.1,0.35,0.0,0.0,2.968944480046716,1.0213886773292713,0.09913683676059913,0.5991368367605991,0.22385123127697384
outcome_aware,4,0.0,0.35,0.1,0.03,2.9690038619734977,1.0177710078700177,0.10008885503935008,0.5948210205635949,0.22524752475247525
outcome_aware,4,0.1,0.2,0.06,0.03,2.969219636973128,1.0074892104595075,0.10364305661335364,0.5797791317593298,0.23273673521198274
outcome_aware,4,0.0,0.2,0.0,0.06,2.969295505257236,1.0078700177710078,0.10446813912160446,0.5806676821528307,0.23387915714648388
outcome_aware,4,0.1,0.35,0.03,0.0,2.9694497833920606,1.0204683929931455,0.10002538715410003,0.5981848184818482,0.22518405686722517
outcome_aware,4,0.1,0.2,0.0,0.01,2.969466790905681,1.009012439705509,0.10370652449860371,0.582000507743082,0.2326097994414826
outcome_aware,4,0.0,0.2,0.03,0.03,2.969477582870513,1.0085681645087585,0.10370652449860371,0.5813023610053313,0.23305407463823305
outcome_aware,4,0.2,0.35,0.0,0.03,2.9697583253742947,1.0164699162223916,0.10218329525260218,0.5934247270880935,0.22816704747397817
outcome_aware,4,0.0,0.35,0.06,0.03,2.969803988358011,1.0198337141406448,0.0992003046458492,0.5961538461538461,0.2244859101294745
outcome_aware,4,0.0,0.35,0.06,0.01,2.9698245231783194,1.0207539984767708,0.09881949733434882,0.597042396547347,0.22385123127697384
outcome_aware,5,0.1,0.35,0.0,0.06,2.96994105128378,1.0193259710586444,0.0985021579080985,0.5968519928915968,0.2235973597359736
outcome_aware,4,0.2,0.35,0.06,0.03,2.9700322222262137,1.0157400355420156,0.10123127697385123,0.5915841584158416,0.22746890073622747
outcome_aware,4,0.1,0.35,0.03,0.01,2.9700332058269905,1.0202779893373952,0.09964457984259964,0.597105864432597,0.2248032495557248
outcome_aware,4,0.2,0.35,0.06,0.01,2.9701535847780347,1.0163429804518913,0.1011043412033511,0.5923457730388424,0.22708809342472708
outcome_aware,5,0.1,0.35,0.06,0.06,2.970232363382066,1.017136329017517,0.09837522213759838,0.5942498095963442,0.22328002030972327
outcome_aware,5,0.1,0.35,0.03,0.06,2.9702512651900417,1.018183549124143,0.09843869002284844,0.5948210205635949,0.22328002030972327
outcome_aware,4,0.1,0.2,0.0,0.0,2.9702690885001277,1.0097105864432596,0.10307184564610307,0.5822543792840823,0.2319116527037319
outcome_aware,4,0.0,0.2,0.03,0.01,2.9703479361183516,1.0095201827875095,0.10313531353135313,0.5823178471693323,0.23203858847423203
outcome_aware,5,0.0,0.2,0.03,0.06,2.9704139314243427,1.007996953541508,0.10192942371160194,0.5807946179233308,0.2315943132774816
outcome_aware,4,0.0,0.2,0.06,0.0,2.970423005781555,1.00990099009901,0.10243716679360244,0.5818101040873318,0.23178471693323177
outcome_aware,4,0.2,0.35,0.06,0.0,2.9705878902729963,1.016914191419142,0.1011043412033511,0.5928535161208428,0.2272150291952272
outcome_aware,5,0.2,0.35,0.0,0.06,2.970604720273833,1.015866971312516,0.10046966235085047,0.5928535161208428,0.22626301091647627
outcome_aware,4,0.1,0.35,0.1,0.01,2.9706402413661883,1.017993145468393,0.09983498349834984,0.593995938055344,0.22467631378522468
outcome_aware,4,0.2,0.2,0.03,0.06,2.970688188550561,1.0062198527545063,0.10503935008885504,0.5779385630870779,0.2348946433104849
outcome_aware,4,0.0,0.35,0.06,0.0,2.970697596085369,1.0216742828128966,0.09869256156384869,0.5977405432850977,0.2237877633917238
outcome_aware,4,0.1,0.2,0.0,0.06,2.971000912886777,1.0073622746890074,0.10478547854785479,0.5792713886773293,0.23387915714648388
outcome_aware,4,0.2,0.35,0.03,0.01,2.9711286944366297,1.016977659304392,0.10148514851485149,0.5931073876618431,0.22746890073622747
outcome_aware,4,0.2,0.2,0.0,0.01,2.9711881381242815,1.0085046966235085,0.10421426758060422,0.5806042142675806,0.23387915714648388
outcome_aware,4,0.0,0.2,0.0,0.03,2.971295731198743,1.0093615130743843,0.1033891850723534,0.5816831683168316,0.23254633155623256
outcome_aware,4,0.1,0.2,0.1,0.03,2.971314302251054,1.0075526783447575,0.10370652449860371,0.5793348565625793,0.23311754252348313
outcome_aware,4,0.2,0.35,0.03,0.0,2.971441927045475,1.017104595074892,0.1018024879411018,0.5935516628585935,0.2275958365067276
outcome_aware,4,0.0,0.2,0.03,0.0,2.9715044632277188,1.009996191926885,0.10281797410510282,0.5821274435135821,0.23146737750698146
outcome_aware,5,0.0,0.2,0.06,0.06,2.9716365033527308,1.0082190911398832,0.10097740543285098,0.58009647118558,0.23115003808073115
outcome_aware,5,0.0,0.35,0.06,0.06,2.971674294911734,1.0185960903782687,0.09767707539984767,0.5953922315308454,0.22226453414572225
outcome_aware,4,0.1,0.2,0.06,0.01,2.9718223737189327,1.0086951002792588,0.10326224930185327,0.5804138106118304,0.2321020563594821
outcome_aware,5,0.1,0.35,0.1,0.06,2.9718255185928335,1.0156765676567656,0.09907336887534908,0.5924092409240924,0.22385123127697384
outcome_aware,4,0.1,0.2,0.03,0.03,2.971836417203266,1.0081873571972582,0.10396039603960396,0.5797156638740797,0.23273673521198274
outcome_aware,4,0.0,0.35,0.03,0.0,2.9718793159003947,1.0226580350342727,0.09894643310484895,0.6001523229246002,0.22347042396547348
outcome_aware,4,0.0,0.35,0.1,0.01,2.9718868430746506,1.0194529068291445,0.09926377253109926,0.5953287636455953,0.22404163493272405
outcome_aware,4,0.0,0.2,0.1,0.0,2.9719257724571104,1.0094884488448845,0.10275450621985276,0.5812388931200813,0.23248286367098248
outcome_aware,4,0.2,0.35,0.1,0.03,2.971967173061738,1.0151688245747652,0.1012947448591013,0.5905052043665905,0.2272150291952272
outcome_aware,4,0.1,0.2,0.03,0.01,2.9719903526701317,1.0090759075907592,0.1033891850723534,0.5809215536938309,0.23197512058898198
outcome_aware,4,0.1,0.2,0.1,0.06,2.971998666940074,1.0068227976643818,0.10351612084285351,0.5773673521198274,0.23273673521198274
outcome_aware,4,0.2,0.2,0.06,0.06,2.9721512608964895,1.0064737242955064,0.10408733181010409,0.5774308200050774,0.2341964965727342
outcome_aware,5,0.0,0.35,0.03,0.06,2.972179714232043,1.0200875856816451,0.09767707539984767,0.5964077176948465,0.22213759837522215
outcome_aware,4,0.2,0.2,0.0,0.0,2.972247661145717,1.0092663112465092,0.10357958872810358,0.5808580858085809,0.23318101040873318
outcome_aware,4,0.1,0.35,0.1,0.0,2.972320526790136,1.0187547600913938,0.0998984513835999,0.5942498095963442,0.224993653211475
outcome_aware,5,0.2,0.35,0.03,0.06,2.972373865153798,1.0155178979436406,0.10008885503935008,0.5915841584158416,0.22550139629347551
outcome_aware,4,0.0,0.2,0.1,0.01,2.9725724749439473,1.0092345773038842,0.10211982736735212,0.5804772784970805,0.23184818481848185
outcome_aware,4,0.2,0.35,0.0,0.01,2.9725818415595815,1.017104595074892,0.10173902005585174,0.5932977913175933,0.22746890073622747
outcome_aware,4,0.0,0.35,0.03,0.01,2.9727044566224774,1.0225310992637726,0.09856562579334857,0.598946433104849,0.2230896166539731
outcome_aware,5,0.0,0.35,0.1,0.06,2.9727526062312277,1.016945925361767,0.09862909367859862,0.5936151307438436,0.22334348819497335
outcome_aware,5,0.0,0.35,0.0,0.06,2.9727527901701243,1.0216108149276466,0.09735973597359736,0.5987560294490988,0.22175679106372176
outcome_aware,5,0.2,0.35,0.06,0.06,2.9727754713600123,1.0152957603452653,0.09926377253109926,0.5912033511043412,0.22512058898197512
outcome_aware,4,0.1,0.2,0.0,0.03,2.9728098629643482,1.0087268342218838,0.10376999238385377,0.5802234069560802,0.23254633155623256
outcome_aware,4,0.2,0.2,0.06,0.03,2.972833914911944,1.0073940086316324,0.10415079969535415,0.5784463061690784,0.2334983498349835
outcome_aware,4,0.0,0.35,0.0,0.03,2.9728951316248926,1.022943640517898,0.0985021579080985,0.5995811119573495,0.22283574511297283
outcome_aware,5,0.1,0.35,0.03,0.03,2.972960010504062,1.0202779893373952,0.0978040111703478,0.5963442498095963,0.2225818735719726
outcome_aware,4,0.1,0.2,0.03,0.0,2.9729745162205226,1.0095519167301346,0.10313531353135313,0.5808580858085809,0.23153084539223154
outcome_aware,4,0.1,0.2,0.06,0.0,2.973007389460206,1.0095201827875095,0.10262757044935263,0.5802234069560802,0.23134044173648133
outcome_aware,5,0.1,0.35,0.1,0.03,2.9730384729049013,1.0178344757552678,0.09831175425234831,0.5937420665143437,0.22334348819497335
outcome_aware,4,0.2,0.2,0.0,0.06,2.9730936748718353,1.006949733434882,0.10542015740035542,0.578002030972328,0.23502157908098503
outcome_aware,5,0.1,0.2,0.03,0.06,2.9732737382585612,1.0076796141152577,0.10211982736735212,0.5792079207920792,0.23115003808073115
outcome_aware,5,0.0,0.2,0.06,0.03,2.973288498666432,1.0093615130743843,0.1011043412033511,0.5811754252348311,0.2301980198019802
outcome_aware,5,0.2,0.35,0.03,0.03,2.9733811825329632,1.017009393247017,0.09958111195734957,0.5928535161208428,0.22524752475247525
outcome_aware,4,0.0,0.35,0.1,0.0,2.9734748340831234,1.0201510535668952,0.09932724041634933,0.5955191673013455,0.2242955064737243
outcome_aware,4,0.2,0.35,0.0,0.0,2.9736805621869835,1.0178027418126427,0.1012947448591013,0.5933612592028433,0.22702462553947703
outcome_aware,4,0.2,0.35,0.1,0.01,2.973870655463122,1.0164064483371413,0.10066006600660066,0.591012947448591,0.22645341457222645
outcome_aware,4,0.2,0.2,0.03,0.01,2.9739098745606825,1.0087585681645088,0.10389692815435389,0.5797156638740797,0.23305407463823305
outcome_aware,4,0.0,0.35,0.0,0.0,2.9740525209698694,1.0247842091901498,0.09704239654734705,0.6009774054328509,0.22105864432597105
outcome_aware,4,0.0,0.35,0.0,0.01,2.974122784571992,1.0238321909113988,0.09793094694084793,0.6002792586951002,0.22175679106372176
outcome_aware,5,0.1,0.35,0.06,0.03,2.974130041434549,1.0196115765422695,0.0978040111703478,0.595011424219345,0.22283574511297283
outcome_aware,5,0.0,0.2,0.0,0.01,2.9742318196995217,1.010916476263011,0.10116780908860117,0.5833968012185834,0.22975374460522976
outcome_aware,4,0.2,0.2,0.0,0.03,2.974249403883493,1.0082508250825082,0.10434120335110435,0.579017517136329,0.23375222137598375
outcome_aware,4,0.2,0.2,0.03,0.03,2.9742686015715454,1.0079652195988829,0.10446813912160446,0.5785097740543285,0.23375222137598375
outcome_aware,5,0.1,0.35,0.06,0.01,2.974321220481804,1.0204049251078955,0.09742320385884742,0.5956461030718456,0.2222010662604722
outcome_aware,5,0.0,0.2,0.1,0.03,2.9743501788948388,1.0092345773038842,0.10116780908860117,0.5805407463823306,0.2307057628839807
outcome_aware,5,0.1,0.35,0.0,0.03,2.974356456982486,1.0213252094440213,0.09812135059659813,0.5981848184818482,0.2227088093424727
outcome_aware,5,0.1,0.2,0.06,0.06,2.974527573538918,1.0078700177710078,0.10123127697385123,0.5786367098248286,0.23076923076923078
outcome_aware,5,0.2,0.35,0.1,0.06,2.974548283845804,1.0144706778370145,0.09977151561309977,0.5898070576288398,0.2253109926377253
outcome_aware,5,0.0,0.35,0.1,0.03,2.974557392940671,1.0191673013455191,0.0978040111703478,0.5948210205635949,0.2225818735719726
outcome_aware,5,0.0,0.2,0.1,0.06,2.9745975892522263,1.0082508250825082,0.1011043412033511,0.5786367098248286,0.2301980198019802
outcome_aware,5,0.0,0.2,0.0,0.0,2.9746357712988147,1.0113924854023864,0.10066006600660066,0.5836506727595836,0.2291825336379792
outcome_aware,5,0.1,0.35,0.0,0.0,2.9747060007262403,1.0224358974358974,0.09710586443259711,0.5991368367605991,0.22118558009647118
outcome_aware,4,0.1,0.2,0.1,0.0,2.97473520015746,1.0092345773038842,0.10294490987560294,0.5798425996445798,0.23203858847423203
outcome_aware,4,0.2,0.2,0.03,0.0,2.9747880349976095,1.0092028433612592,0.10364305661335364,0.5796521959888297,0.2326097994414826
outcome_aware,4,0.2,0.2,0.1,0.03,2.9747895801704183,1.0075526783447575,0.10415079969535415,0.5782559025133283,0.2338156892612338
outcome_aware,5,0.0,0.35,0.03,0.03,2.9749224028704124,1.0222454937801473,0.09697892866209698,0.5981848184818482,0.22118558009647118
outcome_aware,5,0.0,0.2,0.0,0.06,2.9750416793620618,1.0091076415333842,0.10192942371160194,0.5806676821528307,0.23089616653973088
outcome_aware,5,0.1,0.35,0.0,0.01,2.9750833479893752,1.021896420411272,0.09767707539984767,0.5986290936785986,0.22169332317847168
outcome_aware,5,0.0,0.2,0.06,0.01,2.975182660049774,1.0105039350088856,0.10091393754760092,0.582063975628332,0.22988068037572987
outcome_aware,4,0.2,0.2,0.06,0.01,2.975196074911654,1.0085364305661335,0.10376999238385377,0.5790809850215791,0.23286367098248287
outcome_aware,5,0.1,0.35,0.06,0.0,2.975204669850672,1.0211982736735212,0.09729626808834729,0.5962807819243463,0.22213759837522215
outcome_aware,4,0.2,0.2,0.1,0.06,2.9754495873221622,1.0068227976643818,0.10402386392485402,0.5764153338410765,0.2334983498349835
outcome_aware,4,0.1,0.2,0.1,0.01,2.975462422695048,1.008980705762884,0.10237369890835238,0.5791444529068291,0.23153084539223154
outcome_aware,5,0.0,0.2,0.03,0.03,2.975529764494425,1.0097740543285099,0.1012947448591013,0.5813023610053313,0.23007108403148008
outcome_aware,5,0.1,0.35,0.03,0.0,2.975653345080247,1.0217377506981467,0.09793094694084793,0.5981848184818482,0.22245493780147246
outcome_aware,5,0.1,0.2,0.0,0.01,2.9756656023480876,1.0102817974105103,0.10154861640010154,0.582000507743082,0.22981721249047982
outcome_aware,4,0.2,0.35,0.1,0.0,2.975670295764782,1.017072861132267,0.10072353389185072,0.5911398832190912,0.2267072861132267
outcome_aware,5,0.1,0.2,0.06,0.03,2.97572323362516,1.0089172378776339,0.10142168062960143,0.5797791317593298,0.22988068037572987
outcome_aware,5,0.2,0.35,0.0,0.03,2.975880328683089,1.0177075399847677,0.10002538715410003,0.5934247270880935,0.22537446052297538
outcome_aware,5,0.1,0.35,0.03,0.01,2.975883900879578,1.0214204112718963,0.09761360751459762,0.597105864432597,0.22201066260472202
outcome_aware,5,0.1,0.2,0.0,0.0,2.9760306091796522,1.0107578065498857,0.10104087331810103,0.5822543792840823,0.22924600152322924
outcome_aware,5,0.0,0.35,0.06,0.01,2.976070927146299,1.0221820258948973,0.09666158923584667,0.597042396547347,0.22112211221122113
outcome_aware,5,0.0,0.2,0.03,0.01,2.976198631170939,1.0106626047220106,0.1011043412033511,0.5823178471693323,0.22924600152322924
outcome_aware,5,0.2,0.2,0.03,0.06,2.976259002117074,1.0073940086316324,0.10275450621985276,0.5779385630870779,0.23197512058898198
outcome_aware,5,0.0,0.35,0.06,0.03,2.9763075850100433,1.0212617415587713,0.09697892866209698,0.5961538461538461,0.22162985529322163
outcome_aware,4,0.2,0.2,0.06,0.0,2.976349187399998,1.0093932470170095,0.10313531353135313,0.578954049251079,0.23216552424473216
outcome_aware,5,0.2,0.35,0.06,0.01,2.9763999887460137,1.0177710078700177,0.09894643310484895,0.5923457730388424,0.22435897435897437
outcome_aware,5,0.2,0.35,0.06,0.03,2.976535818878246,1.017168062960142,0.09900990099009901,0.5915841584158416,0.2246128458999746
outcome_aware,5,0.1,0.2,0.0,0.06,2.9767470869916024,1.0085998984513835,0.10224676313785225,0.5792713886773293,0.23089616653973088
outcome_aware,5,0.1,0.2,0.1,0.03,2.9768678332182272,1.0089489718202589,0.10142168062960143,0.5793348565625793,0.23045189134298044
outcome_aware,5,0.0,0.2,0.06,0.0,2.9769072312261717,1.0112972835745113,0.10027925869510028,0.5818101040873318,0.22905559786747906
outcome_aware,5,0.2,0.35,0.03,0.01,2.976979389489218,1.018120081238893,0.09945417618684946,0.5931073876618431,0.22467631378522468
outcome_aware,5,0.2,0.35,0.06,0.0,2.977072115717613,1.0183104848946434,0.09894643310484895,0.5928535161208428,0.2244859101294745
outcome_aware,5,0.0,0.35,0.06,0.0,2.9771818215299866,1.023070576288398,0.09653465346534654,0.5977405432850977,0.22105864432597105
outcome_aware,5,0.2,0.2,0.0,0.01,2.977386949566689,1.0097740543285099,0.10205635948210205,0.5806042142675806,0.2310865701954811
outcome_aware,5,0.0,0.2,0.0,0.03,2.977417734507537,1.0105991368367606,0.10123127697385123,0.5816831683168316,0.22975374460522976
outcome_aware,5,0.1,0.35,0.1,0.01,2.9774655446430462,1.0196750444275198,0.09767707539984767,0.593995938055344,0.22226453414572225
outcome_aware,5,0.2,0.35,0.1,0.03,2.9775207040289113,1.0165651180502666,0.09900990099009901,0.5905052043665905,0.22454937801472455
outcome_aware,5,0.2,0.35,0.03,0.0,2.9776454887336614,1.0183739527798934,0.0997080477278497,0.5935516628585935,0.22486671744097486
outcome_aware,5,0.1,0.2,0.1,0.06,2.9776994882000882,1.0080921553693831,0.10123127697385123,0.5773673521198274,0.22988068037572987
outcome_aware,5,0.0,0.2,0.03,0.0,2.9777080249159047,1.0112655496318863,0.10072353389185072,0.5821274435135821,0.22873825844122875
outcome_aware,5,0.1,0.2,0.03,0.01,2.977841047722719,1.0102183295252603,0.10135821274435136,0.5809215536938309,0.2291825336379792
outcome_aware,5,0.1,0.2,0.03,0.03,2.9778885988271773,1.0093932470170095,0.10154861640010154,0.5797156638740797,0.22975374460522976
outcome_aware,5,0.2,0.2,0.0,0.0,2.9780091818252417,1.0103135313531353,0.10154861640010154,0.5808580858085809,0.23051535922823052
outcome_aware,5,0.1,0.2,0.06,0.01,2.9780687776869117,1.0101231276973852,0.1011043412033511,0.5804138106118304,0.22937293729372937
outcome_aware,5,0.0,0.35,0.03,0.0,2.9780828775885806,1.023927392739274,0.09685199289159685,0.6001523229246002,0.22074130489972074
outcome_aware,5,0.2,0.2,0.06,0.06,2.9784238967235264,1.0078700177710078,0.1018024879411018,0.5774308200050774,0.23153084539223154
outcome_aware,5,0.0,0.35,0.03,0.01,2.978555151675065,1.0236735211982737,0.09653465346534654,0.598946433104849,0.2202970297029703
outcome_aware,5,0.0,0.35,0.1,0.01,2.9787121463515085,1.0211348057882712,0.09710586443259711,0.5953287636455953,0.22162985529322163
outcome_aware,5,0.2,0.35,0.0,0.01,2.9787806530019894,1.0183739527798934,0.09958111195734957,0.5932977913175933,0.22467631378522468
outcome_aware,5,0.2,0.2,0.0,0.06,2.9788398489766608,1.0081873571972582,0.10288144199035289,0.578002030972328,0.23203858847423203
outcome_aware,5,0.0,0.2,0.1,0.0,2.9788429444510296,1.011138613861386,0.10053313023610053,0.5812388931200813,0.22988068037572987
outcome_aware,5,0.1,0.2,0.0,0.03,2.9789318662731428,1.00996445798426,0.10161208428535161,0.5802234069560802,0.22975374460522976
outcome_aware,5,0.0,0.35,0.0,0.03,2.979017134933687,1.0241812642802741,0.09634424980959634,0.5995811119573495,0.22004315816197004
outcome_aware,5,0.1,0.2,0.03,0.0,2.9791780779087085,1.010821274435136,0.10104087331810103,0.5808580858085809,0.2288017263264788
outcome_aware,5,0.1,0.35,0.1,0.0,2.9792376987840554,1.0204049251078955,0.09767707539984767,0.5942498095963442,0.22239146991622238
outcome_aware,4,0.2,0.2,0.1,0.0,2.9792902296715855,1.0093615130743843,0.10345265295760345,0.5785097740543285,0.23273673521198274
outcome_aware,5,0.2,0.2,0.06,0.03,2.979337511563976,1.0088220360497588,0.10192942371160194,0.5784463061690784,0.23064229499873065
outcome_aware,4,0.2,0.2,0.1,0.01,2.9793571230082727,1.009012439705509,0.10294490987560294,0.578002030972328,0.23235592790048235
outcome_aware,5,0.0,0.2,0.1,0.01,2.979397778220805,1.010916476263011,0.09996191926884997,0.5804772784970805,0.22943640517897942
outcome_aware,5,0.2,0.35,0.0,0.0,2.979442082866508,1.0188499619192688,0.09926377253109926,0.5933612592028433,0.22435897435897437
outcome_aware,5,0.1,0.2,0.06,0.0,2.979491614904823,1.010916476263011,0.10046966235085047,0.5802234069560802,0.22861132267072862
outcome_aware,5,0.2,0.2,0.03,0.01,2.97976056961327,1.00990099009901,0.10186595582635187,0.5797156638740797,0.23026148768723026
outcome_aware,5,0.0,0.35,0.0,0.0,2.979814041649394,1.0258314292967758,0.09501142421934501,0.6009774054328509,0.2183929931454684
outcome_aware,5,0.2,0.2,0.03,0.03,2.980320783195457,1.0091711094186342,0.10205635948210205,0.5785097740543285,0.23076923076923078
outcome_aware,5,0.0,0.35,0.0,0.01,2.980321596014399,1.0251015486164001,0.09577303884234577,0.6002792586951002,0.21896420411271897
outcome_aware,5,0.2,0.2,0.1,0.03,2.9803431111375915,1.0089489718202589,0.10186595582635187,0.5782559025133283,0.23115003808073115
outcome_aware,5,0.2,0.2,0.0,0.03,2.980371407192287,1.0094884488448845,0.10218329525260218,0.579017517136329,0.23095963442498096
outcome_aware,5,0.0,0.35,0.1,0.0,2.9803920060770426,1.021801218583397,0.09710586443259711,0.5955191673013455,0.22169332317847168
outcome_aware,5,0.2,0.35,0.1,0.01,2.9806959587399797,1.018088347296268,0.0985021579080985,0.591012947448591,0.22404163493272405
outcome_aware,4,0.3,0.35,0.0,0.06,2.980947880124942,1.010821274435136,0.10478547854785479,0.5835237369890836,0.23184818481848185
outcome_aware,5,0.2,0.2,0.03,0.0,2.9809915966857954,1.0104722010662606,0.10154861640010154,0.5796521959888297,0.22988068037572987
outcome_aware,4,0.3,0.35,0.06,0.06,2.981148073220451,1.0111703478040113,0.10313531353135313,0.5835237369890836,0.23000761614623
outcome_aware,5,0.2,0.2,0.1,0.06,2.981150408582176,1.0080921553693831,0.10173902005585174,0.5764153338410765,0.23064229499873065
outcome_aware,5,0.2,0.2,0.06,0.01,2.9814424788796337,1.00996445798426,0.10161208428535161,0.5790809850215791,0.23013455191673013
outcome_aware,4,0.3,0.35,0.03,0.06,2.9815165899221174,1.010948210205636,0.10408733181010409,0.5833333333333334,0.23083269865448083
outcome_aware,5,0.1,0.2,0.1,0.0,2.981652372151379,1.010884742320386,0.10072353389185072,0.5798425996445798,0.22943640517897942
outcome_aware,5,0.1,0.2,0.1,0.01,2.982287725971906,1.0106626047220106,0.10021579080985021,0.5791444529068291,0.2291190657527291
outcome_aware,5,0.2,0.35,0.1,0.0,2.9825874677587016,1.0187230261487688,0.0985021579080985,0.5911398832190912,0.2241051028179741
outcome_aware,5,0.2,0.2,0.06,0.0,2.9828334128446152,1.0107895404925107,0.10097740543285098,0.578954049251079,0.22943640517897942
outcome_aware,4,0.3,0.35,0.1,0.06,2.9830424368135917,1.0113924854023864,0.10307184564610307,0.5832063975628332,0.22969027671997969
outcome_aware,4,0.3,0.2,0.03,0.06,2.9837435313480016,1.0064737242955064,0.10535668951510535,0.5743843615130744,0.2345138359989845
outcome_aware,4,0.3,0.35,0.03,0.03,2.984282877758859,1.0122175679106373,0.10370652449860371,0.5835237369890836,0.23064229499873065
outcome_aware,4,0.3,0.2,0.06,0.06,2.984608136252418,1.0067910637217568,0.10421426758060422,0.574003554201574,0.2334983498349835
outcome_aware,4,0.3,0.35,0.0,0.03,2.984722554157104,1.0123762376237624,0.10376999238385377,0.5835237369890836,0.2310865701954811
outcome_aware,4,0.3,0.2,0.0,0.06,2.9848660967898364,1.0067593297791317,0.10599136836760599,0.5744478293983244,0.23508504696623508
outcome_aware,4,0.3,0.2,0.06,0.03,2.98500110583343,1.0075844122873825,0.1044046712363544,0.5750825082508251,0.23318101040873318
outcome_aware,4,0.3,0.35,0.06,0.03,2.9854445044637963,1.0124714394516374,0.10288144199035289,0.5832063975628332,0.22969027671997969
outcome_aware,4,0.3,0.2,0.03,0.03,2.985505643653386,1.0077430820005078,0.10497588220360497,0.5750825082508251,0.2338156892612338
outcome_aware,4,0.3,0.2,0.0,0.01,2.985570815501059,1.0084094947956335,0.10484894643310484,0.5760979944148261,0.23394262503173394
outcome_aware,4,0.3,0.2,0.1,0.03,2.9858803876059383,1.0077113480578828,0.10421426758060422,0.5750825082508251,0.23311754252348313
outcome_aware,4,0.3,0.35,0.1,0.03,2.9859462028251142,1.0126618431073877,0.10275450621985276,0.5835237369890836,0.22943640517897942
outcome_aware,4,0.3,0.35,0.0,0.01,2.986152207282754,1.0125983752221377,0.10364305661335364,0.5833968012185834,0.23076923076923078
outcome_aware,4,0.3,0.35,0.06,0.01,2.9861737015172265,1.0128839807057628,0.10281797410510282,0.5835872048743336,0.22943640517897942
outcome_aware,5,0.2,0.2,0.1,0.01,2.9861824262851306,1.0106943386646356,0.10078700177710079,0.578002030972328,0.22994414826097995
outcome_aware,4,0.3,0.2,0.03,0.01,2.986200694441344,1.0085046966235085,0.10446813912160446,0.5757806549885758,0.23305407463823305
outcome_aware,5,0.2,0.2,0.1,0.0,2.986207401665505,1.011011678090886,0.10123127697385123,0.5785097740543285,0.23013455191673013
outcome_aware,4,0.3,0.2,0.0,0.0,2.9865063902427638,1.0091393754760092,0.10415079969535415,0.5760979944148261,0.23318101040873318
outcome_aware,4,0.3,0.2,0.1,0.06,2.986579409160583,1.007013201320132,0.10421426758060422,0.5733688753490733,0.23286367098248287
outcome_aware,5,0.3,0.35,0.0,0.06,2.9866940542297677,1.012058898197512,0.10224676313785225,0.5835237369890836,0.22886519421172888
outcome_aware,4,0.3,0.2,0.0,0.03,2.986900724379532,1.0079334856562578,0.10497588220360497,0.5748921045950749,0.23375222137598375
outcome_aware,4,0.3,0.35,0.03,0.01,2.9869019344045147,1.013074384361513,0.1031987814166032,0.5834602691038334,0.23007108403148008
outcome_aware,4,0.3,0.2,0.06,0.01,2.987029721944412,1.0085998984513835,0.10415079969535415,0.5757171871033258,0.2328002030972328
outcome_aware,5,0.3,0.35,0.03,0.06,2.987087403488631,1.012122366082762,0.1018024879411018,0.5833333333333334,0.2279131759329779
outcome_aware,4,0.3,0.35,0.0,0.0,2.987267748293085,1.0132013201320131,0.10326224930185327,0.5833968012185834,0.23032495557248034
outcome_aware,4,0.3,0.35,0.03,0.0,2.9874059464995466,1.0132013201320131,0.10326224930185327,0.5834602691038334,0.23013455191673013
outcome_aware,5,0.3,0.35,0.06,0.06,2.987420709047488,1.0125666412795125,0.10085046966235085,0.5835237369890836,0.22734196496572734
outcome_aware,4,0.3,0.2,0.03,0.0,2.9876295306640204,1.0090759075907592,0.10421426758060422,0.5756537192180756,0.23273673521198274
outcome_aware,4,0.3,0.35,0.06,0.0,2.9876592697726254,1.0135821274435135,0.1025006346788525,0.5835237369890836,0.2294998730642295
outcome_aware,4,0.3,0.2,0.06,0.0,2.9883644729457246,1.0093932470170095,0.10351612084285351,0.5753998476770754,0.23216552424473216
outcome_aware,4,0.3,0.35,0.1,0.01,2.988714090087858,1.0137407971566388,0.10224676313785225,0.5835237369890836,0.22905559786747906
outcome_aware,5,0.3,0.35,0.1,0.06,2.9887432580736064,1.0126618431073877,0.10078700177710079,0.5832063975628332,0.22683422188372684
outcome_aware,5,0.3,0.2,0.03,0.06,2.9893143449145154,1.0076478801726327,0.10307184564610307,0.5743843615130744,0.2315943132774816
outcome_aware,4,0.4,0.35,0.0,0.06,2.9898753841674113,1.006917999492257,0.10491241431835491,0.5734958111195735,0.23337141406448336
outcome_aware,4,0.3,0.35,0.1,0.0,2.9899793154588257,1.0141533384107642,0.10237369890835238,0.5835872048743336,0.22937293729372937
outcome_aware,4,0.3,0.2,0.1,0.01,2.989980588497542,1.0092028433612592,0.1031987814166032,0.5750825082508251,0.23203858847423203
outcome_aware,5,0.3,0.35,0.03,0.03,2.99033505938277,1.0134234577303884,0.1012947448591013,0.5835237369890836,0.22765930439197765
outcome_aware,4,0.4,0.35,0.03,0.06,2.9903924217766815,1.007076669205382,0.10427773546585428,0.5734958111195735,0.23241939578573242
outcome_aware,5,0.3,0.2,0.0,0.06,2.9906122708946627,1.007996953541508,0.10345265295760345,0.5744478293983244,0.2321020563594821
outcome_aware,5,0.3,0.35,0.0,0.03,2.9908445574658984,1.0136138613861385,0.10161208428535161,0.5835237369890836,0.2282939832444783
outcome_aware,5,0.3,0.2,0.06,0.06,2.9908807720794544,1.0081873571972582,0.10192942371160194,0.574003554201574,0.23083269865448083
outcome_aware,4,0.4,0.35,0.06,0.06,2.991149821015713,1.0074574765168824,0.10326224930185327,0.5734958111195735,0.23127697385123128
outcome_aware,4,0.3,0.2,0.1,0.0,2.991198779779419,1.0097423203858849,0.10357958872810358,0.5753363797918253,0.23235592790048235
outcome_aware,5,0.3,0.2,0.1,0.03,2.9914339185731116,1.0091076415333842,0.10192942371160194,0.5750825082508251,0.23045189134298044
outcome_aware,5,0.3,0.35,0.1,0.03,2.9914997337922875,1.0140581365828891,0.10046966235085047,0.5835237369890836,0.22677075399847677
outcome_aware,5,0.3,0.2,0.06,0.03,2.9915047024854617,1.009012439705509,0.10218329525260218,0.5750825082508251,0.23032495557248034
outcome_aware,5,0.3,0.2,0.03,0.03,2.9915578252772983,1.0089489718202589,0.10256410256410256,0.5750825082508251,0.23083269865448083
outcome_aware,4,0.4,0.2,0.0,0.06,2.9916925489941644,1.004887027164255,0.10656257933485656,0.5698781416603199,0.2354023863924854
outcome_aware,5,0.3,0.2,0.0,0.01,2.991769626943467,1.0096788525006346,0.10269103833460269,0.5760979944148261,0.23115003808073115
outcome_aware,5,0.3,0.35,0.06,0.03,2.9919481011158284,1.0138994668697638,0.10066006600660066,0.5832063975628332,0.22683422188372684
outcome_aware,5,0.3,0.2,0.03,0.01,2.992051389493932,1.0096471185580096,0.10243716679360244,0.5757806549885758,0.23026148768723026
outcome_aware,4,0.4,0.2,0.03,0.06,2.9922345423620396,1.005077430820005,0.10586443259710586,0.5697512058898198,0.2345138359989845
outcome_aware,4,0.4,0.35,0.1,0.06,2.9922624661500974,1.0077748159431328,0.10313531353135313,0.5734958111195735,0.23083269865448083
outcome_aware,5,0.3,0.2,0.0,0.0,2.9922679109222874,1.0101865955826352,0.10211982736735212,0.5760979944148261,0.23051535922823052
outcome_aware,5,0.3,0.2,0.1,0.06,2.9922802304205973,1.0082825590251332,0.10192942371160194,0.5733688753490733,0.23000761614623
outcome_aware,5,0.3,0.35,0.0,0.01,2.9923510187251616,1.0138677329271388,0.10148514851485149,0.5833968012185834,0.22797664381822796
outcome_aware,5,0.3,0.35,0.06,0.01,2.992420105485206,1.0143120081238892,0.10066006600660066,0.5835872048743336,0.2267072861132267
outcome_aware,4,0.4,0.35,0.03,0.03,2.9924251112364146,1.0080604214267581,0.10396039603960396,0.5734958111195735,0.23216552424473216
outcome_aware,4,0.4,0.35,0.0,0.03,2.9925962505089667,1.008028687484133,0.10415079969535415,0.5734958111195735,0.23273673521198274
outcome_aware,5,0.3,0.35,0.03,0.01,2.9927526294571027,1.0142168062960142,0.10116780908860117,0.5834602691038334,0.2272784970804773
outcome_aware,5,0.3,0.2,0.0,0.03,2.9930227276883263,1.0091711094186342,0.10281797410510282,0.5748921045950749,0.23095963442498096
outcome_aware,5,0.3,0.35,0.0,0.0,2.993029268972609,1.0142485402386392,0.10123127697385123,0.5833968012185834,0.22765930439197765
outcome_aware,4,0.4,0.2,0.0,0.01,2.993230930709191,1.0064102564102564,0.10561056105610561,0.571084031480071,0.23464077176948464
outcome_aware,5,0.3,0.2,0.06,0.01,2.9932761259123914,1.01002792586951,0.10199289159685199,0.5757171871033258,0.23007108403148008
outcome_aware,4,0.4,0.2,0.03,0.03,2.993459892393259,1.005965981213506,0.10554709317085555,0.5703224168570703,0.23406956080223407
outcome_aware,4,0.4,0.35,0.06,0.03,2.9934718971975305,1.0084412287382585,0.1031987814166032,0.5734958111195735,0.23134044173648133
outcome_aware,4,0.4,0.35,0.0,0.01,2.9935120948722513,1.0083142929677582,0.10396039603960396,0.5734958111195735,0.23254633155623256
outcome_aware,4,0.4,0.2,0.06,0.03,2.9935780527485423,1.006156384869256,0.10497588220360497,0.5705128205128205,0.23337141406448336
outcome_aware,5,0.3,0.35,0.03,0.0,2.993609508187733,1.0144706778370145,0.10116780908860117,0.5834602691038334,0.22740543285097742
outcome_aware,5,0.3,0.2,0.03,0.0,2.9938330923522063,1.0103452652957603,0.10211982736735212,0.5756537192180756,0.23000761614623
outcome_aware,4,0.4,0.2,0.0,0.0,2.9938627046927637,1.007076669205382,0.10491241431835491,0.571084031480071,0.23394262503173394
outcome_aware,5,0.3,0.35,0.06,0.0,2.9941434952172425,1.014978420919015,0.10034272658035034,0.5835237369890836,0.22677075399847677
outcome_aware,4,0.4,0.2,0.06,0.06,2.9943011659944845,1.0056803757298807,0.10465854277735466,0.5693703985783194,0.23318101040873318
outcome_aware,4,0.4,0.2,0.03,0.01,2.9943627220190954,1.0067275958365067,0.1051028179741051,0.5708936278243208,0.23368875349073367
outcome_aware,4,0.4,0.2,0.0,0.03,2.9944059233382623,1.006029449098756,0.10561056105610561,0.5700685453160701,0.23438690022848438
outcome_aware,4,0.4,0.35,0.0,0.0,2.9945384526647807,1.0088537699923839,0.10364305661335364,0.5734958111195735,0.2321020563594821
outcome_aware,4,0.4,0.35,0.03,0.01,2.994788725411567,1.0087903021071338,0.10351612084285351,0.5734958111195735,0.23172124904798172
outcome_aware,5,0.3,0.2,0.06,0.0,2.9948486983903413,1.0107895404925107,0.10135821274435136,0.5753998476770754,0.22943640517897942
outcome_aware,4,0.4,0.35,0.06,0.01,2.9949448419411473,1.0088537699923839,0.103008377760853,0.5734958111195735,0.23089616653973088
outcome_aware,4,0.4,0.2,0.03,0.0,2.9949986887926574,1.007140137090632,0.10497588220360497,0.5708936278243208,0.23356181772023357
outcome_aware,4,0.4,0.35,0.03,0.0,2.995016039454134,1.0088855039350089,0.10364305661335364,0.5734958111195735,0.23184818481848185
outcome_aware,4,0.4,0.2,0.06,0.01,2.9954107949681035,1.0068545316070068,0.10465854277735466,0.5708301599390708,0.23292713886773292
outcome_aware,4,0.4,0.35,0.06,0.0,2.9954680355928867,1.0092663112465092,0.10281797410510282,0.5734958111195735,0.23102310231023102
outcome_aware,4,0.4,0.2,0.1,0.06,2.9955340014163117,1.005997715156131,0.1045950748921046,0.5692434628078192,0.23267326732673269
outcome_aware,5,0.3,0.35,0.1,0.01,2.995539393364716,1.0154226961157655,0.10008885503935008,0.5835237369890836,0.22664381822797663
outcome_aware,5,0.4,0.35,0.0,0.06,2.9956215582722376,1.0081556232546331,0.10237369890835238,0.5734958111195735,0.2303884234577304
outcome_aware,4,0.4,0.35,0.1,0.03,2.9958964463985644,1.008980705762884,0.10288144199035289,0.5734958111195735,0.23064229499873065
outcome_aware,5,0.4,0.35,0.03,0.06,2.9959632353431953,1.0082508250825082,0.10199289159685199,0.5734958111195735,0.2294998730642295
outcome_aware,4,0.0,0.1,0.0,0.01,2.996010580441788,1.0053947702462553,0.10408733181010409,0.5644199035288144,0.23362528560548362
outcome_aware,4,0.4,0.2,0.06,0.0,2.9960899364178877,1.0075209444021325,0.10415079969535415,0.5707032241685707,0.23267326732673269
outcome_aware,4,0.4,0.2,0.1,0.03,2.996152921561254,1.0067910637217568,0.10465854277735466,0.5704493526275705,0.23292713886773292
outcome_aware,5,0.3,0.2,0.1,0.01,2.9968058917743994,1.010884742320386,0.10104087331810103,0.5750825082508251,0.22962680883472963
outcome_aware,5,0.3,0.35,0.1,0.0,2.996896487452745,1.0158035034272659,0.10015232292460015,0.5835872048743336,0.22677075399847677
outcome_aware,5,0.4,0.35,0.06,0.06,2.9974224568427497,1.0088537699923839,0.10097740543285098,0.5734958111195735,0.22861132267072862
outcome_aware,5,0.4,0.2,0.0,0.06,2.9974387230989903,1.006124650926631,0.10402386392485402,0.5698781416603199,0.23241939578573242
outcome_aware,5,0.4,0.2,0.03,0.06,2.997805355928553,1.0062515866971313,0.10357958872810358,0.5697512058898198,0.2315943132774816
outcome_aware,5,0.4,0.35,0.1,0.06,2.9979632874101116,1.0090441736481341,0.10085046966235085,0.5734958111195735,0.22797664381822796
outcome_aware,4,0.0,0.1,0.0,0.0,2.9979982134857903,1.006124650926631,0.10396039603960396,0.5646103071845646,0.23324447829398323
outcome_aware,4,0.4,0.35,0.1,0.01,2.998080908408757,1.0098375222137599,0.10243716679360244,0.5734958111195735,0.23032495557248034
outcome_aware,5,0.3,0.2,0.1,0.0,2.9981159517733387,1.0113924854023864,0.10135821274435136,0.5753363797918253,0.22975374460522976
outcome_aware,4,0.0,0.1,0.03,0.0,2.9982783760380323,1.006092916984006,0.10389692815435389,0.5642929677583143,0.2328002030972328
outcome_aware,4,0.1,0.1,0.0,0.01,2.998402064506261,1.0051408987052552,0.10434120335110435,0.5632774815943132,0.23337141406448336
outcome_aware,5,0.4,0.35,0.03,0.03,2.9984772928603265,1.0092663112465092,0.10154861640010154,0.5734958111195735,0.2291825336379792
outcome_aware,5,0.4,0.35,0.0,0.03,2.9987182538177612,1.0092663112465092,0.10199289159685199,0.5734958111195735,0.22994414826097995
outcome_aware,4,0.0,0.1,0.0,0.03,2.998869749489081,1.0053313023610053,0.10427773546585428,0.5632140137090632,0.23387915714648388
outcome_aware,4,0.4,0.35,0.1,0.0,2.998911165086661,1.01009139375476,0.10262757044935263,0.5734958111195735,0.23064229499873065
outcome_aware,4,0.4,0.2,0.1,0.0,2.9992871205122853,1.0081873571972582,0.10415079969535415,0.5708301599390708,0.23248286367098248
outcome_aware,5,0.4,0.2,0.0,0.01,2.9994297421515976,1.0076796141152577,0.10345265295760345,0.571084031480071,0.23184818481848185
outcome_aware,5,0.4,0.2,0.03,0.03,2.999512074017171,1.0071718710332571,0.10313531353135313,0.5703224168570703,0.2310865701954811
outcome_aware,4,0.1,0.1,0.03,0.0,2.999566404480847,1.0058390454430057,0.10408733181010409,0.5635313531353136,0.23267326732673269
outcome_aware,4,0.4,0.2,0.1,0.01,2.9995931298223857,1.007996953541508,0.10376999238385377,0.5704493526275705,0.23203858847423203
outcome_aware,5,0.4,0.2,0.0,0.0,2.9996242253722873,1.0081238893120081,0.10288144199035289,0.571084031480071,0.23127697385123128
outcome_aware,5,0.4,0.35,0.0,0.01,2.9997109063146588,1.0095836506727596,0.1018024879411018,0.5734958111195735,0.22975374460522976
outcome_aware,4,0.0,0.1,0.03,0.01,2.999878562013526,1.0063150545823814,0.10370652449860371,0.5638486925615639,0.23292713886773292
outcome_aware,5,0.4,0.35,0.06,0.03,2.9999754938495626,1.009869256156385,0.10097740543285098,0.5734958111195735,0.2284843869002285
outcome_aware,5,0.4,0.2,0.06,0.03,3.000081649400574,1.0075844122873825,0.10275450621985276,0.5705128205128205,0.23051535922823052
outcome_aware,4,0.1,0.1,0.0,0.0,3.0002030780546782,1.005902513328256,0.10421426758060422,0.5635313531353136,0.232990606752983
outcome_aware,5,0.4,0.2,0.03,0.01,3.000213417071683,1.0078700177710078,0.10307184564610307,0.5708936278243208,0.23089616653973088
outcome_aware,5,0.4,0.35,0.0,0.0,3.000299973344305,1.00990099009901,0.10161208428535161,0.5734958111195735,0.22943640517897942
outcome_aware,5,0.4,0.2,0.0,0.03,3.000527926647057,1.0072670728611324,0.10345265295760345,0.5700685453160701,0.2315943132774816
outcome_aware,4,0.0,0.1,0.06,0.0,3.0005345023509102,1.0066958618938817,0.10307184564610307,0.5638486925615639,0.23184818481848185
outcome_aware,5,0.4,0.2,0.06,0.06,3.0005738018215213,1.007076669205382,0.10237369890835238,0.5693703985783194,0.23051535922823052
outcome_aware,5,0.4,0.35,0.03,0.01,3.000639420464154,1.009932724041635,0.10148514851485149,0.5734958111195735,0.22892866209697893
outcome_aware,4,0.1,0.1,0.03,0.01,3.001050903308802,1.006029449098756,0.10389692815435389,0.563087077938563,0.2328002030972328
outcome_aware,5,0.4,0.35,0.06,0.01,3.001191245909127,1.0102817974105103,0.10085046966235085,0.5734958111195735,0.22816704747397817
outcome_aware,5,0.4,0.2,0.03,0.0,3.0012022504808433,1.0084094947956335,0.10288144199035289,0.5708936278243208,0.23083269865448083
outcome_aware,5,0.4,0.35,0.03,0.0,3.0012196011423202,1.0101548616400102,0.10154861640010154,0.5734958111195735,0.2291190657527291
outcome_aware,5,0.4,0.2,0.1,0.06,3.001234822676326,1.0072670728611324,0.10231023102310231,0.5692434628078192,0.22981721249047982
outcome_aware,4,0.1,0.1,0.0,0.03,3.0013296379871357,1.0051408987052552,0.1044046712363544,0.5620715917745621,0.23362528560548362
outcome_aware,4,0.0,0.1,0.06,0.01,3.0013672994291585,1.0065689261233817,0.10294490987560294,0.5634678852500634,0.23178471693323177
outcome_aware,4,0.1,0.1,0.06,0.0,3.001374547142325,1.0063785224676314,0.1031987814166032,0.5633409494795634,0.23165778116273167
outcome_aware,5,0.4,0.35,0.1,0.03,3.0014499773657377,1.0103769992383853,0.10059659812135059,0.5734958111195735,0.22797664381822796
outcome_aware,5,0.4,0.2,0.06,0.01,3.001657198936083,1.0082825590251332,0.1025006346788525,0.5708301599390708,0.2301980198019802
outcome_aware,5,0.4,0.2,0.1,0.03,3.001706452528427,1.0081873571972582,0.10237369890835238,0.5704493526275705,0.23026148768723026
outcome_aware,4,0.0,0.1,0.03,0.03,3.0017710265359963,1.0056803757298807,0.10396039603960396,0.5627062706270627,0.23337141406448336
outcome_aware,5,0.4,0.35,0.06,0.0,3.0019522610375033,1.0106626047220106,0.10066006600660066,0.5734958111195735,0.2282939832444783
outcome_aware,4,0.1,0.1,0.06,0.01,3.002108274268318,1.0062198527545063,0.10307184564610307,0.562960142168063,0.2315943132774816
outcome_aware,4,0.2,0.1,0.0,0.01,3.002132884498109,1.0052995684183803,0.10465854277735466,0.5623254633155623,0.23406956080223407
outcome_aware,5,0.0,0.1,0.0,0.01,3.0022093918841954,1.0066641279512567,0.10192942371160194,0.5644199035288144,0.23083269865448083
outcome_aware,4,0.2,0.1,0.03,0.0,3.002537276571701,1.005997715156131,0.1044046712363544,0.5628332063975628,0.23337141406448336
outcome_aware,5,0.4,0.2,0.06,0.0,3.002574161862505,1.0089172378776339,0.10199289159685199,0.5707032241685707,0.22994414826097995
outcome_aware,4,0.0,0.1,0.0,0.06,3.0030956500359904,1.0041254125412542,0.10484894643310484,0.5606118304138106,0.23406956080223407
outcome_aware,4,0.1,0.1,0.03,0.03,3.003179130385186,1.0054265041888804,0.10415079969535415,0.561944656004062,0.23318101040873318
outcome_aware,4,0.0,0.1,0.03,0.06,3.003337991585005,1.0047283574511297,0.10408733181010409,0.5608657019548109,0.23318101040873318
outcome_aware,4,0.2,0.1,0.06,0.0,3.0034736250921807,1.0064737242955064,0.10351612084285351,0.5628966742828129,0.23241939578573242
outcome_aware,4,0.2,0.1,0.0,0.0,3.0035597449337654,1.006061183041381,0.10453160700685453,0.5626428027418127,0.23368875349073367
outcome_aware,4,0.2,0.1,0.03,0.01,3.00365494962048,1.006092916984006,0.10421426758060422,0.5624523990860625,0.2334983498349835
outcome_aware,5,0.0,0.1,0.0,0.0,3.0037597341653144,1.0071718710332571,0.10192942371160194,0.5646103071845646,0.23057882711348057
outcome_aware,4,0.0,0.1,0.1,0.0,3.0039941423774286,1.0074257425742574,0.10275450621985276,0.5636582889058137,0.23153084539223154
outcome_aware,4,0.2,0.1,0.06,0.01,3.004058430680068,1.0062515866971313,0.1033891850723534,0.5625158669713125,0.23235592790048235
outcome_aware,4,0.0,0.1,0.06,0.03,3.0042499170365278,1.0062833206397563,0.10294490987560294,0.5621350596598121,0.23216552424473216
outcome_aware,5,0.0,0.1,0.03,0.0,3.0044819377262186,1.0073622746890074,0.1018024879411018,0.5642929677583143,0.23007108403148008
outcome_aware,4,0.1,0.1,0.03,0.06,3.004486076985607,1.0044110180248793,0.10421426758060422,0.5602310231023102,0.23292713886773292
outcome_aware,5,0.1,0.1,0.0,0.01,3.0046008759486678,1.0064102564102564,0.10218329525260218,0.5632774815943132,0.23057882711348057
outcome_aware,4,0.2,0.1,0.0,0.03,3.0047642543439737,1.0052995684183803,0.10472201066260473,0.5612465092663113,0.23432343234323433
outcome_aware,5,0.4,0.35,0.1,0.01,3.0049062116856144,1.0115194211728866,0.10027925869510028,0.5734958111195735,0.2279131759329779
outcome_aware,5,0.0,0.1,0.0,0.03,3.0049917527978756,1.0065689261233817,0.10211982736735212,0.5632140137090632,0.2310865701954811
outcome_aware,4,0.0,0.1,0.1,0.01,3.0051544100525738,1.0073622746890074,0.10243716679360244,0.5628966742828129,0.23102310231023102
outcome_aware,4,0.1,0.1,0.06,0.03,3.005397542616989,1.006061183041381,0.103008377760853,0.5615638486925616,0.23197512058898198
outcome_aware,4,0.1,0.1,0.0,0.06,3.005495271899546,1.003935008885504,0.10497588220360497,0.5595963442498096,0.2338156892612338
outcome_aware,5,0.0,0.1,0.03,0.01,3.0057292570661143,1.0074574765168824,0.10167555217060167,0.5638486925615639,0.23013455191673013
outcome_aware,5,0.1,0.1,0.03,0.0,3.005769966169033,1.007108403148007,0.10199289159685199,0.5635313531353136,0.22994414826097995
outcome_aware,5,0.4,0.35,0.1,0.0,3.00582833708058,1.0117415587712617,0.10040619446560041,0.5734958111195735,0.22804011170347804
outcome_aware,4,0.2,0.1,0.03,0.03,3.0059284804617397,1.0055217060167556,0.1044046712363544,0.5612465092663113,0.2338156892612338
outcome_aware,5,0.1,0.1,0.0,0.0,3.0059645987342023,1.006949733434882,0.10218329525260218,0.5635313531353136,0.23032495557248034
outcome_aware,5,0.4,0.2,0.1,0.0,3.006204292506205,1.0098375222137599,0.10192942371160194,0.5708301599390708,0.22988068037572987
outcome_aware,4,0.0,0.1,0.06,0.06,3.006218213302957,1.0053947702462553,0.10294490987560294,0.5605483625285606,0.23184818481848185
outcome_aware,4,0.1,0.1,0.1,0.0,3.006405467881823,1.0075844122873825,0.10269103833460269,0.563087077938563,0.23127697385123128
outcome_aware,5,0.4,0.2,0.1,0.01,3.006418433099244,1.0096788525006346,0.10161208428535161,0.5704493526275705,0.22962680883472963
outcome_aware,4,0.2,0.1,0.06,0.03,3.006746285983779,1.006029449098756,0.1033891850723534,0.5612465092663113,0.2328002030972328
outcome_aware,5,0.1,0.1,0.03,0.01,3.0069015983613903,1.0071718710332571,0.10186595582635187,0.563087077938563,0.23000761614623
outcome_aware,5,0.0,0.1,0.06,0.0,3.0070187277955274,1.0080921553693831,0.10091393754760092,0.5638486925615639,0.2291190657527291
outcome_aware,4,0.2,0.1,0.1,0.01,3.0071692104172936,1.0072353389185071,0.10281797410510282,0.5623254633155623,0.23153084539223154
outcome_aware,4,0.2,0.1,0.1,0.0,3.0072393401296775,1.0075526783447575,0.1031987814166032,0.563023610053313,0.23216552424473216
outcome_aware,4,0.2,0.1,0.03,0.06,3.0073267307001545,1.0044427519675045,0.1045950748921046,0.5596598121350597,0.23368875349073367
outcome_aware,4,0.1,0.1,0.1,0.01,3.00742495498658,1.0074257425742574,0.10237369890835238,0.5622619954303123,0.2307057628839807
outcome_aware,5,0.1,0.1,0.0,0.03,3.0074516412959302,1.0063785224676314,0.10224676313785225,0.5620715917745621,0.23083269865448083
outcome_aware,4,0.0,0.1,0.1,0.03,3.0075657349705085,1.0068545316070068,0.10262757044935263,0.5618177202335618,0.23127697385123128
outcome_aware,5,0.0,0.1,0.06,0.01,3.007613703397138,1.007996953541508,0.10078700177710079,0.5634678852500634,0.22905559786747906
outcome_aware,5,0.0,0.1,0.03,0.03,3.007823208159908,1.0068862655496318,0.10154861640010154,0.5627062706270627,0.2303884234577304
outcome_aware,5,0.1,0.1,0.06,0.0,3.0078587725869426,1.0077748159431328,0.10104087331810103,0.5633409494795634,0.22892866209697893
outcome_aware,4,0.1,0.1,0.06,0.06,3.007959032007616,1.0052678344757553,0.103008377760853,0.5599136836760599,0.2315943132774816
outcome_aware,5,0.2,0.1,0.0,0.01,3.008331695940516,1.0065689261233817,0.1025006346788525,0.5623254633155623,0.23127697385123128
outcome_aware,5,0.1,0.1,0.06,0.01,3.0083546782362975,1.0076478801726327,0.10091393754760092,0.562960142168063,0.22886519421172888
outcome_aware,4,0.2,0.1,0.0,0.06,3.0084002720820218,1.003935008885504,0.10535668951510535,0.5588981975120589,0.2345138359989845
outcome_aware,5,0.2,0.1,0.03,0.0,3.0087408382598873,1.0072670728611324,0.10231023102310231,0.5628332063975628,0.23064229499873065
outcome_aware,5,0.0,0.1,0.0,0.06,3.008841824140817,1.0053630363036303,0.10231023102310231,0.5606118304138106,0.2310865701954811
outcome_aware,5,0.0,0.1,0.03,0.06,3.0089088051515183,1.005902513328256,0.1018024879411018,0.5608657019548109,0.23026148768723026
outcome_aware,4,0.2,0.1,0.1,0.03,3.009074957874905,1.0067275958365067,0.103008377760853,0.5613099771515613,0.23165778116273167
outcome_aware,4,0.1,0.1,0.1,0.03,3.009128941979582,1.0068862655496318,0.10256410256410256,0.5612465092663113,0.23095963442498096
outcome_aware,5,0.1,0.1,0.03,0.03,3.0092313120090974,1.0066323940086317,0.10173902005585174,0.561944656004062,0.2301980198019802
outcome_aware,4,0.3,0.1,0.0,0.01,3.0093030199087676,1.0053630363036303,0.10503935008885504,0.5607387661843107,0.23413302868748415
outcome_aware,5,0.2,0.1,0.0,0.0,3.00932126561329,1.007108403148007,0.1025006346788525,0.5626428027418127,0.23102310231023102
outcome_aware,4,0.2,0.1,0.06,0.06,3.0093584749941718,1.0051408987052552,0.10351612084285351,0.5596598121350597,0.23241939578573242
outcome_aware,5,0.2,0.1,0.03,0.01,3.009505644673068,1.0072353389185071,0.10218329525260218,0.5624523990860625,0.2307057628839807
outcome_aware,5,0.2,0.1,0.06,0.0,3.009957850536798,1.0078700177710078,0.10135821274435136,0.5628966742828129,0.22969027671997969
outcome_aware,5,0.1,0.1,0.03,0.06,3.010056890552121,1.0055851739020056,0.10192942371160194,0.5602310231023102,0.23000761614623
outcome_aware,5,0.2,0.1,0.06,0.01,3.0103048346480477,1.0076796141152577,0.10123127697385123,0.5625158669713125,0.22962680883472963
outcome_aware,4,0.3,0.1,0.03,0.0,3.010483298581912,1.0062198527545063,0.10472201066260473,0.5610561056105611,0.2333079461792333
outcome_aware,4,0.3,0.1,0.03,0.01,3.0107129237648635,1.0062198527545063,0.1045950748921046,0.5608657019548109,0.2334983498349835
outcome_aware,5,0.0,0.1,0.06,0.03,3.01075351368856,1.0077113480578828,0.10072353389185072,0.5621350596598121,0.22930946940847932
outcome_aware,4,0.3,0.1,0.0,0.0,3.0107867285523744,1.006124650926631,0.10484894643310484,0.5609291698400609,0.23362528560548362
outcome_aware,5,0.2,0.1,0.0,0.03,3.0108862576527677,1.0065371921807564,0.10256410256410256,0.5612465092663113,0.23153084539223154
outcome_aware,4,0.0,0.1,0.1,0.06,3.0108901052435533,1.0056169078446306,0.10313531353135313,0.5597232800203097,0.2314039096217314
outcome_aware,5,0.0,0.1,0.1,0.0,3.0109113143713477,1.0090759075907592,0.10053313023610053,0.5636582889058137,0.22892866209697893
outcome_aware,5,0.1,0.1,0.0,0.06,3.0112414460043717,1.0051726326478803,0.10243716679360244,0.5595963442498096,0.23083269865448083
outcome_aware,4,0.3,0.1,0.06,0.0,3.0112997033068756,1.0067910637217568,0.10376999238385377,0.5611195734958111,0.2322924600152323
outcome_aware,4,0.2,0.1,0.1,0.06,3.0113038121654756,1.0053630363036303,0.10351612084285351,0.5595328763645595,0.23184818481848185
outcome_aware,4,0.3,0.1,0.06,0.01,3.011432416227445,1.0064102564102564,0.10376999238385377,0.5608022340695608,0.23222899212998224
outcome_aware,4,0.1,0.1,0.1,0.06,3.0117495730717567,1.0055851739020056,0.10307184564610307,0.5593424727088093,0.23121350596598123
outcome_aware,5,0.1,0.1,0.06,0.03,3.0119011392690203,1.0074892104595075,0.10078700177710079,0.5615638486925616,0.2291190657527291
outcome_aware,5,0.0,0.1,0.1,0.01,3.011979713329432,1.0090441736481341,0.10027925869510028,0.5628966742828129,0.22861132267072862
outcome_aware,5,0.2,0.1,0.03,0.03,3.011980662085652,1.0067275958365067,0.10199289159685199,0.5612465092663113,0.23083269865448083
outcome_aware,4,0.3,0.1,0.0,0.03,3.0122695758998344,1.0053630363036303,0.1051028179741051,0.5595328763645595,0.23425996445798425
outcome_aware,5,0.0,0.1,0.06,0.06,3.012490849129994,1.0067910637217568,0.10066006600660066,0.5605483625285606,0.2291825336379792
outcome_aware,5,0.2,0.1,0.03,0.06,3.012897544266668,1.0056169078446306,0.10231023102310231,0.5596598121350597,0.23076923076923078
outcome_aware,5,0.0,0.1,0.1,0.03,3.0131192659376813,1.0082508250825082,0.10034272658035034,0.5618177202335618,0.22861132267072862
outcome_aware,5,0.2,0.1,0.06,0.03,3.0132498826358107,1.0074574765168824,0.10116780908860117,0.5612465092663113,0.22994414826097995
outcome_aware,4,0.3,0.1,0.03,0.03,3.013288124840681,1.0056803757298807,0.10472201066260473,0.5595328763645595,0.23375222137598375
outcome_aware,5,0.1,0.1,0.1,0.0,3.0133226398757427,1.0092345773038842,0.10046966235085047,0.563087077938563,0.22867479055597867
outcome_aware,4,0.3,0.1,0.03,0.06,3.0133879709720404,1.0044110180248793,0.10516628585935517,0.5583269865448083,0.2338156892612338
outcome_aware,4,0.3,0.1,0.1,0.01,3.013599733613776,1.0073940086316324,0.10326224930185327,0.5609291698400609,0.23153084539223154
outcome_aware,4,0.3,0.1,0.06,0.03,3.0136142736821654,1.006061183041381,0.10389692815435389,0.5596598121350597,0.2328002030972328
outcome_aware,4,0.3,0.1,0.1,0.0,3.013645236902446,1.0077113480578828,0.10357958872810358,0.5616273165778116,0.23216552424473216
outcome_aware,5,0.2,0.1,0.1,0.01,3.0139945136941515,1.0089172378776339,0.10066006600660066,0.5623254633155623,0.2291190657527291
outcome_aware,5,0.2,0.1,0.0,0.06,3.0141464461868477,1.0051726326478803,0.10281797410510282,0.5588981975120589,0.23153084539223154
outcome_aware,5,0.2,0.1,0.1,0.0,3.0141565121235967,1.0092028433612592,0.10097740543285098,0.563023610053313,0.22956334094947956
outcome_aware,5,0.1,0.1,0.06,0.06,3.014231667834653,1.0066641279512567,0.10072353389185072,0.5599136836760599,0.22892866209697893
outcome_aware,5,0.1,0.1,0.1,0.01,3.0142502582634374,1.0091076415333842,0.10021579080985021,0.5622619954303123,0.2282939832444783
outcome_aware,5,0.2,0.1,0.1,0.03,3.014628488842078,1.0081238893120081,0.10072353389185072,0.5613099771515613,0.22899212998222898
outcome_aware,5,0.1,0.1,0.1,0.03,3.014682472946755,1.0082825590251332,0.10027925869510028,0.5612465092663113,0.2282939832444783
outcome_aware,4,0.3,0.1,0.0,0.06,3.0150802003274677,1.003998476770754,0.10573749682660574,0.5574384361513074,0.2345773038842346
outcome_aware,4,0.3,0.1,0.06,0.06,3.0151436801397193,1.0051726326478803,0.10408733181010409,0.5583904544300584,0.23254633155623256
outcome_aware,4,0.4,0.1,0.0,0.01,3.0151965761521273,1.005013962934755,0.10535668951510535,0.5588981975120589,0.23425996445798425
outcome_aware,5,0.3,0.1,0.0,0.01,3.015501831351175,1.0066323940086317,0.10288144199035289,0.5607387661843107,0.23134044173648133
outcome_aware,5,0.2,0.1,0.06,0.06,3.015631110821208,1.0065371921807564,0.10123127697385123,0.5596598121350597,0.22975374460522976
outcome_aware,4,0.3,0.1,0.1,0.03,3.0159179937836713,1.0068862655496318,0.1033891850723534,0.5597232800203097,0.23153084539223154
outcome_aware,5,0.3,0.1,0.0,0.0,3.0165482492318985,1.0071718710332571,0.10281797410510282,0.5609291698400609,0.23095963442498096
outcome_aware,5,0.3,0.1,0.03,0.01,3.0165636188174516,1.0073622746890074,0.10256410256410256,0.5608657019548109,0.2307057628839807
outcome_aware,5,0.0,0.1,0.1,0.06,3.0165909265035675,1.0068862655496318,0.10085046966235085,0.5597232800203097,0.22854785478547854
outcome_aware,4,0.4,0.1,0.0,0.0,3.0166400806867566,1.0056486417872557,0.10522975374460523,0.558961665397309,0.23362528560548362
outcome_aware,5,0.3,0.1,0.03,0.0,3.0166868602700982,1.0074892104595075,0.10262757044935263,0.5610561056105611,0.23057882711348057
outcome_aware,4,0.3,0.1,0.1,0.06,3.016748924360137,1.0054582381315054,0.10402386392485402,0.5583269865448083,0.23184818481848185
outcome_aware,4,0.4,0.1,0.03,0.0,3.0169379260701255,1.0058390454430057,0.10503935008885504,0.559025133282559,0.23318101040873318
outcome_aware,5,0.2,0.1,0.1,0.06,3.0170046334254903,1.0066323940086317,0.10123127697385123,0.5595328763645595,0.22899212998222898
outcome_aware,4,0.4,0.1,0.03,0.01,3.0171804725021207,1.0058073115003807,0.10497588220360497,0.5588347296268088,0.23337141406448336
outcome_aware,5,0.1,0.1,0.1,0.06,3.0174503943317714,1.0068545316070068,0.10078700177710079,0.5593424727088093,0.22835745112972836
outcome_aware,4,0.4,0.1,0.0,0.03,3.017660209087122,1.004887027164255,0.10561056105610561,0.5578827113480579,0.2345138359989845
outcome_aware,5,0.3,0.1,0.06,0.01,3.0176788201954245,1.0078382838283828,0.10161208428535161,0.5608022340695608,0.2294998730642295
outcome_aware,5,0.3,0.1,0.06,0.0,3.0177839287514927,1.0081873571972582,0.10161208428535161,0.5611195734958111,0.22956334094947956
outcome_aware,4,0.0,0.05,0.0,0.0,3.017869229598551,1.0046966235085046,0.10446813912160446,0.555978674790556,0.23324447829398323
outcome_aware,4,0.4,0.1,0.06,0.0,3.018010075520749,1.0065054582381314,0.10408733181010409,0.5590886011678091,0.23216552424473216
outcome_aware,4,0.0,0.05,0.03,0.0,3.0180183290694207,1.005013962934755,0.10427773546585428,0.5562325463315563,0.23286367098248287
outcome_aware,5,0.3,0.1,0.0,0.03,3.0183915792086284,1.0066006600660067,0.10294490987560294,0.5595328763645595,0.23146737750698146
outcome_aware,4,0.4,0.1,0.06,0.01,3.018680728406619,1.006188118811881,0.10408733181010409,0.5588981975120589,0.23222899212998224
outcome_aware,4,0.1,0.05,0.0,0.0,3.018825594756949,1.0044110180248793,0.1045950748921046,0.5554709317085554,0.23305407463823305
outcome_aware,5,0.3,0.1,0.03,0.06,3.0189587845385537,1.0055851739020056,0.10288144199035289,0.5583269865448083,0.23089616653973088
outcome_aware,4,0.0,0.05,0.06,0.0,3.019088238660248,1.00504569687738,0.10364305661335364,0.5561056105610561,0.2319116527037319
outcome_aware,5,0.3,0.1,0.03,0.03,3.0193403064645934,1.0068862655496318,0.10231023102310231,0.5595328763645595,0.23076923076923078
outcome_aware,4,0.0,0.05,0.0,0.01,3.0194185718190587,1.0043792840822543,0.1045950748921046,0.5550901243970551,0.23368875349073367
outcome_aware,4,0.4,0.1,0.06,0.03,3.01995303806314,1.0057121096725057,0.10434120335110435,0.558009647118558,0.23292713886773292
outcome_aware,4,0.4,0.1,0.03,0.03,3.019988343096719,1.0054265041888804,0.1051028179741051,0.5577557755775577,0.23387915714648388
outcome_aware,4,0.4,0.1,0.1,0.01,3.0200869081698243,1.0071718710332571,0.10357958872810358,0.5593424727088093,0.23165778116273167
outcome_aware,4,0.2,0.05,0.03,0.0,3.0200991877542482,1.00485529322163,0.10478547854785479,0.5556613353643056,0.23337141406448336
outcome_aware,4,0.4,0.1,0.03,0.06,3.0201005961873544,1.004061944656004,0.10567402894135568,0.5566133536430566,0.23387915714648388
outcome_aware,5,0.3,0.1,0.06,0.03,3.0201178703341975,1.0074892104595075,0.10167555217060167,0.5596598121350597,0.22994414826097995
outcome_aware,4,0.1,0.05,0.03,0.0,3.0201399745237927,1.005013962934755,0.10427773546585428,0.5555978674790556,0.23254633155623256
outcome_aware,4,0.0,0.05,0.0,0.03,3.0202262514749982,1.0038080731150039,0.10491241431835491,0.553947702462554,0.2341964965727342
outcome_aware,4,0.0,0.05,0.03,0.01,3.020241095588138,1.0046966235085046,0.10415079969535415,0.5551535922823052,0.23235592790048235
outcome_aware,4,0.1,0.05,0.0,0.01,3.020310982118157,1.004061944656004,0.10472201066260473,0.5545189134298045,0.2334983498349835
outcome_aware,5,0.3,0.1,0.1,0.01,3.0204250368906336,1.0090759075907592,0.1011043412033511,0.5609291698400609,0.2291190657527291
outcome_aware,4,0.2,0.05,0.0,0.0,3.020456494041707,1.0044744859101296,0.10478547854785479,0.5550901243970551,0.23375222137598375
outcome_aware,5,0.3,0.1,0.1,0.0,3.020562408896365,1.0093615130743843,0.10135821274435136,0.5616273165778116,0.22956334094947956
outcome_aware,4,0.2,0.05,0.06,0.0,3.020636714763124,1.005077430820005,0.10402386392485402,0.5558517390200558,0.23235592790048235
outcome_aware,4,0.4,0.1,0.06,0.06,3.0207886979053145,1.0047283574511297,0.10453160700685453,0.5568672251840568,0.23267326732673269
outcome_aware,4,0.4,0.1,0.1,0.0,3.0208146055015064,1.0075209444021325,0.10396039603960396,0.5597867479055598,0.23216552424473216
outcome_aware,4,0.2,0.05,0.0,0.01,3.020820194307749,1.003966742828129,0.10503935008885504,0.5543919776593044,0.23432343234323433
outcome_aware,5,0.3,0.1,0.0,0.06,3.0208263744322936,1.0052361005331303,0.1031987814166032,0.5574384361513074,0.2315943132774816
outcome_aware,4,0.1,0.05,0.06,0.0,3.0209615442593,1.0051726326478803,0.10357958872810358,0.5555978674790556,0.23165778116273167
outcome_aware,4,0.0,0.05,0.06,0.01,3.0209688172500506,1.00491876110688,0.1033891850723534,0.5552170601675552,0.23153084539223154
outcome_aware,4,0.0,0.05,0.1,0.01,3.021319327962288,1.005902513328256,0.10351612084285351,0.5565498857578065,0.2319116527037319
outcome_aware,4,0.1,0.05,0.0,0.03,3.0213738770554586,1.0035859355166286,0.10497588220360497,0.5533764914953033,0.23400609291698402
outcome_aware,5,0.4,0.1,0.0,0.01,3.0213953875945343,1.0062833206397563,0.1031987814166032,0.5588981975120589,0.23146737750698146
outcome_aware,5,0.3,0.1,0.06,0.06,3.021416315966756,1.0065689261233817,0.1018024879411018,0.5583904544300584,0.22988068037572987
outcome_aware,4,0.0,0.05,0.03,0.03,3.0214216888210896,1.003935008885504,0.10478547854785479,0.554011170347804,0.23324447829398323
outcome_aware,5,0.3,0.1,0.1,0.03,3.0214715247508446,1.0082825590251332,0.1011043412033511,0.5597232800203097,0.22886519421172888
outcome_aware,4,0.2,0.05,0.06,0.01,3.021484589440186,1.0047283574511297,0.10383346026910384,0.5551535922823052,0.23203858847423203
outcome_aware,4,0.2,0.05,0.03,0.01,3.02156559480168,1.0043792840822543,0.1045950748921046,0.5545823813150546,0.2328002030972328
outcome_aware,4,0.1,0.05,0.1,0.01,3.0215943027255556,1.005870779385631,0.10351612084285351,0.5564229499873065,0.23184818481848185
outcome_aware,4,0.2,0.05,0.1,0.01,3.0216845877156246,1.0058073115003807,0.10370652449860371,0.5564229499873065,0.23203858847423203
outcome_aware,4,0.4,0.1,0.0,0.06,3.02174697081626,1.0038398070576289,0.10624523990860625,0.555978674790556,0.23495811119573495
outcome_aware,4,0.2,0.05,0.0,0.03,3.021836867866721,1.0034272658035035,0.10542015740035542,0.5533130236100533,0.23483117542523482
outcome_aware,4,0.1,0.05,0.03,0.01,3.0220050041179034,1.0046014216806296,0.10415079969535415,0.5545189134298045,0.23203858847423203
outcome_aware,4,0.4,0.1,0.1,0.06,3.0222200083752875,1.005013962934755,0.10427773546585428,0.5566768215283067,0.23178471693323177
outcome_aware,5,0.4,0.1,0.0,0.0,3.022401601366281,1.0066958618938817,0.1031987814166032,0.558961665397309,0.23095963442498096
outcome_aware,4,0.2,0.05,0.06,0.03,3.022433380789205,1.0040936785986292,0.10446813912160446,0.554011170347804,0.23241939578573242
outcome_aware,5,0.3,0.1,0.1,0.06,3.0224497456201513,1.0067275958365067,0.10173902005585174,0.5583269865448083,0.22899212998222898
outcome_aware,4,0.1,0.05,0.06,0.01,3.022522418074168,1.00498222899213,0.10332571718710333,0.5547727849708047,0.23127697385123128
outcome_aware,4,0.0,0.05,0.1,0.03,3.0226736588956733,1.0046966235085046,0.10415079969535415,0.5553439959380554,0.23178471693323177
outcome_aware,4,0.0,0.05,0.06,0.03,3.02294879860449,1.0043792840822543,0.10402386392485402,0.5538207666920538,0.23178471693323177
outcome_aware,5,0.4,0.1,0.03,0.01,3.023031167554709,1.006949733434882,0.10294490987560294,0.5588347296268088,0.23057882711348057
outcome_aware,4,0.1,0.05,0.03,0.03,3.02312947680378,1.0038715410002539,0.10478547854785479,0.5534399593805535,0.232990606752983
outcome_aware,5,0.4,0.1,0.03,0.0,3.0231414877583123,1.007108403148007,0.10294490987560294,0.559025133282559,0.23045189134298044
outcome_aware,4,0.4,0.1,0.1,0.03,3.023197183479068,1.0065689261233817,0.10370652449860371,0.5578192434628079,0.2314039096217314
outcome_aware,4,0.2,0.05,0.1,0.0,3.0232781557469997,1.0062833206397563,0.10389692815435389,0.5565498857578065,0.2321020563594821
outcome_aware,4,0.0,0.05,0.1,0.0,3.0232799168554974,1.0063467885250064,0.10364305661335364,0.5564864178725565,0.23184818481848185
outcome_aware,4,0.1,0.05,0.1,0.03,3.023361524562493,1.0047283574511297,0.10415079969535415,0.5552170601675552,0.23178471693323177
outcome_aware,4,0.1,0.05,0.1,0.0,3.0233892950688817,1.0063467885250064,0.10364305661335364,0.5564229499873065,0.23178471693323177
outcome_aware,4,0.2,0.05,0.03,0.03,3.023406623133398,1.0037446052297538,0.10516628585935517,0.5533764914953033,0.23356181772023357
outcome_aware,4,0.2,0.05,0.1,0.03,3.023597113317438,1.0046966235085046,0.10427773546585428,0.5551535922823052,0.2319116527037319
outcome_aware,5,0.0,0.05,0.0,0.0,3.0236307502780755,1.0057438436151307,0.10243716679360244,0.555978674790556,0.23057882711348057
outcome_aware,4,0.0,0.05,0.0,0.06,3.0236900353915948,1.0031099263772532,0.10522975374460523,0.5516628585935517,0.2348946433104849
outcome_aware,4,0.1,0.05,0.06,0.03,3.0237548971076507,1.0044427519675045,0.10396039603960396,0.5535668951510536,0.23172124904798172
outcome_aware,5,0.4,0.1,0.0,0.03,3.0237822123959157,1.006124650926631,0.10345265295760345,0.5578827113480579,0.23172124904798172
outcome_aware,4,0.0,0.05,0.1,0.06,3.0238568937740284,1.0034272658035035,0.10427773546585428,0.5528687484133029,0.23146737750698146
outcome_aware,4,0.3,0.05,0.0,0.0,3.0241338347888576,1.0044110180248793,0.1051028179741051,0.5542650418888042,0.2338156892612338
outcome_aware,5,0.0,0.05,0.03,0.0,3.0242218907576066,1.0062833206397563,0.10218329525260218,0.5562325463315563,0.23013455191673013
outcome_aware,5,0.4,0.1,0.06,0.0,3.024494300965366,1.0079017517136328,0.10192942371160194,0.5590886011678091,0.22943640517897942
outcome_aware,4,0.3,0.05,0.06,0.0,3.0245749594698412,1.0051408987052552,0.1044046712363544,0.555026656511805,0.23235592790048235
outcome_aware,5,0.1,0.05,0.0,0.0,3.0245871154364736,1.0054582381315054,0.10256410256410256,0.5554709317085554,0.2303884234577304
outcome_aware,4,0.2,0.05,0.1,0.06,3.0246061141109117,1.0034589997461285,0.10453160700685453,0.5528687484133029,0.23165778116273167
outcome_aware,4,0.1,0.05,0.1,0.06,3.0247131032385073,1.0035224676313785,0.10427773546585428,0.5527418126428028,0.2314039096217314
outcome_aware,4,0.3,0.05,0.03,0.0,3.0248766457108296,1.00498222899213,0.10503935008885504,0.5546458492003047,0.23324447829398323
outcome_aware,4,0.3,0.05,0.0,0.01,3.024923798400132,1.003966742828129,0.10535668951510535,0.5535034272658035,0.23438690022848438
outcome_aware,5,0.4,0.1,0.06,0.01,3.024927132374598,1.0076161462300077,0.10192942371160194,0.5588981975120589,0.2294998730642295
outcome_aware,4,0.0,0.05,0.03,0.06,3.024994497812032,1.0030464584920031,0.10491241431835491,0.5517263264788017,0.23368875349073367
outcome_aware,4,0.3,0.05,0.03,0.01,3.0254709176461336,1.0044110180248793,0.10491241431835491,0.5538207666920538,0.23273673521198274
outcome_aware,4,0.1,0.05,0.0,0.06,3.025515034916866,1.0029512566641279,0.1052932216298553,0.550964711855801,0.2345773038842346
outcome_aware,5,0.0,0.05,0.06,0.0,3.0255724641048647,1.0064419903528814,0.10148514851485149,0.5561056105610561,0.2291825336379792
outcome_aware,5,0.0,0.05,0.0,0.01,3.025617383261466,1.0056486417872557,0.10243716679360244,0.5550901243970551,0.23089616653973088
outcome_aware,5,0.4,0.1,0.03,0.06,3.0256714097538677,1.0052361005331303,0.1033891850723534,0.5566133536430566,0.23095963442498096
outcome_aware,4,0.0,0.05,0.06,0.06,3.0257131170122973,1.0035542015740035,0.10415079969535415,0.5522340695608022,0.23235592790048235
outcome_aware,4,0.3,0.05,0.06,0.01,3.0257230063356078,1.004823559279005,0.10415079969535415,0.5542650418888042,0.2319116527037319
outcome_aware,4,0.2,0.05,0.0,0.06,3.025849248687991,1.0027291190657528,0.10573749682660574,0.5509012439705508,0.23521198273673521
outcome_aware,4,0.2,0.05,0.03,0.06,3.025991243520031,1.0027925869510028,0.10522975374460523,0.5513455191673013,0.23394262503173394
outcome_aware,5,0.4,0.1,0.03,0.03,3.026040524720631,1.0066323940086317,0.10269103833460269,0.5577557755775577,0.23089616653973088
outcome_aware,5,0.0,0.05,0.03,0.01,3.026091790640726,1.0058390454430057,0.10211982736735212,0.5551535922823052,0.22956334094947956
outcome_aware,4,0.3,0.05,0.1,0.01,3.0261588467122866,1.005997715156131,0.10389692815435389,0.5554074638233054,0.23178471693323177
outcome_aware,5,0.2,0.05,0.0,0.0,3.026218014721231,1.0055217060167556,0.10275450621985276,0.5550901243970551,0.2310865701954811
outcome_aware,4,0.3,0.05,0.0,0.03,3.026254500350107,1.0035542015740035,0.10554709317085555,0.5523610053313024,0.23476770753998477
outcome_aware,5,0.2,0.05,0.03,0.0,3.026302749442434,1.006124650926631,0.10269103833460269,0.5556613353643056,0.23064229499873065
outcome_aware,5,0.1,0.05,0.03,0.0,3.026343536211979,1.0062833206397563,0.10218329525260218,0.5555978674790556,0.22981721249047982
outcome_aware,5,0.0,0.05,0.0,0.03,3.0263482547837923,1.00504569687738,0.10275450621985276,0.553947702462554,0.2314039096217314
outcome_aware,5,0.4,0.1,0.06,0.03,3.026456634715172,1.007140137090632,0.10211982736735212,0.558009647118558,0.23007108403148008
outcome_aware,5,0.1,0.05,0.0,0.01,3.026509793560564,1.0053313023610053,0.10256410256410256,0.5545189134298045,0.2307057628839807
outcome_aware,4,0.1,0.05,0.03,0.06,3.0265616777991142,1.0030464584920031,0.10484894643310484,0.5511551155115512,0.23337141406448336
outcome_aware,4,0.4,0.05,0.0,0.0,3.026740140876136,1.0040936785986292,0.10522975374460523,0.5531860878395531,0.23375222137598375
outcome_aware,4,0.2,0.05,0.06,0.06,3.0267647904987802,1.0033955318608785,0.1044046712363544,0.5519167301345519,0.23241939578573242
outcome_aware,4,0.3,0.05,0.1,0.03,3.0268625676082506,1.00479182533638,0.1045950748921046,0.5544554455445545,0.2319116527037319
outcome_aware,5,0.4,0.1,0.1,0.01,3.0269122114466818,1.0088537699923839,0.10142168062960143,0.5593424727088093,0.22924600152322924
outcome_aware,4,0.3,0.05,0.06,0.03,3.0269493199324042,1.0042840822543793,0.10472201066260473,0.5531226199543031,0.2322924600152323
outcome_aware,4,0.1,0.05,0.06,0.06,3.0269836730790076,1.0035859355166286,0.10415079969535415,0.5518532622493019,0.2321020563594821
outcome_aware,5,0.2,0.05,0.0,0.01,3.027019005750156,1.0052361005331303,0.10288144199035289,0.5543919776593044,0.23153084539223154
outcome_aware,5,0.4,0.1,0.06,0.06,3.0270613337323513,1.006124650926631,0.10224676313785225,0.5568672251840568,0.23000761614623
outcome_aware,5,0.2,0.05,0.06,0.0,3.0271209402077406,1.0064737242955064,0.10186595582635187,0.5558517390200558,0.22962680883472963
outcome_aware,4,0.3,0.05,0.03,0.03,3.0271440910721368,1.0038398070576289,0.10548362528560548,0.5526783447575527,0.23362528560548362
outcome_aware,5,0.0,0.05,0.06,0.01,3.02721522121803,1.0063467885250064,0.10123127697385123,0.5552170601675552,0.2288017263264788
outcome_aware,5,0.2,0.05,0.03,0.01,3.027416289854268,1.0055217060167556,0.10256410256410256,0.5545823813150546,0.23000761614623
outcome_aware,5,0.1,0.05,0.06,0.0,3.027445769703917,1.0065689261233817,0.10142168062960143,0.5555978674790556,0.22892866209697893
outcome_aware,5,0.0,0.05,0.03,0.03,3.0274738704450015,1.0051408987052552,0.10237369890835238,0.554011170347804,0.23026148768723026
outcome_aware,5,0.4,0.1,0.0,0.06,3.027493144921086,1.005077430820005,0.10370652449860371,0.555978674790556,0.23197512058898198
outcome_aware,5,0.1,0.05,0.0,0.03,3.027495880364253,1.004823559279005,0.10281797410510282,0.5533764914953033,0.23121350596598123
outcome_aware,4,0.4,0.05,0.06,0.0,3.027576728728739,1.00504569687738,0.10434120335110435,0.553947702462554,0.2321020563594821
outcome_aware,4,0.4,0.05,0.0,0.01,3.027663488804738,1.0037128712871286,0.10542015740035542,0.5523610053313024,0.2341964965727342
outcome_aware,5,0.2,0.05,0.06,0.01,3.027730993408165,1.006156384869256,0.10167555217060167,0.5551535922823052,0.22930946940847932
outcome_aware,5,0.4,0.1,0.1,0.0,3.0277317774954255,1.0091711094186342,0.10173902005585174,0.5597867479055598,0.22956334094947956
outcome_aware,5,0.1,0.05,0.03,0.01,3.027855699170491,1.0057438436151307,0.10211982736735212,0.5545189134298045,0.22924600152322924
outcome_aware,4,0.3,0.05,0.1,0.06,3.027862763439207,1.0035859355166286,0.10478547854785479,0.5522340695608022,0.23165778116273167
outcome_aware,5,0.4,0.1,0.1,0.06,3.027920829635302,1.0062833206397563,0.10199289159685199,0.5566768215283067,0.22892866209697893
outcome_aware,5,0.2,0.05,0.0,0.03,3.0279588711755157,1.0046648895658796,0.10326224930185327,0.5533130236100533,0.23203858847423203
outcome_aware,4,0.3,0.05,0.1,0.0,3.028036408014261,1.0065054582381314,0.10408733181010409,0.5554709317085554,0.23184818481848185
outcome_aware,5,0.0,0.05,0.1,0.01,3.028144631239146,1.0075844122873825,0.10135821274435136,0.5565498857578065,0.2294998730642295
outcome_aware,4,0.4,0.05,0.03,0.0,3.0281602890230763,1.00491876110688,0.10497588220360497,0.5534399593805535,0.23292713886773292
outcome_aware,5,0.0,0.05,0.1,0.03,3.028227189862846,1.006092916984006,0.10186595582635187,0.5553439959380554,0.2291190657527291
outcome_aware,4,0.4,0.05,0.03,0.01,3.028265094444753,1.0042840822543793,0.10491241431835491,0.5527418126428028,0.23254633155623256
outcome_aware,5,0.1,0.05,0.1,0.01,3.028419606002414,1.0075526783447575,0.10135821274435136,0.5564229499873065,0.22943640517897942
outcome_aware,5,0.2,0.05,0.1,0.01,3.028509890992483,1.0074892104595075,0.10154861640010154,0.5564229499873065,0.22962680883472963
outcome_aware,4,0.4,0.05,0.06,0.01,3.0286225201920076,1.0046966235085046,0.10421426758060422,0.5532495557248033,0.23178471693323177
outcome_aware,5,0.4,0.1,0.1,0.03,3.0287507144462413,1.0079652195988829,0.10142168062960143,0.5578192434628079,0.22873825844122875
outcome_aware,5,0.1,0.05,0.06,0.01,3.0287688220421476,1.0064102564102564,0.10116780908860117,0.5547727849708047,0.22854785478547854
outcome_aware,5,0.1,0.05,0.1,0.03,3.0289150555296662,1.006124650926631,0.10186595582635187,0.5552170601675552,0.2291190657527291
outcome_aware,5,0.2,0.05,0.06,0.03,3.028936977441237,1.0055217060167556,0.10224676313785225,0.554011170347804,0.22956334094947956
outcome_aware,4,0.4,0.05,0.1,0.01,3.0289559853322228,1.0058390454430057,0.10408733181010409,0.5545823813150546,0.23178471693323177
outcome_aware,4,0.4,0.05,0.06,0.03,3.0290573861005736,1.004030210713379,0.10503935008885504,0.5524879411018024,0.23248286367098248
outcome_aware,5,0.2,0.05,0.1,0.03,3.0291506442846114,1.006092916984006,0.10199289159685199,0.5551535922823052,0.22924600152322924
outcome_aware,4,0.3,0.05,0.0,0.06,3.029180965934519,1.0027925869510028,0.10592790048235592,0.5502030972328003,0.23521198273673521
outcome_aware,5,0.1,0.05,0.03,0.03,3.029181658427692,1.005077430820005,0.10237369890835238,0.5534399593805535,0.23000761614623
outcome_aware,4,0.4,0.05,0.0,0.03,3.02922048484334,1.0034272658035035,0.10554709317085555,0.5512185833968012,0.2345138359989845
outcome_aware,5,0.0,0.05,0.0,0.06,3.0294362094964207,1.0043475501396293,0.10269103833460269,0.5516628585935517,0.2319116527037319
outcome_aware,5,0.0,0.05,0.06,0.03,3.029452395256522,1.0058073115003807,0.1018024879411018,0.5538207666920538,0.22892866209697893
outcome_aware,5,0.2,0.05,0.03,0.03,3.0294588047573097,1.004950495049505,0.10275450621985276,0.5533764914953033,0.23057882711348057
outcome_aware,5,0.0,0.05,0.1,0.06,3.029557715034043,1.0046966235085046,0.10199289159685199,0.5528687484133029,0.22861132267072862
outcome_aware,4,0.4,0.05,0.03,0.03,3.02961079322423,1.0036811373445036,0.10554709317085555,0.5517897943640518,0.23356181772023357
outcome_aware,5,0.3,0.05,0.0,0.0,3.0298953554683816,1.0054582381315054,0.10307184564610307,0.5542650418888042,0.23115003808073115
outcome_aware,5,0.2,0.05,0.1,0.0,3.030195327740919,1.0079334856562578,0.10167555217060167,0.5565498857578065,0.2294998730642295
outcome_aware,5,0.0,0.05,0.1,0.0,3.030197088849416,1.007996953541508,0.10142168062960143,0.5564864178725565,0.22924600152322924
outcome_aware,4,0.3,0.05,0.06,0.06,3.03023900728835,1.0035224676313785,0.10465854277735466,0.5512185833968012,0.23235592790048235
outcome_aware,5,0.1,0.05,0.06,0.03,3.0302584937596824,1.005870779385631,0.10173902005585174,0.5535668951510536,0.22886519421172888
outcome_aware,5,0.1,0.05,0.1,0.0,3.0303064670628013,1.007996953541508,0.10142168062960143,0.5564229499873065,0.2291825336379792
outcome_aware,5,0.2,0.05,0.1,0.06,3.030306935370926,1.0047283574511297,0.10224676313785225,0.5528687484133029,0.2288017263264788
outcome_aware,5,0.1,0.05,0.1,0.06,3.030413924498522,1.00479182533638,0.10199289159685199,0.5527418126428028,0.22854785478547854
outcome_aware,4,0.4,0.05,0.1,0.03,3.0304651612738387,1.0047283574511297,0.10478547854785479,0.5536303630363036,0.23203858847423203
outcome_aware,5,0.0,0.05,0.03,0.06,3.0305653113785453,1.0042206143691292,0.10262757044935263,0.5517263264788017,0.23076923076923078
outcome_aware,4,0.4,0.05,0.1,0.0,3.0308020532623607,1.0063150545823814,0.10421426758060422,0.5545189134298045,0.23172124904798172
outcome_aware,5,0.3,0.05,0.06,0.0,3.0310591849144584,1.0065371921807564,0.10224676313785225,0.555026656511805,0.22962680883472963
outcome_aware,4,0.3,0.05,0.03,0.06,3.0310754714495305,1.0031099263772532,0.10542015740035542,0.5503935008885504,0.2338156892612338
outcome_aware,5,0.3,0.05,0.03,0.0,3.031080207399016,1.0062515866971313,0.10294490987560294,0.5546458492003047,0.23051535922823052
outcome_aware,5,0.3,0.05,0.0,0.01,3.0311226098425386,1.0052361005331303,0.1031987814166032,0.5535034272658035,0.2315943132774816
outcome_aware,5,0.1,0.05,0.0,0.06,3.031261209021692,1.0041888804265042,0.10275450621985276,0.550964711855801,0.2315943132774816
outcome_aware,5,0.3,0.05,0.03,0.01,3.0313216126987212,1.0055534399593806,0.10288144199035289,0.5538207666920538,0.22994414826097995
outcome_aware,4,0.4,0.05,0.0,0.06,3.0313606357492464,1.0025387154100025,0.10618177202335619,0.5495049504950495,0.23527545062198527
outcome_aware,5,0.2,0.05,0.03,0.06,3.031562057086545,1.003966742828129,0.10294490987560294,0.5513455191673013,0.23102310231023102
outcome_aware,4,0.4,0.05,0.1,0.06,3.0315854618059515,1.0035542015740035,0.10497588220360497,0.5514724549378015,0.2319116527037319
outcome_aware,5,0.2,0.05,0.0,0.06,3.031595422792817,1.003966742828129,0.1031987814166032,0.5509012439705508,0.23222899212998224
outcome_aware,5,0.3,0.05,0.06,0.01,3.0319694103035864,1.0062515866971313,0.10199289159685199,0.5542650418888042,0.2291825336379792
outcome_aware,5,0.0,0.05,0.06,0.06,3.031985752839334,1.004950495049505,0.10186595582635187,0.5522340695608022,0.22969027671997969
outcome_aware,5,0.1,0.05,0.03,0.06,3.0321324913656276,1.0042206143691292,0.10256410256410256,0.5511551155115512,0.23045189134298044
outcome_aware,5,0.3,0.05,0.0,0.03,3.032376503658901,1.00479182533638,0.1033891850723534,0.5523610053313024,0.23197512058898198
outcome_aware,5,0.3,0.05,0.1,0.03,3.032416098575424,1.006188118811881,0.10231023102310231,0.5544554455445545,0.22924600152322924
outcome_aware,5,0.4,0.05,0.0,0.0,3.03250166155566,1.0051408987052552,0.1031987814166032,0.5531860878395531,0.2310865701954811
outcome_aware,4,0.4,0.05,0.03,0.06,3.032619557133754,1.0028877887788779,0.10573749682660574,0.5498857578065499,0.23406956080223407
outcome_aware,5,0.3,0.05,0.1,0.01,3.032984149989145,1.0076796141152577,0.10173902005585174,0.5554074638233054,0.22937293729372937
outcome_aware,5,0.2,0.05,0.06,0.06,3.033037426325817,1.00479182533638,0.10211982736735212,0.5519167301345519,0.22975374460522976
outcome_aware,4,0.1,0.0,0.0,0.01,3.0331367668707605,1.0022531099263772,0.10516628585935517,0.5465854277735466,0.23476770753998477
outcome_aware,4,0.3,0.0,0.0,0.01,3.0331367668707605,1.0022531099263772,0.10516628585935517,0.5465854277735466,0.23476770753998477
outcome_aware,4,0.2,0.0,0.0,0.01,3.0331367668707605,1.0022531099263772,0.10516628585935517,0.5465854277735466,0.23476770753998477
outcome_aware,4,0.4,0.0,0.0,0.01,3.0331367668707605,1.0022531099263772,0.10516628585935517,0.5465854277735466,0.23476770753998477
outcome_aware,4,0.0,0.0,0.0,0.01,3.0331367668707605,1.0022531099263772,0.10516628585935517,0.5465854277735466,0.23476770753998477
outcome_aware,5,0.3,0.05,0.03,0.03,3.033196272696048,1.00504569687738,0.10307184564610307,0.5526783447575527,0.23064229499873065
outcome_aware,5,0.1,0.05,0.06,0.06,3.0332563089060445,1.00498222899213,0.10186595582635187,0.5518532622493019,0.22943640517897942
outcome_aware,4,0.0,0.0,0.0,0.0,3.0333723912032,1.0028560548362528,0.10472201066260473,0.5467758314292968,0.23400609291698402
outcome_aware,4,0.2,0.0,0.0,0.0,3.0333723912032,1.0028560548362528,0.10472201066260473,0.5467758314292968,0.23400609291698402
outcome_aware,4,0.4,0.0,0.0,0.0,3.0333723912032,1.0028560548362528,0.10472201066260473,0.5467758314292968,0.23400609291698402
outcome_aware,4,0.3,0.0,0.0,0.0,3.0333723912032,1.0028560548362528,0.10472201066260473,0.5467758314292968,0.23400609291698402
outcome_aware,4,0.1,0.0,0.0,0.0,3.0333723912032,1.0028560548362528,0.10472201066260473,0.5467758314292968,0.23400609291698402
outcome_aware,5,0.3,0.05,0.06,0.03,3.0334529165844364,1.0057121096725057,0.1025006346788525,0.5531226199543031,0.22943640517897942
outcome_aware,4,0.4,0.05,0.06,0.06,3.0334678215878492,1.0034272658035035,0.10491241431835491,0.5505204366590505,0.2326097994414826
outcome_aware,5,0.3,0.05,0.1,0.06,3.033563584699221,1.00485529322163,0.1025006346788525,0.5522340695608022,0.2288017263264788
outcome_aware,5,0.4,0.05,0.0,0.01,3.033862300247146,1.00498222899213,0.10326224930185327,0.5523610053313024,0.2314039096217314
outcome_aware,5,0.4,0.05,0.06,0.0,3.034060954173356,1.0064419903528814,0.10218329525260218,0.553947702462554,0.22937293729372937
outcome_aware,5,0.4,0.05,0.03,0.01,3.034115789497341,1.0054265041888804,0.10288144199035289,0.5527418126428028,0.22975374460522976
outcome_aware,5,0.4,0.05,0.03,0.0,3.0343638507112627,1.006188118811881,0.10288144199035289,0.5534399593805535,0.2301980198019802
outcome_aware,4,0.3,0.0,0.03,0.01,3.034726220411897,1.0032685960903782,0.10465854277735466,0.5472835745112973,0.23362528560548362
outcome_aware,4,0.1,0.0,0.03,0.01,3.034726220411897,1.0032685960903782,0.10465854277735466,0.5472835745112973,0.23362528560548362
outcome_aware,4,0.4,0.0,0.03,0.01,3.034726220411897,1.0032685960903782,0.10465854277735466,0.5472835745112973,0.23362528560548362
outcome_aware,4,0.2,0.0,0.03,0.01,3.034726220411897,1.0032685960903782,0.10465854277735466,0.5472835745112973,0.23362528560548362
outcome_aware,4,0.0,0.0,0.03,0.01,3.034726220411897,1.0032685960903782,0.10465854277735466,0.5472835745112973,0.23362528560548362
outcome_aware,4,0.0,0.0,0.03,0.03,3.0347834930104134,1.0025069814673775,0.10535668951510535,0.5464584920030464,0.23445036811373446
outcome_aware,4,0.2,0.0,0.03,0.03,3.0347834930104134,1.0025069814673775,0.10535668951510535,0.5464584920030464,0.23445036811373446
outcome_aware,4,0.1,0.0,0.03,0.03,3.0347834930104134,1.0025069814673775,0.10535668951510535,0.5464584920030464,0.23445036811373446
outcome_aware,4,0.3,0.0,0.03,0.03,3.0347834930104134,1.0025069814673775,0.10535668951510535,0.5464584920030464,0.23445036811373446
outcome_aware,4,0.4,0.0,0.03,0.03,3.0347834930104134,1.0025069814673775,0.10535668951510535,0.5464584920030464,0.23445036811373446
outcome_aware,5,0.4,0.05,0.06,0.01,3.0348689241599867,1.006124650926631,0.10205635948210205,0.5532495557248033,0.22905559786747906
outcome_aware,5,0.3,0.05,0.0,0.06,3.0349271400393447,1.004030210713379,0.1033891850723534,0.5502030972328003,0.23222899212998224
outcome_aware,5,0.3,0.05,0.1,0.0,3.0349535800081804,1.0081556232546331,0.10186595582635187,0.5554709317085554,0.22924600152322924
outcome_aware,4,0.3,0.0,0.06,0.0,3.0352464033793205,1.0042523483117543,0.10396039603960396,0.5486164001015487,0.23286367098248287
outcome_aware,4,0.1,0.0,0.06,0.0,3.0352464033793205,1.0042523483117543,0.10396039603960396,0.5486164001015487,0.23286367098248287
outcome_aware,4,0.2,0.0,0.06,0.0,3.0352464033793205,1.0042523483117543,0.10396039603960396,0.5486164001015487,0.23286367098248287
outcome_aware,4,0.0,0.0,0.06,0.0,3.0352464033793205,1.0042523483117543,0.10396039603960396,0.5486164001015487,0.23286367098248287
outcome_aware,4,0.4,0.0,0.06,0.0,3.0352464033793205,1.0042523483117543,0.10396039603960396,0.5486164001015487,0.23286367098248287
outcome_aware,5,0.4,0.05,0.0,0.03,3.0353424881521343,1.0046648895658796,0.1033891850723534,0.5512185833968012,0.23172124904798172
outcome_aware,5,0.4,0.05,0.06,0.03,3.0355609827526058,1.0054582381315054,0.10281797410510282,0.5524879411018024,0.22962680883472963
outcome_aware,5,0.4,0.05,0.03,0.03,3.0356629748481425,1.004887027164255,0.10313531353135313,0.5517897943640518,0.23057882711348057
outcome_aware,5,0.4,0.05,0.1,0.01,3.0357812886090803,1.0075209444021325,0.10192942371160194,0.5545823813150546,0.22937293729372937
outcome_aware,5,0.4,0.05,0.1,0.03,3.0360186922410115,1.006124650926631,0.1025006346788525,0.5536303630363036,0.22937293729372937
outcome_aware,4,0.4,0.0,0.03,0.0,3.0362225005594667,1.0036811373445036,0.10472201066260473,0.5472835745112973,0.23337141406448336
outcome_aware,4,0.1,0.0,0.03,0.0,3.0362225005594667,1.0036811373445036,0.10472201066260473,0.5472835745112973,0.23337141406448336
outcome_aware,4,0.3,0.0,0.03,0.0,3.0362225005594667,1.0036811373445036,0.10472201066260473,0.5472835745112973,0.23337141406448336
outcome_aware,4,0.0,0.0,0.03,0.0,3.0362225005594667,1.0036811373445036,0.10472201066260473,0.5472835745112973,0.23337141406448336
outcome_aware,4,0.2,0.0,0.03,0.0,3.0362225005594667,1.0036811373445036,0.10472201066260473,0.5472835745112973,0.23337141406448336
outcome_aware,4,0.4,0.0,0.06,0.03,3.036466851173327,1.0033637979182533,0.10446813912160446,0.5470297029702971,0.23324447829398323
outcome_aware,4,0.1,0.0,0.06,0.03,3.036466851173327,1.0033637979182533,0.10446813912160446,0.5470297029702971,0.23324447829398323
outcome_aware,4,0.3,0.0,0.06,0.03,3.036466851173327,1.0033637979182533,0.10446813912160446,0.5470297029702971,0.23324447829398323
outcome_aware,4,0.0,0.0,0.06,0.03,3.036466851173327,1.0033637979182533,0.10446813912160446,0.5470297029702971,0.23324447829398323
outcome_aware,4,0.2,0.0,0.06,0.03,3.036466851173327,1.0033637979182533,0.10446813912160446,0.5470297029702971,0.23324447829398323
outcome_aware,4,0.3,0.0,0.06,0.01,3.036471656155289,1.003998476770754,0.10389692815435389,0.547918253363798,0.23248286367098248
outcome_aware,4,0.1,0.0,0.06,0.01,3.036471656155289,1.003998476770754,0.10389692815435389,0.547918253363798,0.23248286367098248
outcome_aware,4,0.0,0.0,0.06,0.01,3.036471656155289,1.003998476770754,0.10389692815435389,0.547918253363798,0.23248286367098248
outcome_aware,4,0.2,0.0,0.06,0.01,3.036471656155289,1.003998476770754,0.10389692815435389,0.547918253363798,0.23248286367098248
outcome_aware,4,0.4,0.0,0.06,0.01,3.036471656155289,1.003998476770754,0.10389692815435389,0.547918253363798,0.23248286367098248
outcome_aware,5,0.3,0.05,0.06,0.06,3.0365116431153862,1.00491876110688,0.10237369890835238,0.5512185833968012,0.22969027671997969
outcome_aware,5,0.3,0.05,0.03,0.06,3.0366462850160443,1.0042840822543793,0.10313531353135313,0.5503935008885504,0.23089616653973088
outcome_aware,5,0.4,0.05,0.0,0.06,3.0371068098540723,1.0037763391723789,0.10364305661335364,0.5495049504950495,0.2322924600152323
outcome_aware,4,0.4,0.0,0.0,0.03,3.03719781351912,1.0020944402132521,0.10580096471185581,0.5447448591012948,0.2348946433104849
outcome_aware,4,0.1,0.0,0.0,0.03,3.03719781351912,1.0020944402132521,0.10580096471185581,0.5447448591012948,0.2348946433104849
outcome_aware,4,0.3,0.0,0.0,0.03,3.03719781351912,1.0020944402132521,0.10580096471185581,0.5447448591012948,0.2348946433104849
outcome_aware,4,0.0,0.0,0.0,0.03,3.03719781351912,1.0020944402132521,0.10580096471185581,0.5447448591012948,0.2348946433104849
outcome_aware,4,0.2,0.0,0.0,0.03,3.03719781351912,1.0020944402132521,0.10580096471185581,0.5447448591012948,0.2348946433104849
outcome_aware,5,0.4,0.05,0.1,0.06,3.037286283065966,1.004823559279005,0.10269103833460269,0.5514724549378015,0.22905559786747906
outcome_aware,5,0.4,0.05,0.1,0.0,3.03771922525628,1.0079652195988829,0.10199289159685199,0.5545189134298045,0.2291190657527291
outcome_aware,4,0.0,0.0,0.06,0.06,3.037739169244386,1.0023483117542524,0.10484894643310484,0.5461411525767962,0.23394262503173394
outcome_aware,4,0.1,0.0,0.06,0.06,3.037739169244386,1.0023483117542524,0.10484894643310484,0.5461411525767962,0.23394262503173394
outcome_aware,4,0.4,0.0,0.06,0.06,3.037739169244386,1.0023483117542524,0.10484894643310484,0.5461411525767962,0.23394262503173394
outcome_aware,4,0.3,0.0,0.06,0.06,3.037739169244386,1.0023483117542524,0.10484894643310484,0.5461411525767962,0.23394262503173394
outcome_aware,4,0.2,0.0,0.06,0.06,3.037739169244386,1.0023483117542524,0.10484894643310484,0.5461411525767962,0.23394262503173394
outcome_aware,5,0.4,0.05,0.03,0.06,3.0381903707002675,1.004061944656004,0.10345265295760345,0.5498857578065499,0.23115003808073115
outcome_aware,5,0.3,0.0,0.0,0.0,3.039133911882724,1.003903274942879,0.10269103833460269,0.5467758314292968,0.23134044173648133
outcome_aware,5,0.2,0.0,0.0,0.0,3.039133911882724,1.003903274942879,0.10269103833460269,0.5467758314292968,0.23134044173648133
outcome_aware,5,0.1,0.0,0.0,0.0,3.039133911882724,1.003903274942879,0.10269103833460269,0.5467758314292968,0.23134044173648133
outcome_aware,5,0.0,0.0,0.0,0.0,3.039133911882724,1.003903274942879,0.10269103833460269,0.5467758314292968,0.23134044173648133
outcome_aware,5,0.4,0.0,0.0,0.0,3.039133911882724,1.003903274942879,0.10269103833460269,0.5467758314292968,0.23134044173648133
outcome_aware,4,0.4,0.0,0.1,0.06,3.0393022798591476,1.0032051282051282,0.10434120335110435,0.5467123635440467,0.23267326732673269
outcome_aware,4,0.0,0.0,0.1,0.06,3.0393022798591476,1.0032051282051282,0.10434120335110435,0.5467123635440467,0.23267326732673269
outcome_aware,4,0.3,0.0,0.1,0.06,3.0393022798591476,1.0032051282051282,0.10434120335110435,0.5467123635440467,0.23267326732673269
outcome_aware,4,0.2,0.0,0.1,0.06,3.0393022798591476,1.0032051282051282,0.10434120335110435,0.5467123635440467,0.23267326732673269
outcome_aware,4,0.1,0.0,0.1,0.06,3.0393022798591476,1.0032051282051282,0.10434120335110435,0.5467123635440467,0.23267326732673269
outcome_aware,5,0.3,0.0,0.0,0.01,3.0393355783131675,1.0035224676313785,0.103008377760853,0.5465854277735466,0.23197512058898198
outcome_aware,5,0.4,0.0,0.0,0.01,3.0393355783131675,1.0035224676313785,0.103008377760853,0.5465854277735466,0.23197512058898198
outcome_aware,5,0.2,0.0,0.0,0.01,3.0393355783131675,1.0035224676313785,0.103008377760853,0.5465854277735466,0.23197512058898198
outcome_aware,5,0.0,0.0,0.0,0.01,3.0393355783131675,1.0035224676313785,0.103008377760853,0.5465854277735466,0.23197512058898198
outcome_aware,5,0.1,0.0,0.0,0.01,3.0393355783131675,1.0035224676313785,0.103008377760853,0.5465854277735466,0.23197512058898198
outcome_aware,5,0.4,0.05,0.06,0.06,3.039740457414886,1.004823559279005,0.10262757044935263,0.5505204366590505,0.22994414826097995
outcome_aware,4,0.1,0.0,0.1,0.03,3.0403947836323435,1.0044427519675045,0.10402386392485402,0.5475374460522975,0.2321020563594821
outcome_aware,4,0.4,0.0,0.1,0.03,3.0403947836323435,1.0044427519675045,0.10402386392485402,0.5475374460522975,0.2321020563594821
outcome_aware,4,0.3,0.0,0.1,0.03,3.0403947836323435,1.0044427519675045,0.10402386392485402,0.5475374460522975,0.2321020563594821
outcome_aware,4,0.2,0.0,0.1,0.03,3.0403947836323435,1.0044427519675045,0.10402386392485402,0.5475374460522975,0.2321020563594821
outcome_aware,4,0.0,0.0,0.1,0.03,3.0403947836323435,1.0044427519675045,0.10402386392485402,0.5475374460522975,0.2321020563594821
outcome_aware,5,0.2,0.0,0.03,0.01,3.0405769154644853,1.0044110180248793,0.10262757044935263,0.5472835745112973,0.23083269865448083
outcome_aware,5,0.3,0.0,0.03,0.01,3.0405769154644853,1.0044110180248793,0.10262757044935263,0.5472835745112973,0.23083269865448083
outcome_aware,5,0.1,0.0,0.03,0.01,3.0405769154644853,1.0044110180248793,0.10262757044935263,0.5472835745112973,0.23083269865448083
outcome_aware,5,0.0,0.0,0.03,0.01,3.0405769154644853,1.0044110180248793,0.10262757044935263,0.5472835745112973,0.23083269865448083
outcome_aware,5,0.4,0.0,0.03,0.01,3.0405769154644853,1.0044110180248793,0.10262757044935263,0.5472835745112973,0.23083269865448083
outcome_aware,5,0.0,0.0,0.03,0.03,3.0408356746343252,1.0037128712871286,0.10294490987560294,0.5464584920030464,0.23146737750698146
outcome_aware,5,0.1,0.0,0.03,0.03,3.0408356746343252,1.0037128712871286,0.10294490987560294,0.5464584920030464,0.23146737750698146
outcome_aware,5,0.4,0.0,0.03,0.03,3.0408356746343252,1.0037128712871286,0.10294490987560294,0.5464584920030464,0.23146737750698146
outcome_aware,5,0.3,0.0,0.03,0.03,3.0408356746343252,1.0037128712871286,0.10294490987560294,0.5464584920030464,0.23146737750698146
outcome_aware,5,0.2,0.0,0.03,0.03,3.0408356746343252,1.0037128712871286,0.10294490987560294,0.5464584920030464,0.23146737750698146
outcome_aware,4,0.3,0.0,0.1,0.0,3.0414040874514043,1.005965981213506,0.10402386392485402,0.5489337395277989,0.23203858847423203
outcome_aware,4,0.4,0.0,0.1,0.0,3.0414040874514043,1.005965981213506,0.10402386392485402,0.5489337395277989,0.23203858847423203
outcome_aware,4,0.1,0.0,0.1,0.0,3.0414040874514043,1.005965981213506,0.10402386392485402,0.5489337395277989,0.23203858847423203
outcome_aware,4,0.2,0.0,0.1,0.0,3.0414040874514043,1.005965981213506,0.10402386392485402,0.5489337395277989,0.23203858847423203
outcome_aware,4,0.0,0.0,0.1,0.0,3.0414040874514043,1.005965981213506,0.10402386392485402,0.5489337395277989,0.23203858847423203
outcome_aware,4,0.3,0.0,0.03,0.06,3.0416929681231286,1.002030972328002,0.10580096471185581,0.5439832444782939,0.23476770753998477
outcome_aware,4,0.2,0.0,0.03,0.06,3.0416929681231286,1.002030972328002,0.10580096471185581,0.5439832444782939,0.23476770753998477
outcome_aware,4,0.0,0.0,0.03,0.06,3.0416929681231286,1.002030972328002,0.10580096471185581,0.5439832444782939,0.23476770753998477
outcome_aware,4,0.1,0.0,0.03,0.06,3.0416929681231286,1.002030972328002,0.10580096471185581,0.5439832444782939,0.23476770753998477
outcome_aware,4,0.4,0.0,0.03,0.06,3.0416929681231286,1.002030972328002,0.10580096471185581,0.5439832444782939,0.23476770753998477
outcome_aware,5,0.4,0.0,0.06,0.0,3.041730628823937,1.0056486417872557,0.1018024879411018,0.5486164001015487,0.23013455191673013
outcome_aware,5,0.0,0.0,0.06,0.0,3.041730628823937,1.0056486417872557,0.1018024879411018,0.5486164001015487,0.23013455191673013
outcome_aware,5,0.2,0.0,0.06,0.0,3.041730628823937,1.0056486417872557,0.1018024879411018,0.5486164001015487,0.23013455191673013
outcome_aware,5,0.1,0.0,0.06,0.0,3.041730628823937,1.0056486417872557,0.1018024879411018,0.5486164001015487,0.23013455191673013
outcome_aware,5,0.3,0.0,0.06,0.0,3.041730628823937,1.0056486417872557,0.1018024879411018,0.5486164001015487,0.23013455191673013
outcome_aware,4,0.1,0.0,0.1,0.01,3.0422126050351017,1.0056169078446306,0.10376999238385377,0.5482355927900482,0.23172124904798172
outcome_aware,4,0.2,0.0,0.1,0.01,3.0422126050351017,1.0056169078446306,0.10376999238385377,0.5482355927900482,0.23172124904798172
outcome_aware,4,0.0,0.0,0.1,0.01,3.0422126050351017,1.0056169078446306,0.10376999238385377,0.5482355927900482,0.23172124904798172
outcome_aware,4,0.3,0.0,0.1,0.01,3.0422126050351017,1.0056169078446306,0.10376999238385377,0.5482355927900482,0.23172124904798172
outcome_aware,4,0.4,0.0,0.1,0.01,3.0422126050351017,1.0056169078446306,0.10376999238385377,0.5482355927900482,0.23172124904798172
outcome_aware,5,0.3,0.0,0.03,0.0,3.042426062247653,1.004950495049505,0.10262757044935263,0.5472835745112973,0.23064229499873065
outcome_aware,5,0.2,0.0,0.03,0.0,3.042426062247653,1.004950495049505,0.10262757044935263,0.5472835745112973,0.23064229499873065
outcome_aware,5,0.0,0.0,0.03,0.0,3.042426062247653,1.004950495049505,0.10262757044935263,0.5472835745112973,0.23064229499873065
outcome_aware,5,0.1,0.0,0.03,0.0,3.042426062247653,1.004950495049505,0.10262757044935263,0.5472835745112973,0.23064229499873065
outcome_aware,5,0.4,0.0,0.03,0.0,3.042426062247653,1.004950495049505,0.10262757044935263,0.5472835745112973,0.23064229499873065
outcome_aware,5,0.3,0.0,0.06,0.01,3.042718060123269,1.0054265041888804,0.10173902005585174,0.547918253363798,0.22975374460522976
outcome_aware,5,0.0,0.0,0.06,0.01,3.042718060123269,1.0054265041888804,0.10173902005585174,0.547918253363798,0.22975374460522976
outcome_aware,5,0.2,0.0,0.06,0.01,3.042718060123269,1.0054265041888804,0.10173902005585174,0.547918253363798,0.22975374460522976
outcome_aware,5,0.1,0.0,0.06,0.01,3.042718060123269,1.0054265041888804,0.10173902005585174,0.547918253363798,0.22975374460522976
outcome_aware,5,0.4,0.0,0.06,0.01,3.042718060123269,1.0054265041888804,0.10173902005585174,0.547918253363798,0.22975374460522976
outcome_aware,5,0.4,0.0,0.06,0.03,3.042970447825358,1.00479182533638,0.10224676313785225,0.5470297029702971,0.2303884234577304
outcome_aware,5,0.0,0.0,0.06,0.03,3.042970447825358,1.00479182533638,0.10224676313785225,0.5470297029702971,0.2303884234577304
outcome_aware,5,0.1,0.0,0.06,0.03,3.042970447825358,1.00479182533638,0.10224676313785225,0.5470297029702971,0.2303884234577304
outcome_aware,5,0.2,0.0,0.06,0.03,3.042970447825358,1.00479182533638,0.10224676313785225,0.5470297029702971,0.2303884234577304
outcome_aware,5,0.3,0.0,0.06,0.03,3.042970447825358,1.00479182533638,0.10224676313785225,0.5470297029702971,0.2303884234577304
outcome_aware,5,0.3,0.0,0.0,0.03,3.0433198168279145,1.0033320639756282,0.10364305661335364,0.5447448591012948,0.2321020563594821
outcome_aware,5,0.1,0.0,0.0,0.03,3.0433198168279145,1.0033320639756282,0.10364305661335364,0.5447448591012948,0.2321020563594821
outcome_aware,5,0.4,0.0,0.0,0.03,3.0433198168279145,1.0033320639756282,0.10364305661335364,0.5447448591012948,0.2321020563594821
outcome_aware,5,0.2,0.0,0.0,0.03,3.0433198168279145,1.0033320639756282,0.10364305661335364,0.5447448591012948,0.2321020563594821
outcome_aware,5,0.0,0.0,0.0,0.03,3.0433198168279145,1.0033320639756282,0.10364305661335364,0.5447448591012948,0.2321020563594821
outcome_aware,5,0.1,0.0,0.06,0.06,3.0440118050714227,1.0037446052297538,0.10256410256410256,0.5461411525767962,0.23127697385123128
outcome_aware,5,0.2,0.0,0.06,0.06,3.0440118050714227,1.0037446052297538,0.10256410256410256,0.5461411525767962,0.23127697385123128
outcome_aware,5,0.0,0.0,0.06,0.06,3.0440118050714227,1.0037446052297538,0.10256410256410256,0.5461411525767962,0.23127697385123128
outcome_aware,5,0.3,0.0,0.06,0.06,3.0440118050714227,1.0037446052297538,0.10256410256410256,0.5461411525767962,0.23127697385123128
outcome_aware,5,0.4,0.0,0.06,0.06,3.0440118050714227,1.0037446052297538,0.10256410256410256,0.5461411525767962,0.23127697385123128
outcome_aware,5,0.2,0.0,0.1,0.06,3.045003101119162,1.0044744859101296,0.10205635948210205,0.5467123635440467,0.22981721249047982
outcome_aware,5,0.1,0.0,0.1,0.06,3.045003101119162,1.0044744859101296,0.10205635948210205,0.5467123635440467,0.22981721249047982
outcome_aware,5,0.4,0.0,0.1,0.06,3.045003101119162,1.0044744859101296,0.10205635948210205,0.5467123635440467,0.22981721249047982
outcome_aware,5,0.0,0.0,0.1,0.06,3.045003101119162,1.0044744859101296,0.10205635948210205,0.5467123635440467,0.22981721249047982
outcome_aware,5,0.3,0.0,0.1,0.06,3.045003101119162,1.0044744859101296,0.10205635948210205,0.5467123635440467,0.22981721249047982
outcome_aware,4,0.3,0.0,0.0,0.06,3.0452477510816998,1.0018088347296268,0.107006854531607,0.542015740035542,0.23629093678598628
outcome_aware,4,0.4,0.0,0.0,0.06,3.0452477510816998,1.0018088347296268,0.107006854531607,0.542015740035542,0.23629093678598628
outcome_aware,4,0.2,0.0,0.0,0.06,3.0452477510816998,1.0018088347296268,0.107006854531607,0.542015740035542,0.23629093678598628
outcome_aware,4,0.1,0.0,0.0,0.06,3.0452477510816998,1.0018088347296268,0.107006854531607,0.542015740035542,0.23629093678598628
outcome_aware,4,0.0,0.0,0.0,0.06,3.0452477510816998,1.0018088347296268,0.107006854531607,0.542015740035542,0.23629093678598628
outcome_aware,5,0.0,0.0,0.1,0.03,3.0459483145995168,1.0058390454430057,0.10173902005585174,0.5475374460522975,0.22943640517897942
outcome_aware,5,0.4,0.0,0.1,0.03,3.0459483145995168,1.0058390454430057,0.10173902005585174,0.5475374460522975,0.22943640517897942
outcome_aware,5,0.3,0.0,0.1,0.03,3.0459483145995168,1.0058390454430057,0.10173902005585174,0.5475374460522975,0.22943640517897942
outcome_aware,5,0.2,0.0,0.1,0.03,3.0459483145995168,1.0058390454430057,0.10173902005585174,0.5475374460522975,0.22943640517897942
outcome_aware,5,0.1,0.0,0.1,0.03,3.0459483145995168,1.0058390454430057,0.10173902005585174,0.5475374460522975,0.22943640517897942
outcome_aware,5,0.2,0.0,0.03,0.06,3.047263781689642,1.0032051282051282,0.10351612084285351,0.5439832444782939,0.23184818481848185
outcome_aware,5,0.0,0.0,0.03,0.06,3.047263781689642,1.0032051282051282,0.10351612084285351,0.5439832444782939,0.23184818481848185
outcome_aware,5,0.1,0.0,0.03,0.06,3.047263781689642,1.0032051282051282,0.10351612084285351,0.5439832444782939,0.23184818481848185
outcome_aware,5,0.3,0.0,0.03,0.06,3.047263781689642,1.0032051282051282,0.10351612084285351,0.5439832444782939,0.23184818481848185
outcome_aware,5,0.4,0.0,0.03,0.06,3.047263781689642,1.0032051282051282,0.10351612084285351,0.5439832444782939,0.23184818481848185
outcome_aware,5,0.2,0.0,0.1,0.0,3.048321259445324,1.0076161462300077,0.1018024879411018,0.5489337395277989,0.22943640517897942
outcome_aware,5,0.0,0.0,0.1,0.0,3.048321259445324,1.0076161462300077,0.1018024879411018,0.5489337395277989,0.22943640517897942
outcome_aware,5,0.3,0.0,0.1,0.0,3.048321259445324,1.0076161462300077,0.1018024879411018,0.5489337395277989,0.22943640517897942
outcome_aware,5,0.4,0.0,0.1,0.0,3.048321259445324,1.0076161462300077,0.1018024879411018,0.5489337395277989,0.22943640517897942
outcome_aware,5,0.1,0.0,0.1,0.0,3.048321259445324,1.0076161462300077,0.1018024879411018,0.5489337395277989,0.22943640517897942
outcome_aware,5,0.0,0.0,0.1,0.01,3.0490379083119596,1.0072988068037574,0.10161208428535161,0.5482355927900482,0.22930946940847932
outcome_aware,5,0.1,0.0,0.1,0.01,3.0490379083119596,1.0072988068037574,0.10161208428535161,0.5482355927900482,0.22930946940847932
outcome_aware,5,0.2,0.0,0.1,0.01,3.0490379083119596,1.0072988068037574,0.10161208428535161,0.5482355927900482,0.22930946940847932
outcome_aware,5,0.3,0.0,0.1,0.01,3.0490379083119596,1.0072988068037574,0.10161208428535161,0.5482355927900482,0.22930946940847932
outcome_aware,5,0.4,0.0,0.1,0.01,3.0490379083119596,1.0072988068037574,0.10161208428535161,0.5482355927900482,0.22930946940847932
outcome_aware,5,0.4,0.0,0.0,0.06,3.0509939251865257,1.0030464584920031,0.10446813912160446,0.542015740035542,0.2333079461792333
outcome_aware,5,0.3,0.0,0.0,0.06,3.0509939251865257,1.0030464584920031,0.10446813912160446,0.542015740035542,0.2333079461792333
outcome_aware,5,0.1,0.0,0.0,0.06,3.0509939251865257,1.0030464584920031,0.10446813912160446,0.542015740035542,0.2333079461792333
outcome_aware,5,0.0,0.0,0.0,0.06,3.0509939251865257,1.0030464584920031,0.10446813912160446,0.542015740035542,0.2333079461792333
outcome_aware,5,0.2,0.0,0.0,0.06,3.0509939251865257,1.0030464584920031,0.10446813912160446,0.542015740035542,0.2333079461792333
